"DT_GERACAO";"HH_GERACAO";"ANO_ELEICAO";"CD_TIPO_ELEICAO";"NM_TIPO_ELEICAO";"NR_TURNO";"CD_ELEICAO";"DS_ELEICAO";"DT_ELEICAO";"TP_ABRANGENCIA";"SG_UF";"SG_UE";"NM_UE";"CD_MUNICIPIO";"NM_MUNICIPIO";"NR_ZONA";"CD_CARGO";"DS_CARGO";"SQ_CANDIDATO";"NR_CANDIDATO";"NM_CANDIDATO";"NM_URNA_CANDIDATO";"NM_SOCIAL_CANDIDATO";"CD_SITUACAO_CANDIDATURA";"DS_SITUACAO_CANDIDATURA";"CD_DETALHE_SITUACAO_CAND";"DS_DETALHE_SITUACAO_CAND";"CD_SITUACAO_JULGAMENTO";"DS_SITUACAO_JULGAMENTO";"CD_SITUACAO_CASSACAO";"DS_SITUACAO_CASSACAO";"CD_SITUACAO_DIPLOMA";"DS_SITUACAO_DIPLOMA";"TP_AGREMIACAO";"NR_PARTIDO";"SG_PARTIDO";"NM_PARTIDO";"NR_FEDERACAO";"NM_FEDERACAO";"SG_FEDERACAO";"DS_COMPOSICAO_FEDERACAO";"SQ_COLIGACAO";"NM_COLIGACAO";"DS_COMPOSICAO_COLIGACAO";"ST_VOTO_EM_TRANSITO";"QT_VOTOS_NOMINAIS";"NM_TIPO_DESTINACAO_VOTOS";"QT_VOTOS_NOMINAIS_VALIDOS";"CD_SIT_TOT_TURNO";"DS_SIT_TOT_TURNO"
"13/11/2024";"10:56:11";"2018";"2";"Eleição Ordinária";"1";"295";"ELEIÇÃO GERAL FEDERAL 2018";"07/10/2018";"F";"AC";"BR";"BRASIL";"1554";"MANOEL URBANO";"3";"1";"Presidente";"280000601016";"50";"GUILHERME CASTRO BOULOS";"GUILHERME BOULOS";"#NULO#";"12";"APTO";"2";"DEFERIDO";"-3";"#NE";"-3";"#NE";"-3";"#NE";"COLIGAÇÃO";"50";"PSOL";"Partido Socialismo e Liberdade";"-1";"#NULO#";"#NULO#";"#NULO#";"280000050035";"VAMOS SEM MEDO DE MUDAR O BRASIL";"PSOL / PCB";"N";"24";"Válido";"24";"4";"NÃO ELEITO"
"13/11/2024";"10:56:11";"2018";"2";"Eleição Ordinária";"1";"295";"ELEIÇÃO GERAL FEDERAL 2018";"07/10/2018";"F";"AC";"BR";"BRASIL";"1066";"PORTO WALTER";"4";"1";"Presidente";"280000601016";"50";"GUILHERME CASTRO BOULOS";"GUILHERME BOULOS";"#NULO#";"12";"APTO";"2";"DEFERIDO";"-3";"#NE";"-3";"#NE";"-3";"#NE";"COLIGAÇÃO";"50";"PSOL";"Partido Socialismo e Liberdade";"-1";"#NULO#";"#NULO#";"#NULO#";"280000050035";"VAMOS SEM MEDO DE MUDAR O BRASIL";"PSOL / PCB";"N";"12";"Válido";"12";"4";"NÃO ELEITO"
"13/11/2024";"10:56:11";"2018";"2";"Eleição Ordinária";"1";"295";"ELEIÇÃO GERAL FEDERAL 2018";"07/10/2018";"F";"AC";"BR";"BRASIL";"1554";"MANOEL URBANO";"3";"1";"Presidente";"280000622281";"15";"HENRIQUE DE CAMPOS MEIRELLES";"HENRIQUE MEIRELLES";"#NULO#";"12";"APTO";"2";"DEFERIDO";"-3";"#NE";"-3";"#NE";"-3";"#NE";"COLIGAÇÃO";"15";"MDB";"Movimento Democrático Brasileiro";"-1";"#NULO#";"#NULO#";"#NULO#";"280000050592";"ESSA É A SOLUÇÃO";"MDB / PHS";"N";"134";"Válido";"134";"4";"NÃO ELEITO"
"13/11/2024";"10:56:11";"2018";"2";"Eleição Ordinária";"1";"295";"ELEIÇÃO GERAL FEDERAL 2018";"07/10/2018";"F";"AC";"BR";"BRASIL";"1066";"PORTO WALTER";"4";"1";"Presidente";"280000622281";"15";"HENRIQUE DE CAMPOS MEIRELLES";"HENRIQUE MEIRELLES";"#NULO#";"12";"APTO";"2";"DEFERIDO";"-3";"#NE";"-3";"#NE";"-3";"#NE";"COLIGAÇÃO";"15";"MDB";"Movimento Democrático Brasileiro";"-1";"#NULO#";"#NULO#";"#NULO#";"280000050592";"ESSA É A SOLUÇÃO";"MDB / PHS";"N";"349";"Válido";"349";"4";"NÃO ELEITO"
"13/11/2024";"10:56:11";"2018";"2";"Eleição Ordinária";"1";"295";"ELEIÇÃO GERAL FEDERAL 2018";"07/10/2018";"F";"AC";"BR";"BRASIL";"1554";"MANOEL URBANO";"3";"1";"Presidente";"280000605589";"12";"CIRO FERREIRA GOMES";"CIRO GOMES";"#NULO#";"12";"APTO";"2";"DEFERIDO";"-3";"#NE";"-3";"#NE";"-3";"#NE";"COLIGAÇÃO";"12";"PDT";"Partido Democrático Trabalhista";"-1";"#NULO#";"#NULO#";"#NULO#";"280000050163";"BRASIL SOBERANO";"PDT / AVANTE";"N";"202";"Válido";"202";"4";"NÃO ELEITO"
"13/11/2024";"10:56:11";"2018";"2";"Eleição Ordinária";"1";"295";"ELEIÇÃO GERAL FEDERAL 2018";"07/10/2018";"F";"AC";"BR";"BRASIL";"1066";"PORTO WALTER";"4";"1";"Presidente";"280000605589";"12";"CIRO FERREIRA GOMES";"CIRO GOMES";"#NULO#";"12";"APTO";"2";"DEFERIDO";"-3";"#NE";"-3";"#NE";"-3";"#NE";"COLIGAÇÃO";"12";"PDT";"Partido Democrático Trabalhista";"-1";"#NULO#";"#NULO#";"#NULO#";"280000050163";"BRASIL SOBERANO";"PDT / AVANTE";"N";"155";"Válido";"155";"4";"NÃO ELEITO"
"13/11/2024";"10:56:11";"2018";"2";"Eleição Ordinária";"1";"295";"ELEIÇÃO GERAL FEDERAL 2018";"07/10/2018";"F";"AC";"BR";"BRASIL";"1511";"PLÁCIDO DE CASTRO";"8";"1";"Presidente";"280000618462";"19";"ALVARO FERNANDES DIAS";"ALVARO DIAS";"#NULO#";"12";"APTO";"2";"DEFERIDO";"-3";"#NE";"-3";"#NE";"-3";"#NE";"COLIGAÇÃO";"19";"PODE";"Podemos";"-1";"#NULO#";"#NULO#";"#NULO#";"280000050478";"MUDANÇA DE VERDADE";"PODE / PRP / PSC / PTC";"N";"32";"Válido";"32";"4";"NÃO ELEITO"
"13/11/2024";"10:56:11";"2018";"2";"Eleição Ordinária";"1";"295";"ELEIÇÃO GERAL FEDERAL 2018";"07/10/2018";"F";"AC";"BR";"BRASIL";"1554";"MANOEL URBANO";"3";"1";"Presidente";"280000622171";"18";"MARIA OSMARINA MARINA DA SILVA VAZ DE LIMA";"MARINA SILVA";"#NULO#";"12";"APTO";"2";"DEFERIDO";"-3";"#NE";"-3";"#NE";"-3";"#NE";"COLIGAÇÃO";"18";"REDE";"Rede Sustentabilidade";"-1";"#NULO#";"#NULO#";"#NULO#";"280000050589";"UNIDOS PARA TRANSFORMAR O BRASIL";"REDE / PV";"N";"52";"Válido";"52";"4";"NÃO ELEITO"
"13/11/2024";"10:56:11";"2018";"2";"Eleição Ordinária";"1";"295";"ELEIÇÃO GERAL FEDERAL 2018";"07/10/2018";"F";"AC";"BR";"BRASIL";"1066";"PORTO WALTER";"4";"1";"Presidente";"280000622171";"18";"MARIA OSMARINA MARINA DA SILVA VAZ DE LIMA";"MARINA SILVA";"#NULO#";"12";"APTO";"2";"DEFERIDO";"-3";"#NE";"-3";"#NE";"-3";"#NE";"COLIGAÇÃO";"18";"REDE";"Rede Sustentabilidade";"-1";"#NULO#";"#NULO#";"#NULO#";"280000050589";"UNIDOS PARA TRANSFORMAR O BRASIL";"REDE / PV";"N";"31";"Válido";"31";"4";"NÃO ELEITO"
"13/11/2024";"10:56:11";"2018";"2";"Eleição Ordinária";"1";"295";"ELEIÇÃO GERAL FEDERAL 2018";"07/10/2018";"F";"AC";"BR";"BRASIL";"1082";"RODRIGUES ALVES";"4";"1";"Presidente";"280000618462";"19";"ALVARO FERNANDES DIAS";"ALVARO DIAS";"#NULO#";"12";"APTO";"2";"DEFERIDO";"-3";"#NE";"-3";"#NE";"-3";"#NE";"COLIGAÇÃO";"19";"PODE";"Podemos";"-1";"#NULO#";"#NULO#";"#NULO#";"280000050478";"MUDANÇA DE VERDADE";"PODE / PRP / PSC / PTC";"N";"24";"Válido";"24";"4";"NÃO ELEITO"
"13/11/2024";"10:56:11";"2018";"2";"Eleição Ordinária";"1";"295";"ELEIÇÃO GERAL FEDERAL 2018";"07/10/2018";"F";"AC";"BR";"BRASIL";"1554";"MANOEL URBANO";"3";"1";"Presidente";"280000607640";"30";"JOÃO DIONISIO FILGUEIRA BARRETO AMOEDO";"JOÃO AMOÊDO";"#NULO#";"12";"APTO";"2";"DEFERIDO";"-3";"#NE";"-3";"#NE";"-3";"#NE";"PARTIDO ISOLADO";"30";"NOVO";"Partido Novo";"-1";"#NULO#";"#NULO#";"#NULO#";"280000050199";"PARTIDO ISOLADO";"NOVO";"N";"1";"Válido";"1";"4";"NÃO ELEITO"
"13/11/2024";"10:56:11";"2018";"2";"Eleição Ordinária";"1";"295";"ELEIÇÃO GERAL FEDERAL 2018";"07/10/2018";"F";"AC";"BR";"BRASIL";"1554";"MANOEL URBANO";"3";"1";"Presidente";"280000602477";"45";"GERALDO JOSÉ RODRIGUES ALCKMIN FILHO";"GERALDO ALCKMIN";"#NULO#";"12";"APTO";"2";"DEFERIDO";"-3";"#NE";"-3";"#NE";"-3";"#NE";"COLIGAÇÃO";"45";"PSDB";"Partido da Social Democracia Brasileira";"-1";"#NULO#";"#NULO#";"#NULO#";"280000050070";"PARA UNIR O BRASIL";"PSDB / PTB / PP / PR / DEM / SOLIDARIEDADE / PPS / PRB / PSD";"N";"498";"Válido";"498";"4";"NÃO ELEITO"
"13/11/2024";"10:56:11";"2018";"2";"Eleição Ordinária";"1";"295";"ELEIÇÃO GERAL FEDERAL 2018";"07/10/2018";"F";"AC";"BR";"BRASIL";"1066";"PORTO WALTER";"4";"1";"Presidente";"280000624085";"27";"JOSE MARIA EYMAEL";"EYMAEL";"#NULO#";"12";"APTO";"2";"DEFERIDO";"-3";"#NE";"-3";"#NE";"-3";"#NE";"PARTIDO ISOLADO";"27";"DC";"Democracia Cristã";"-1";"#NULO#";"#NULO#";"#NULO#";"280000050639";"PARTIDO ISOLADO";"DC";"N";"1";"Válido";"1";"4";"NÃO ELEITO"
"13/11/2024";"10:56:11";"2018";"2";"Eleição Ordinária";"1";"295";"ELEIÇÃO GERAL FEDERAL 2018";"07/10/2018";"F";"AC";"BR";"BRASIL";"1066";"PORTO WALTER";"4";"1";"Presidente";"280000602477";"45";"GERALDO JOSÉ RODRIGUES ALCKMIN FILHO";"GERALDO ALCKMIN";"#NULO#";"12";"APTO";"2";"DEFERIDO";"-3";"#NE";"-3";"#NE";"-3";"#NE";"COLIGAÇÃO";"45";"PSDB";"Partido da Social Democracia Brasileira";"-1";"#NULO#";"#NULO#";"#NULO#";"280000050070";"PARA UNIR O BRASIL";"PSDB / PTB / PP / PR / DEM / SOLIDARIEDADE / PPS / PRB / PSD";"N";"612";"Válido";"612";"4";"NÃO ELEITO"
"13/11/2024";"10:56:11";"2018";"2";"Eleição Ordinária";"1";"295";"ELEIÇÃO GERAL FEDERAL 2018";"07/10/2018";"F";"AC";"BR";"BRASIL";"1031";"SANTA ROSA DO PURUS";"3";"1";"Presidente";"280000618462";"19";"ALVARO FERNANDES DIAS";"ALVARO DIAS";"#NULO#";"12";"APTO";"2";"DEFERIDO";"-3";"#NE";"-3";"#NE";"-3";"#NE";"COLIGAÇÃO";"19";"PODE";"Podemos";"-1";"#NULO#";"#NULO#";"#NULO#";"280000050478";"MUDANÇA DE VERDADE";"PODE / PRP / PSC / PTC";"N";"4";"Válido";"4";"4";"NÃO ELEITO"
"13/11/2024";"10:56:11";"2018";"2";"Eleição Ordinária";"1";"295";"ELEIÇÃO GERAL FEDERAL 2018";"07/10/2018";"F";"AC";"BR";"BRASIL";"1015";"CAPIXABA";"2";"1";"Presidente";"280000618462";"19";"ALVARO FERNANDES DIAS";"ALVARO DIAS";"#NULO#";"12";"APTO";"2";"DEFERIDO";"-3";"#NE";"-3";"#NE";"-3";"#NE";"COLIGAÇÃO";"19";"PODE";"Podemos";"-1";"#NULO#";"#NULO#";"#NULO#";"280000050478";"MUDANÇA DE VERDADE";"PODE / PRP / PSC / PTC";"N";"18";"Válido";"18";"4";"NÃO ELEITO"
"13/11/2024";"10:56:11";"2018";"2";"Eleição Ordinária";"1";"295";"ELEIÇÃO GERAL FEDERAL 2018";"07/10/2018";"F";"AC";"BR";"BRASIL";"1031";"SANTA ROSA DO PURUS";"3";"1";"Presidente";"280000601016";"50";"GUILHERME CASTRO BOULOS";"GUILHERME BOULOS";"#NULO#";"12";"APTO";"2";"DEFERIDO";"-3";"#NE";"-3";"#NE";"-3";"#NE";"COLIGAÇÃO";"50";"PSOL";"Partido Socialismo e Liberdade";"-1";"#NULO#";"#NULO#";"#NULO#";"280000050035";"VAMOS SEM MEDO DE MUDAR O BRASIL";"PSOL / PCB";"N";"34";"Válido";"34";"4";"NÃO ELEITO"
"13/11/2024";"10:56:11";"2018";"2";"Eleição Ordinária";"1";"295";"ELEIÇÃO GERAL FEDERAL 2018";"07/10/2018";"F";"AC";"BR";"BRASIL";"1082";"RODRIGUES ALVES";"4";"1";"Presidente";"280000605589";"12";"CIRO FERREIRA GOMES";"CIRO GOMES";"#NULO#";"12";"APTO";"2";"DEFERIDO";"-3";"#NE";"-3";"#NE";"-3";"#NE";"COLIGAÇÃO";"12";"PDT";"Partido Democrático Trabalhista";"-1";"#NULO#";"#NULO#";"#NULO#";"280000050163";"BRASIL SOBERANO";"PDT / AVANTE";"N";"280";"Válido";"280";"4";"NÃO ELEITO"
"13/11/2024";"10:56:11";"2018";"2";"Eleição Ordinária";"1";"295";"ELEIÇÃO GERAL FEDERAL 2018";"07/10/2018";"F";"AC";"BR";"BRASIL";"1490";"XAPURI";"2";"1";"Presidente";"280000618462";"19";"ALVARO FERNANDES DIAS";"ALVARO DIAS";"#NULO#";"12";"APTO";"2";"DEFERIDO";"-3";"#NE";"-3";"#NE";"-3";"#NE";"COLIGAÇÃO";"19";"PODE";"Podemos";"-1";"#NULO#";"#NULO#";"#NULO#";"280000050478";"MUDANÇA DE VERDADE";"PODE / PRP / PSC / PTC";"N";"9";"Válido";"9";"4";"NÃO ELEITO"
"13/11/2024";"10:56:11";"2018";"2";"Eleição Ordinária";"1";"295";"ELEIÇÃO GERAL FEDERAL 2018";"07/10/2018";"F";"AC";"BR";"BRASIL";"1490";"XAPURI";"2";"1";"Presidente";"280000605589";"12";"CIRO FERREIRA GOMES";"CIRO GOMES";"#NULO#";"12";"APTO";"2";"DEFERIDO";"-3";"#NE";"-3";"#NE";"-3";"#NE";"COLIGAÇÃO";"12";"PDT";"Partido Democrático Trabalhista";"-1";"#NULO#";"#NULO#";"#NULO#";"280000050163";"BRASIL SOBERANO";"PDT / AVANTE";"N";"361";"Válido";"361";"4";"NÃO ELEITO"
"13/11/2024";"10:56:11";"2018";"2";"Eleição Ordinária";"1";"295";"ELEIÇÃO GERAL FEDERAL 2018";"07/10/2018";"F";"AC";"BR";"BRASIL";"1015";"CAPIXABA";"2";"1";"Presidente";"280000605589";"12";"CIRO FERREIRA GOMES";"CIRO GOMES";"#NULO#";"12";"APTO";"2";"DEFERIDO";"-3";"#NE";"-3";"#NE";"-3";"#NE";"COLIGAÇÃO";"12";"PDT";"Partido Democrático Trabalhista";"-1";"#NULO#";"#NULO#";"#NULO#";"280000050163";"BRASIL SOBERANO";"PDT / AVANTE";"N";"236";"Válido";"236";"4";"NÃO ELEITO"
"13/11/2024";"10:56:11";"2018";"2";"Eleição Ordinária";"1";"295";"ELEIÇÃO GERAL FEDERAL 2018";"07/10/2018";"F";"AC";"BR";"BRASIL";"1511";"PLÁCIDO DE CASTRO";"8";"1";"Presidente";"280000622281";"15";"HENRIQUE DE CAMPOS MEIRELLES";"HENRIQUE MEIRELLES";"#NULO#";"12";"APTO";"2";"DEFERIDO";"-3";"#NE";"-3";"#NE";"-3";"#NE";"COLIGAÇÃO";"15";"MDB";"Movimento Democrático Brasileiro";"-1";"#NULO#";"#NULO#";"#NULO#";"280000050592";"ESSA É A SOLUÇÃO";"MDB / PHS";"N";"107";"Válido";"107";"4";"NÃO ELEITO"
"13/11/2024";"10:56:11";"2018";"2";"Eleição Ordinária";"1";"295";"ELEIÇÃO GERAL FEDERAL 2018";"07/10/2018";"F";"AC";"BR";"BRASIL";"1511";"PLÁCIDO DE CASTRO";"8";"1";"Presidente";"280000622171";"18";"MARIA OSMARINA MARINA DA SILVA VAZ DE LIMA";"MARINA SILVA";"#NULO#";"12";"APTO";"2";"DEFERIDO";"-3";"#NE";"-3";"#NE";"-3";"#NE";"COLIGAÇÃO";"18";"REDE";"Rede Sustentabilidade";"-1";"#NULO#";"#NULO#";"#NULO#";"280000050589";"UNIDOS PARA TRANSFORMAR O BRASIL";"REDE / PV";"N";"168";"Válido";"168";"4";"NÃO ELEITO"
"13/11/2024";"10:56:11";"2018";"2";"Eleição Ordinária";"1";"295";"ELEIÇÃO GERAL FEDERAL 2018";"07/10/2018";"F";"AC";"BR";"BRASIL";"1511";"PLÁCIDO DE CASTRO";"8";"1";"Presidente";"280000601016";"50";"GUILHERME CASTRO BOULOS";"GUILHERME BOULOS";"#NULO#";"12";"APTO";"2";"DEFERIDO";"-3";"#NE";"-3";"#NE";"-3";"#NE";"COLIGAÇÃO";"50";"PSOL";"Partido Socialismo e Liberdade";"-1";"#NULO#";"#NULO#";"#NULO#";"280000050035";"VAMOS SEM MEDO DE MUDAR O BRASIL";"PSOL / PCB";"N";"39";"Válido";"39";"4";"NÃO ELEITO"
"13/11/2024";"10:56:11";"2018";"2";"Eleição Ordinária";"1";"295";"ELEIÇÃO GERAL FEDERAL 2018";"07/10/2018";"F";"AC";"BR";"BRASIL";"1490";"XAPURI";"2";"1";"Presidente";"280000601016";"50";"GUILHERME CASTRO BOULOS";"GUILHERME BOULOS";"#NULO#";"12";"APTO";"2";"DEFERIDO";"-3";"#NE";"-3";"#NE";"-3";"#NE";"COLIGAÇÃO";"50";"PSOL";"Partido Socialismo e Liberdade";"-1";"#NULO#";"#NULO#";"#NULO#";"280000050035";"VAMOS SEM MEDO DE MUDAR O BRASIL";"PSOL / PCB";"N";"32";"Válido";"32";"4";"NÃO ELEITO"
"13/11/2024";"10:56:11";"2018";"2";"Eleição Ordinária";"1";"295";"ELEIÇÃO GERAL FEDERAL 2018";"07/10/2018";"F";"AC";"BR";"BRASIL";"1554";"MANOEL URBANO";"3";"1";"Presidente";"280000618462";"19";"ALVARO FERNANDES DIAS";"ALVARO DIAS";"#NULO#";"12";"APTO";"2";"DEFERIDO";"-3";"#NE";"-3";"#NE";"-3";"#NE";"COLIGAÇÃO";"19";"PODE";"Podemos";"-1";"#NULO#";"#NULO#";"#NULO#";"280000050478";"MUDANÇA DE VERDADE";"PODE / PRP / PSC / PTC";"N";"4";"Válido";"4";"4";"NÃO ELEITO"
"13/11/2024";"10:56:11";"2018";"2";"Eleição Ordinária";"1";"295";"ELEIÇÃO GERAL FEDERAL 2018";"07/10/2018";"F";"AC";"BR";"BRASIL";"1066";"PORTO WALTER";"4";"1";"Presidente";"280000618462";"19";"ALVARO FERNANDES DIAS";"ALVARO DIAS";"#NULO#";"12";"APTO";"2";"DEFERIDO";"-3";"#NE";"-3";"#NE";"-3";"#NE";"COLIGAÇÃO";"19";"PODE";"Podemos";"-1";"#NULO#";"#NULO#";"#NULO#";"280000050478";"MUDANÇA DE VERDADE";"PODE / PRP / PSC / PTC";"N";"16";"Válido";"16";"4";"NÃO ELEITO"
"13/11/2024";"10:56:11";"2018";"2";"Eleição Ordinária";"1";"295";"ELEIÇÃO GERAL FEDERAL 2018";"07/10/2018";"F";"AC";"BR";"BRASIL";"1031";"SANTA ROSA DO PURUS";"3";"1";"Presidente";"280000605589";"12";"CIRO FERREIRA GOMES";"CIRO GOMES";"#NULO#";"12";"APTO";"2";"DEFERIDO";"-3";"#NE";"-3";"#NE";"-3";"#NE";"COLIGAÇÃO";"12";"PDT";"Partido Democrático Trabalhista";"-1";"#NULO#";"#NULO#";"#NULO#";"280000050163";"BRASIL SOBERANO";"PDT / AVANTE";"N";"74";"Válido";"74";"4";"NÃO ELEITO"
"13/11/2024";"10:56:11";"2018";"2";"Eleição Ordinária";"1";"295";"ELEIÇÃO GERAL FEDERAL 2018";"07/10/2018";"F";"AC";"BR";"BRASIL";"1031";"SANTA ROSA DO PURUS";"3";"1";"Presidente";"280000622281";"15";"HENRIQUE DE CAMPOS MEIRELLES";"HENRIQUE MEIRELLES";"#NULO#";"12";"APTO";"2";"DEFERIDO";"-3";"#NE";"-3";"#NE";"-3";"#NE";"COLIGAÇÃO";"15";"MDB";"Movimento Democrático Brasileiro";"-1";"#NULO#";"#NULO#";"#NULO#";"280000050592";"ESSA É A SOLUÇÃO";"MDB / PHS";"N";"33";"Válido";"33";"4";"NÃO ELEITO"
"13/11/2024";"10:56:11";"2018";"2";"Eleição Ordinária";"1";"295";"ELEIÇÃO GERAL FEDERAL 2018";"07/10/2018";"F";"AC";"BR";"BRASIL";"1511";"PLÁCIDO DE CASTRO";"8";"1";"Presidente";"280000605589";"12";"CIRO FERREIRA GOMES";"CIRO GOMES";"#NULO#";"12";"APTO";"2";"DEFERIDO";"-3";"#NE";"-3";"#NE";"-3";"#NE";"COLIGAÇÃO";"12";"PDT";"Partido Democrático Trabalhista";"-1";"#NULO#";"#NULO#";"#NULO#";"280000050163";"BRASIL SOBERANO";"PDT / AVANTE";"N";"527";"Válido";"527";"4";"NÃO ELEITO"
"13/11/2024";"10:56:11";"2018";"2";"Eleição Ordinária";"1";"295";"ELEIÇÃO GERAL FEDERAL 2018";"07/10/2018";"F";"AC";"BR";"BRASIL";"1015";"CAPIXABA";"2";"1";"Presidente";"280000622281";"15";"HENRIQUE DE CAMPOS MEIRELLES";"HENRIQUE MEIRELLES";"#NULO#";"12";"APTO";"2";"DEFERIDO";"-3";"#NE";"-3";"#NE";"-3";"#NE";"COLIGAÇÃO";"15";"MDB";"Movimento Democrático Brasileiro";"-1";"#NULO#";"#NULO#";"#NULO#";"280000050592";"ESSA É A SOLUÇÃO";"MDB / PHS";"N";"104";"Válido";"104";"4";"NÃO ELEITO"
"13/11/2024";"10:56:11";"2018";"2";"Eleição Ordinária";"1";"295";"ELEIÇÃO GERAL FEDERAL 2018";"07/10/2018";"F";"AC";"BR";"BRASIL";"1015";"CAPIXABA";"2";"1";"Presidente";"280000601016";"50";"GUILHERME CASTRO BOULOS";"GUILHERME BOULOS";"#NULO#";"12";"APTO";"2";"DEFERIDO";"-3";"#NE";"-3";"#NE";"-3";"#NE";"COLIGAÇÃO";"50";"PSOL";"Partido Socialismo e Liberdade";"-1";"#NULO#";"#NULO#";"#NULO#";"280000050035";"VAMOS SEM MEDO DE MUDAR O BRASIL";"PSOL / PCB";"N";"29";"Válido";"29";"4";"NÃO ELEITO"
"13/11/2024";"10:56:11";"2018";"2";"Eleição Ordinária";"1";"295";"ELEIÇÃO GERAL FEDERAL 2018";"07/10/2018";"F";"AC";"BR";"BRASIL";"1490";"XAPURI";"2";"1";"Presidente";"280000622281";"15";"HENRIQUE DE CAMPOS MEIRELLES";"HENRIQUE MEIRELLES";"#NULO#";"12";"APTO";"2";"DEFERIDO";"-3";"#NE";"-3";"#NE";"-3";"#NE";"COLIGAÇÃO";"15";"MDB";"Movimento Democrático Brasileiro";"-1";"#NULO#";"#NULO#";"#NULO#";"280000050592";"ESSA É A SOLUÇÃO";"MDB / PHS";"N";"82";"Válido";"82";"4";"NÃO ELEITO"
"13/11/2024";"10:56:11";"2018";"2";"Eleição Ordinária";"1";"295";"ELEIÇÃO GERAL FEDERAL 2018";"07/10/2018";"F";"AC";"BR";"BRASIL";"1082";"RODRIGUES ALVES";"4";"1";"Presidente";"280000622281";"15";"HENRIQUE DE CAMPOS MEIRELLES";"HENRIQUE MEIRELLES";"#NULO#";"12";"APTO";"2";"DEFERIDO";"-3";"#NE";"-3";"#NE";"-3";"#NE";"COLIGAÇÃO";"15";"MDB";"Movimento Democrático Brasileiro";"-1";"#NULO#";"#NULO#";"#NULO#";"280000050592";"ESSA É A SOLUÇÃO";"MDB / PHS";"N";"236";"Válido";"236";"4";"NÃO ELEITO"
"13/11/2024";"10:56:11";"2018";"2";"Eleição Ordinária";"1";"295";"ELEIÇÃO GERAL FEDERAL 2018";"07/10/2018";"F";"AC";"BR";"BRASIL";"1490";"XAPURI";"2";"1";"Presidente";"280000607640";"30";"JOÃO DIONISIO FILGUEIRA BARRETO AMOEDO";"JOÃO AMOÊDO";"#NULO#";"12";"APTO";"2";"DEFERIDO";"-3";"#NE";"-3";"#NE";"-3";"#NE";"PARTIDO ISOLADO";"30";"NOVO";"Partido Novo";"-1";"#NULO#";"#NULO#";"#NULO#";"280000050199";"PARTIDO ISOLADO";"NOVO";"N";"6";"Válido";"6";"4";"NÃO ELEITO"
"13/11/2024";"10:56:11";"2018";"2";"Eleição Ordinária";"1";"295";"ELEIÇÃO GERAL FEDERAL 2018";"07/10/2018";"F";"AC";"BR";"BRASIL";"1015";"CAPIXABA";"2";"1";"Presidente";"280000622171";"18";"MARIA OSMARINA MARINA DA SILVA VAZ DE LIMA";"MARINA SILVA";"#NULO#";"12";"APTO";"2";"DEFERIDO";"-3";"#NE";"-3";"#NE";"-3";"#NE";"COLIGAÇÃO";"18";"REDE";"Rede Sustentabilidade";"-1";"#NULO#";"#NULO#";"#NULO#";"280000050589";"UNIDOS PARA TRANSFORMAR O BRASIL";"REDE / PV";"N";"77";"Válido";"77";"4";"NÃO ELEITO"
"13/11/2024";"10:56:11";"2018";"2";"Eleição Ordinária";"1";"295";"ELEIÇÃO GERAL FEDERAL 2018";"07/10/2018";"F";"AC";"BR";"BRASIL";"1511";"PLÁCIDO DE CASTRO";"8";"1";"Presidente";"280000607640";"30";"JOÃO DIONISIO FILGUEIRA BARRETO AMOEDO";"JOÃO AMOÊDO";"#NULO#";"12";"APTO";"2";"DEFERIDO";"-3";"#NE";"-3";"#NE";"-3";"#NE";"PARTIDO ISOLADO";"30";"NOVO";"Partido Novo";"-1";"#NULO#";"#NULO#";"#NULO#";"280000050199";"PARTIDO ISOLADO";"NOVO";"N";"18";"Válido";"18";"4";"NÃO ELEITO"
"13/11/2024";"10:56:11";"2018";"2";"Eleição Ordinária";"1";"295";"ELEIÇÃO GERAL FEDERAL 2018";"07/10/2018";"F";"AC";"BR";"BRASIL";"1082";"RODRIGUES ALVES";"4";"1";"Presidente";"280000607640";"30";"JOÃO DIONISIO FILGUEIRA BARRETO AMOEDO";"JOÃO AMOÊDO";"#NULO#";"12";"APTO";"2";"DEFERIDO";"-3";"#NE";"-3";"#NE";"-3";"#NE";"PARTIDO ISOLADO";"30";"NOVO";"Partido Novo";"-1";"#NULO#";"#NULO#";"#NULO#";"280000050199";"PARTIDO ISOLADO";"NOVO";"N";"1";"Válido";"1";"4";"NÃO ELEITO"
"13/11/2024";"10:56:11";"2018";"2";"Eleição Ordinária";"1";"295";"ELEIÇÃO GERAL FEDERAL 2018";"07/10/2018";"F";"AC";"BR";"BRASIL";"1082";"RODRIGUES ALVES";"4";"1";"Presidente";"280000601016";"50";"GUILHERME CASTRO BOULOS";"GUILHERME BOULOS";"#NULO#";"12";"APTO";"2";"DEFERIDO";"-3";"#NE";"-3";"#NE";"-3";"#NE";"COLIGAÇÃO";"50";"PSOL";"Partido Socialismo e Liberdade";"-1";"#NULO#";"#NULO#";"#NULO#";"280000050035";"VAMOS SEM MEDO DE MUDAR O BRASIL";"PSOL / PCB";"N";"22";"Válido";"22";"4";"NÃO ELEITO"
"13/11/2024";"10:56:11";"2018";"2";"Eleição Ordinária";"1";"295";"ELEIÇÃO GERAL FEDERAL 2018";"07/10/2018";"F";"AC";"BR";"BRASIL";"1490";"XAPURI";"2";"1";"Presidente";"280000624085";"27";"JOSE MARIA EYMAEL";"EYMAEL";"#NULO#";"12";"APTO";"2";"DEFERIDO";"-3";"#NE";"-3";"#NE";"-3";"#NE";"PARTIDO ISOLADO";"27";"DC";"Democracia Cristã";"-1";"#NULO#";"#NULO#";"#NULO#";"280000050639";"PARTIDO ISOLADO";"DC";"N";"1";"Válido";"1";"4";"NÃO ELEITO"
"13/11/2024";"10:56:11";"2018";"2";"Eleição Ordinária";"1";"295";"ELEIÇÃO GERAL FEDERAL 2018";"07/10/2018";"F";"AC";"BR";"BRASIL";"1082";"RODRIGUES ALVES";"4";"1";"Presidente";"280000622171";"18";"MARIA OSMARINA MARINA DA SILVA VAZ DE LIMA";"MARINA SILVA";"#NULO#";"12";"APTO";"2";"DEFERIDO";"-3";"#NE";"-3";"#NE";"-3";"#NE";"COLIGAÇÃO";"18";"REDE";"Rede Sustentabilidade";"-1";"#NULO#";"#NULO#";"#NULO#";"280000050589";"UNIDOS PARA TRANSFORMAR O BRASIL";"REDE / PV";"N";"63";"Válido";"63";"4";"NÃO ELEITO"
"13/11/2024";"10:56:11";"2018";"2";"Eleição Ordinária";"1";"295";"ELEIÇÃO GERAL FEDERAL 2018";"07/10/2018";"F";"AC";"BR";"BRASIL";"1104";"JORDÃO";"5";"1";"Presidente";"280000618462";"19";"ALVARO FERNANDES DIAS";"ALVARO DIAS";"#NULO#";"12";"APTO";"2";"DEFERIDO";"-3";"#NE";"-3";"#NE";"-3";"#NE";"COLIGAÇÃO";"19";"PODE";"Podemos";"-1";"#NULO#";"#NULO#";"#NULO#";"280000050478";"MUDANÇA DE VERDADE";"PODE / PRP / PSC / PTC";"N";"15";"Válido";"15";"4";"NÃO ELEITO"
"13/11/2024";"10:56:11";"2018";"2";"Eleição Ordinária";"1";"295";"ELEIÇÃO GERAL FEDERAL 2018";"07/10/2018";"F";"AC";"BR";"BRASIL";"1490";"XAPURI";"2";"1";"Presidente";"280000622171";"18";"MARIA OSMARINA MARINA DA SILVA VAZ DE LIMA";"MARINA SILVA";"#NULO#";"12";"APTO";"2";"DEFERIDO";"-3";"#NE";"-3";"#NE";"-3";"#NE";"COLIGAÇÃO";"18";"REDE";"Rede Sustentabilidade";"-1";"#NULO#";"#NULO#";"#NULO#";"280000050589";"UNIDOS PARA TRANSFORMAR O BRASIL";"REDE / PV";"N";"83";"Válido";"83";"4";"NÃO ELEITO"
"13/11/2024";"10:56:11";"2018";"2";"Eleição Ordinária";"1";"295";"ELEIÇÃO GERAL FEDERAL 2018";"07/10/2018";"F";"AC";"BR";"BRASIL";"1015";"CAPIXABA";"2";"1";"Presidente";"280000607640";"30";"JOÃO DIONISIO FILGUEIRA BARRETO AMOEDO";"JOÃO AMOÊDO";"#NULO#";"12";"APTO";"2";"DEFERIDO";"-3";"#NE";"-3";"#NE";"-3";"#NE";"PARTIDO ISOLADO";"30";"NOVO";"Partido Novo";"-1";"#NULO#";"#NULO#";"#NULO#";"280000050199";"PARTIDO ISOLADO";"NOVO";"N";"2";"Válido";"2";"4";"NÃO ELEITO"
"13/11/2024";"10:56:11";"2018";"2";"Eleição Ordinária";"1";"295";"ELEIÇÃO GERAL FEDERAL 2018";"07/10/2018";"F";"AC";"BR";"BRASIL";"1104";"JORDÃO";"5";"1";"Presidente";"280000601016";"50";"GUILHERME CASTRO BOULOS";"GUILHERME BOULOS";"#NULO#";"12";"APTO";"2";"DEFERIDO";"-3";"#NE";"-3";"#NE";"-3";"#NE";"COLIGAÇÃO";"50";"PSOL";"Partido Socialismo e Liberdade";"-1";"#NULO#";"#NULO#";"#NULO#";"280000050035";"VAMOS SEM MEDO DE MUDAR O BRASIL";"PSOL / PCB";"N";"4";"Válido";"4";"4";"NÃO ELEITO"
"13/11/2024";"10:56:11";"2018";"2";"Eleição Ordinária";"1";"295";"ELEIÇÃO GERAL FEDERAL 2018";"07/10/2018";"F";"AC";"BR";"BRASIL";"1104";"JORDÃO";"5";"1";"Presidente";"280000605589";"12";"CIRO FERREIRA GOMES";"CIRO GOMES";"#NULO#";"12";"APTO";"2";"DEFERIDO";"-3";"#NE";"-3";"#NE";"-3";"#NE";"COLIGAÇÃO";"12";"PDT";"Partido Democrático Trabalhista";"-1";"#NULO#";"#NULO#";"#NULO#";"280000050163";"BRASIL SOBERANO";"PDT / AVANTE";"N";"167";"Válido";"167";"4";"NÃO ELEITO"
"13/11/2024";"10:56:11";"2018";"2";"Eleição Ordinária";"1";"295";"ELEIÇÃO GERAL FEDERAL 2018";"07/10/2018";"F";"AC";"BR";"BRASIL";"1031";"SANTA ROSA DO PURUS";"3";"1";"Presidente";"280000622171";"18";"MARIA OSMARINA MARINA DA SILVA VAZ DE LIMA";"MARINA SILVA";"#NULO#";"12";"APTO";"2";"DEFERIDO";"-3";"#NE";"-3";"#NE";"-3";"#NE";"COLIGAÇÃO";"18";"REDE";"Rede Sustentabilidade";"-1";"#NULO#";"#NULO#";"#NULO#";"280000050589";"UNIDOS PARA TRANSFORMAR O BRASIL";"REDE / PV";"N";"97";"Válido";"97";"4";"NÃO ELEITO"
"13/11/2024";"10:56:11";"2018";"2";"Eleição Ordinária";"1";"295";"ELEIÇÃO GERAL FEDERAL 2018";"07/10/2018";"F";"AC";"BR";"BRASIL";"1082";"RODRIGUES ALVES";"4";"1";"Presidente";"280000624085";"27";"JOSE MARIA EYMAEL";"EYMAEL";"#NULO#";"12";"APTO";"2";"DEFERIDO";"-3";"#NE";"-3";"#NE";"-3";"#NE";"PARTIDO ISOLADO";"27";"DC";"Democracia Cristã";"-1";"#NULO#";"#NULO#";"#NULO#";"280000050639";"PARTIDO ISOLADO";"DC";"N";"4";"Válido";"4";"4";"NÃO ELEITO"
"13/11/2024";"10:56:11";"2018";"2";"Eleição Ordinária";"1";"295";"ELEIÇÃO GERAL FEDERAL 2018";"07/10/2018";"F";"AC";"BR";"BRASIL";"1031";"SANTA ROSA DO PURUS";"3";"1";"Presidente";"280000607640";"30";"JOÃO DIONISIO FILGUEIRA BARRETO AMOEDO";"JOÃO AMOÊDO";"#NULO#";"12";"APTO";"2";"DEFERIDO";"-3";"#NE";"-3";"#NE";"-3";"#NE";"PARTIDO ISOLADO";"30";"NOVO";"Partido Novo";"-1";"#NULO#";"#NULO#";"#NULO#";"280000050199";"PARTIDO ISOLADO";"NOVO";"N";"4";"Válido";"4";"4";"NÃO ELEITO"
"13/11/2024";"10:56:11";"2018";"2";"Eleição Ordinária";"1";"295";"ELEIÇÃO GERAL FEDERAL 2018";"07/10/2018";"F";"AC";"BR";"BRASIL";"1511";"PLÁCIDO DE CASTRO";"8";"1";"Presidente";"280000624085";"27";"JOSE MARIA EYMAEL";"EYMAEL";"#NULO#";"12";"APTO";"2";"DEFERIDO";"-3";"#NE";"-3";"#NE";"-3";"#NE";"PARTIDO ISOLADO";"27";"DC";"Democracia Cristã";"-1";"#NULO#";"#NULO#";"#NULO#";"280000050639";"PARTIDO ISOLADO";"DC";"N";"6";"Válido";"6";"4";"NÃO ELEITO"
"13/11/2024";"10:56:11";"2018";"2";"Eleição Ordinária";"1";"295";"ELEIÇÃO GERAL FEDERAL 2018";"07/10/2018";"F";"AC";"BR";"BRASIL";"1570";"ASSIS BRASIL";"6";"1";"Presidente";"280000601016";"50";"GUILHERME CASTRO BOULOS";"GUILHERME BOULOS";"#NULO#";"12";"APTO";"2";"DEFERIDO";"-3";"#NE";"-3";"#NE";"-3";"#NE";"COLIGAÇÃO";"50";"PSOL";"Partido Socialismo e Liberdade";"-1";"#NULO#";"#NULO#";"#NULO#";"280000050035";"VAMOS SEM MEDO DE MUDAR O BRASIL";"PSOL / PCB";"N";"9";"Válido";"9";"4";"NÃO ELEITO"
"13/11/2024";"10:56:11";"2018";"2";"Eleição Ordinária";"1";"295";"ELEIÇÃO GERAL FEDERAL 2018";"07/10/2018";"F";"AC";"BR";"BRASIL";"1015";"CAPIXABA";"2";"1";"Presidente";"280000624085";"27";"JOSE MARIA EYMAEL";"EYMAEL";"#NULO#";"12";"APTO";"2";"DEFERIDO";"-3";"#NE";"-3";"#NE";"-3";"#NE";"PARTIDO ISOLADO";"27";"DC";"Democracia Cristã";"-1";"#NULO#";"#NULO#";"#NULO#";"280000050639";"PARTIDO ISOLADO";"DC";"N";"6";"Válido";"6";"4";"NÃO ELEITO"
"13/11/2024";"10:56:11";"2018";"2";"Eleição Ordinária";"1";"295";"ELEIÇÃO GERAL FEDERAL 2018";"07/10/2018";"F";"AC";"BR";"BRASIL";"1570";"ASSIS BRASIL";"6";"1";"Presidente";"280000622171";"18";"MARIA OSMARINA MARINA DA SILVA VAZ DE LIMA";"MARINA SILVA";"#NULO#";"12";"APTO";"2";"DEFERIDO";"-3";"#NE";"-3";"#NE";"-3";"#NE";"COLIGAÇÃO";"18";"REDE";"Rede Sustentabilidade";"-1";"#NULO#";"#NULO#";"#NULO#";"280000050589";"UNIDOS PARA TRANSFORMAR O BRASIL";"REDE / PV";"N";"20";"Válido";"20";"4";"NÃO ELEITO"
"13/11/2024";"10:56:11";"2018";"2";"Eleição Ordinária";"1";"295";"ELEIÇÃO GERAL FEDERAL 2018";"07/10/2018";"F";"AC";"BR";"BRASIL";"1570";"ASSIS BRASIL";"6";"1";"Presidente";"280000605589";"12";"CIRO FERREIRA GOMES";"CIRO GOMES";"#NULO#";"12";"APTO";"2";"DEFERIDO";"-3";"#NE";"-3";"#NE";"-3";"#NE";"COLIGAÇÃO";"12";"PDT";"Partido Democrático Trabalhista";"-1";"#NULO#";"#NULO#";"#NULO#";"280000050163";"BRASIL SOBERANO";"PDT / AVANTE";"N";"98";"Válido";"98";"4";"NÃO ELEITO"
"13/11/2024";"10:56:11";"2018";"2";"Eleição Ordinária";"1";"295";"ELEIÇÃO GERAL FEDERAL 2018";"07/10/2018";"F";"AC";"BR";"BRASIL";"1570";"ASSIS BRASIL";"6";"1";"Presidente";"280000618462";"19";"ALVARO FERNANDES DIAS";"ALVARO DIAS";"#NULO#";"12";"APTO";"2";"DEFERIDO";"-3";"#NE";"-3";"#NE";"-3";"#NE";"COLIGAÇÃO";"19";"PODE";"Podemos";"-1";"#NULO#";"#NULO#";"#NULO#";"280000050478";"MUDANÇA DE VERDADE";"PODE / PRP / PSC / PTC";"N";"5";"Válido";"5";"4";"NÃO ELEITO"
"13/11/2024";"10:56:11";"2018";"2";"Eleição Ordinária";"1";"295";"ELEIÇÃO GERAL FEDERAL 2018";"07/10/2018";"F";"AC";"BR";"BRASIL";"1570";"ASSIS BRASIL";"6";"1";"Presidente";"280000622281";"15";"HENRIQUE DE CAMPOS MEIRELLES";"HENRIQUE MEIRELLES";"#NULO#";"12";"APTO";"2";"DEFERIDO";"-3";"#NE";"-3";"#NE";"-3";"#NE";"COLIGAÇÃO";"15";"MDB";"Movimento Democrático Brasileiro";"-1";"#NULO#";"#NULO#";"#NULO#";"280000050592";"ESSA É A SOLUÇÃO";"MDB / PHS";"N";"40";"Válido";"40";"4";"NÃO ELEITO"
"13/11/2024";"10:56:11";"2018";"2";"Eleição Ordinária";"1";"295";"ELEIÇÃO GERAL FEDERAL 2018";"07/10/2018";"F";"AC";"BR";"BRASIL";"1104";"JORDÃO";"5";"1";"Presidente";"280000622281";"15";"HENRIQUE DE CAMPOS MEIRELLES";"HENRIQUE MEIRELLES";"#NULO#";"12";"APTO";"2";"DEFERIDO";"-3";"#NE";"-3";"#NE";"-3";"#NE";"COLIGAÇÃO";"15";"MDB";"Movimento Democrático Brasileiro";"-1";"#NULO#";"#NULO#";"#NULO#";"280000050592";"ESSA É A SOLUÇÃO";"MDB / PHS";"N";"48";"Válido";"48";"4";"NÃO ELEITO"
"13/11/2024";"10:56:11";"2018";"2";"Eleição Ordinária";"1";"295";"ELEIÇÃO GERAL FEDERAL 2018";"07/10/2018";"F";"AC";"BR";"BRASIL";"1104";"JORDÃO";"5";"1";"Presidente";"280000622171";"18";"MARIA OSMARINA MARINA DA SILVA VAZ DE LIMA";"MARINA SILVA";"#NULO#";"12";"APTO";"2";"DEFERIDO";"-3";"#NE";"-3";"#NE";"-3";"#NE";"COLIGAÇÃO";"18";"REDE";"Rede Sustentabilidade";"-1";"#NULO#";"#NULO#";"#NULO#";"280000050589";"UNIDOS PARA TRANSFORMAR O BRASIL";"REDE / PV";"N";"18";"Válido";"18";"4";"NÃO ELEITO"
"13/11/2024";"10:56:11";"2018";"2";"Eleição Ordinária";"1";"295";"ELEIÇÃO GERAL FEDERAL 2018";"07/10/2018";"F";"AC";"BR";"BRASIL";"1570";"ASSIS BRASIL";"6";"1";"Presidente";"280000607640";"30";"JOÃO DIONISIO FILGUEIRA BARRETO AMOEDO";"JOÃO AMOÊDO";"#NULO#";"12";"APTO";"2";"DEFERIDO";"-3";"#NE";"-3";"#NE";"-3";"#NE";"PARTIDO ISOLADO";"30";"NOVO";"Partido Novo";"-1";"#NULO#";"#NULO#";"#NULO#";"280000050199";"PARTIDO ISOLADO";"NOVO";"N";"10";"Válido";"10";"4";"NÃO ELEITO"
"13/11/2024";"10:56:11";"2018";"2";"Eleição Ordinária";"1";"295";"ELEIÇÃO GERAL FEDERAL 2018";"07/10/2018";"F";"AC";"BR";"BRASIL";"1074";"CRUZEIRO DO SUL";"4";"1";"Presidente";"280000601016";"50";"GUILHERME CASTRO BOULOS";"GUILHERME BOULOS";"#NULO#";"12";"APTO";"2";"DEFERIDO";"-3";"#NE";"-3";"#NE";"-3";"#NE";"COLIGAÇÃO";"50";"PSOL";"Partido Socialismo e Liberdade";"-1";"#NULO#";"#NULO#";"#NULO#";"280000050035";"VAMOS SEM MEDO DE MUDAR O BRASIL";"PSOL / PCB";"N";"128";"Válido";"128";"4";"NÃO ELEITO"
"13/11/2024";"10:56:11";"2018";"2";"Eleição Ordinária";"1";"295";"ELEIÇÃO GERAL FEDERAL 2018";"07/10/2018";"F";"AC";"BR";"BRASIL";"1120";"ACRELÂNDIA";"8";"1";"Presidente";"280000605589";"12";"CIRO FERREIRA GOMES";"CIRO GOMES";"#NULO#";"12";"APTO";"2";"DEFERIDO";"-3";"#NE";"-3";"#NE";"-3";"#NE";"COLIGAÇÃO";"12";"PDT";"Partido Democrático Trabalhista";"-1";"#NULO#";"#NULO#";"#NULO#";"280000050163";"BRASIL SOBERANO";"PDT / AVANTE";"N";"267";"Válido";"267";"4";"NÃO ELEITO"
"13/11/2024";"10:56:11";"2018";"2";"Eleição Ordinária";"1";"295";"ELEIÇÃO GERAL FEDERAL 2018";"07/10/2018";"F";"AC";"BR";"BRASIL";"1120";"ACRELÂNDIA";"8";"1";"Presidente";"280000601016";"50";"GUILHERME CASTRO BOULOS";"GUILHERME BOULOS";"#NULO#";"12";"APTO";"2";"DEFERIDO";"-3";"#NE";"-3";"#NE";"-3";"#NE";"COLIGAÇÃO";"50";"PSOL";"Partido Socialismo e Liberdade";"-1";"#NULO#";"#NULO#";"#NULO#";"280000050035";"VAMOS SEM MEDO DE MUDAR O BRASIL";"PSOL / PCB";"N";"16";"Válido";"16";"4";"NÃO ELEITO"
"13/11/2024";"10:56:11";"2018";"2";"Eleição Ordinária";"1";"295";"ELEIÇÃO GERAL FEDERAL 2018";"07/10/2018";"F";"AC";"BR";"BRASIL";"1104";"JORDÃO";"5";"1";"Presidente";"280000607640";"30";"JOÃO DIONISIO FILGUEIRA BARRETO AMOEDO";"JOÃO AMOÊDO";"#NULO#";"12";"APTO";"2";"DEFERIDO";"-3";"#NE";"-3";"#NE";"-3";"#NE";"PARTIDO ISOLADO";"30";"NOVO";"Partido Novo";"-1";"#NULO#";"#NULO#";"#NULO#";"280000050199";"PARTIDO ISOLADO";"NOVO";"N";"1";"Válido";"1";"4";"NÃO ELEITO"
"13/11/2024";"10:56:11";"2018";"2";"Eleição Ordinária";"1";"295";"ELEIÇÃO GERAL FEDERAL 2018";"07/10/2018";"F";"AC";"BR";"BRASIL";"1015";"CAPIXABA";"2";"1";"Presidente";"280000602477";"45";"GERALDO JOSÉ RODRIGUES ALCKMIN FILHO";"GERALDO ALCKMIN";"#NULO#";"12";"APTO";"2";"DEFERIDO";"-3";"#NE";"-3";"#NE";"-3";"#NE";"COLIGAÇÃO";"45";"PSDB";"Partido da Social Democracia Brasileira";"-1";"#NULO#";"#NULO#";"#NULO#";"280000050070";"PARA UNIR O BRASIL";"PSDB / PTB / PP / PR / DEM / SOLIDARIEDADE / PPS / PRB / PSD";"N";"616";"Válido";"616";"4";"NÃO ELEITO"
"13/11/2024";"10:56:11";"2018";"2";"Eleição Ordinária";"1";"295";"ELEIÇÃO GERAL FEDERAL 2018";"07/10/2018";"F";"AC";"BR";"BRASIL";"1490";"XAPURI";"2";"1";"Presidente";"280000602477";"45";"GERALDO JOSÉ RODRIGUES ALCKMIN FILHO";"GERALDO ALCKMIN";"#NULO#";"12";"APTO";"2";"DEFERIDO";"-3";"#NE";"-3";"#NE";"-3";"#NE";"COLIGAÇÃO";"45";"PSDB";"Partido da Social Democracia Brasileira";"-1";"#NULO#";"#NULO#";"#NULO#";"280000050070";"PARA UNIR O BRASIL";"PSDB / PTB / PP / PR / DEM / SOLIDARIEDADE / PPS / PRB / PSD";"N";"574";"Válido";"574";"4";"NÃO ELEITO"
"13/11/2024";"10:56:11";"2018";"2";"Eleição Ordinária";"1";"295";"ELEIÇÃO GERAL FEDERAL 2018";"07/10/2018";"F";"AC";"BR";"BRASIL";"1023";"PORTO ACRE";"1";"1";"Presidente";"280000601016";"50";"GUILHERME CASTRO BOULOS";"GUILHERME BOULOS";"#NULO#";"12";"APTO";"2";"DEFERIDO";"-3";"#NE";"-3";"#NE";"-3";"#NE";"COLIGAÇÃO";"50";"PSOL";"Partido Socialismo e Liberdade";"-1";"#NULO#";"#NULO#";"#NULO#";"280000050035";"VAMOS SEM MEDO DE MUDAR O BRASIL";"PSOL / PCB";"N";"16";"Válido";"16";"4";"NÃO ELEITO"
"13/11/2024";"10:56:11";"2018";"2";"Eleição Ordinária";"1";"295";"ELEIÇÃO GERAL FEDERAL 2018";"07/10/2018";"F";"AC";"BR";"BRASIL";"1074";"CRUZEIRO DO SUL";"4";"1";"Presidente";"280000607640";"30";"JOÃO DIONISIO FILGUEIRA BARRETO AMOEDO";"JOÃO AMOÊDO";"#NULO#";"12";"APTO";"2";"DEFERIDO";"-3";"#NE";"-3";"#NE";"-3";"#NE";"PARTIDO ISOLADO";"30";"NOVO";"Partido Novo";"-1";"#NULO#";"#NULO#";"#NULO#";"280000050199";"PARTIDO ISOLADO";"NOVO";"N";"120";"Válido";"120";"4";"NÃO ELEITO"
"13/11/2024";"10:56:11";"2018";"2";"Eleição Ordinária";"1";"295";"ELEIÇÃO GERAL FEDERAL 2018";"07/10/2018";"F";"AC";"BR";"BRASIL";"1511";"PLÁCIDO DE CASTRO";"8";"1";"Presidente";"280000602477";"45";"GERALDO JOSÉ RODRIGUES ALCKMIN FILHO";"GERALDO ALCKMIN";"#NULO#";"12";"APTO";"2";"DEFERIDO";"-3";"#NE";"-3";"#NE";"-3";"#NE";"COLIGAÇÃO";"45";"PSDB";"Partido da Social Democracia Brasileira";"-1";"#NULO#";"#NULO#";"#NULO#";"280000050070";"PARA UNIR O BRASIL";"PSDB / PTB / PP / PR / DEM / SOLIDARIEDADE / PPS / PRB / PSD";"N";"1113";"Válido";"1113";"4";"NÃO ELEITO"
"13/11/2024";"10:56:11";"2018";"2";"Eleição Ordinária";"1";"295";"ELEIÇÃO GERAL FEDERAL 2018";"07/10/2018";"F";"AC";"BR";"BRASIL";"1023";"PORTO ACRE";"1";"1";"Presidente";"280000605589";"12";"CIRO FERREIRA GOMES";"CIRO GOMES";"#NULO#";"12";"APTO";"2";"DEFERIDO";"-3";"#NE";"-3";"#NE";"-3";"#NE";"COLIGAÇÃO";"12";"PDT";"Partido Democrático Trabalhista";"-1";"#NULO#";"#NULO#";"#NULO#";"280000050163";"BRASIL SOBERANO";"PDT / AVANTE";"N";"344";"Válido";"344";"4";"NÃO ELEITO"
"13/11/2024";"10:56:11";"2018";"2";"Eleição Ordinária";"1";"295";"ELEIÇÃO GERAL FEDERAL 2018";"07/10/2018";"F";"AC";"BR";"BRASIL";"1031";"SANTA ROSA DO PURUS";"3";"1";"Presidente";"280000602477";"45";"GERALDO JOSÉ RODRIGUES ALCKMIN FILHO";"GERALDO ALCKMIN";"#NULO#";"12";"APTO";"2";"DEFERIDO";"-3";"#NE";"-3";"#NE";"-3";"#NE";"COLIGAÇÃO";"45";"PSDB";"Partido da Social Democracia Brasileira";"-1";"#NULO#";"#NULO#";"#NULO#";"280000050070";"PARA UNIR O BRASIL";"PSDB / PTB / PP / PR / DEM / SOLIDARIEDADE / PPS / PRB / PSD";"N";"304";"Válido";"304";"4";"NÃO ELEITO"
"13/11/2024";"10:56:11";"2018";"2";"Eleição Ordinária";"1";"295";"ELEIÇÃO GERAL FEDERAL 2018";"07/10/2018";"F";"AC";"BR";"BRASIL";"1082";"RODRIGUES ALVES";"4";"1";"Presidente";"280000602477";"45";"GERALDO JOSÉ RODRIGUES ALCKMIN FILHO";"GERALDO ALCKMIN";"#NULO#";"12";"APTO";"2";"DEFERIDO";"-3";"#NE";"-3";"#NE";"-3";"#NE";"COLIGAÇÃO";"45";"PSDB";"Partido da Social Democracia Brasileira";"-1";"#NULO#";"#NULO#";"#NULO#";"280000050070";"PARA UNIR O BRASIL";"PSDB / PTB / PP / PR / DEM / SOLIDARIEDADE / PPS / PRB / PSD";"N";"1046";"Válido";"1046";"4";"NÃO ELEITO"
"13/11/2024";"10:56:11";"2018";"2";"Eleição Ordinária";"1";"295";"ELEIÇÃO GERAL FEDERAL 2018";"07/10/2018";"F";"AC";"BR";"BRASIL";"1392";"RIO BRANCO";"9";"1";"Presidente";"280000605589";"12";"CIRO FERREIRA GOMES";"CIRO GOMES";"#NULO#";"12";"APTO";"2";"DEFERIDO";"-3";"#NE";"-3";"#NE";"-3";"#NE";"COLIGAÇÃO";"12";"PDT";"Partido Democrático Trabalhista";"-1";"#NULO#";"#NULO#";"#NULO#";"280000050163";"BRASIL SOBERANO";"PDT / AVANTE";"N";"6409";"Válido";"6409";"4";"NÃO ELEITO"
"13/11/2024";"10:56:11";"2018";"2";"Eleição Ordinária";"1";"295";"ELEIÇÃO GERAL FEDERAL 2018";"07/10/2018";"F";"AC";"BR";"BRASIL";"1392";"RIO BRANCO";"1";"1";"Presidente";"280000605589";"12";"CIRO FERREIRA GOMES";"CIRO GOMES";"#NULO#";"12";"APTO";"2";"DEFERIDO";"-3";"#NE";"-3";"#NE";"-3";"#NE";"COLIGAÇÃO";"12";"PDT";"Partido Democrático Trabalhista";"-1";"#NULO#";"#NULO#";"#NULO#";"280000050163";"BRASIL SOBERANO";"PDT / AVANTE";"N";"6099";"Válido";"6099";"4";"NÃO ELEITO"
"13/11/2024";"10:56:11";"2018";"2";"Eleição Ordinária";"1";"295";"ELEIÇÃO GERAL FEDERAL 2018";"07/10/2018";"F";"AC";"BR";"BRASIL";"1120";"ACRELÂNDIA";"8";"1";"Presidente";"280000622281";"15";"HENRIQUE DE CAMPOS MEIRELLES";"HENRIQUE MEIRELLES";"#NULO#";"12";"APTO";"2";"DEFERIDO";"-3";"#NE";"-3";"#NE";"-3";"#NE";"COLIGAÇÃO";"15";"MDB";"Movimento Democrático Brasileiro";"-1";"#NULO#";"#NULO#";"#NULO#";"280000050592";"ESSA É A SOLUÇÃO";"MDB / PHS";"N";"61";"Válido";"61";"4";"NÃO ELEITO"
"13/11/2024";"10:56:11";"2018";"2";"Eleição Ordinária";"1";"295";"ELEIÇÃO GERAL FEDERAL 2018";"07/10/2018";"F";"AC";"BR";"BRASIL";"1023";"PORTO ACRE";"1";"1";"Presidente";"280000607640";"30";"JOÃO DIONISIO FILGUEIRA BARRETO AMOEDO";"JOÃO AMOÊDO";"#NULO#";"12";"APTO";"2";"DEFERIDO";"-3";"#NE";"-3";"#NE";"-3";"#NE";"PARTIDO ISOLADO";"30";"NOVO";"Partido Novo";"-1";"#NULO#";"#NULO#";"#NULO#";"280000050199";"PARTIDO ISOLADO";"NOVO";"N";"9";"Válido";"9";"4";"NÃO ELEITO"
"13/11/2024";"10:56:11";"2018";"2";"Eleição Ordinária";"1";"295";"ELEIÇÃO GERAL FEDERAL 2018";"07/10/2018";"F";"AC";"BR";"BRASIL";"1120";"ACRELÂNDIA";"8";"1";"Presidente";"280000607640";"30";"JOÃO DIONISIO FILGUEIRA BARRETO AMOEDO";"JOÃO AMOÊDO";"#NULO#";"12";"APTO";"2";"DEFERIDO";"-3";"#NE";"-3";"#NE";"-3";"#NE";"PARTIDO ISOLADO";"30";"NOVO";"Partido Novo";"-1";"#NULO#";"#NULO#";"#NULO#";"280000050199";"PARTIDO ISOLADO";"NOVO";"N";"7";"Válido";"7";"4";"NÃO ELEITO"
"13/11/2024";"10:56:11";"2018";"2";"Eleição Ordinária";"1";"295";"ELEIÇÃO GERAL FEDERAL 2018";"07/10/2018";"F";"AC";"BR";"BRASIL";"1120";"ACRELÂNDIA";"8";"1";"Presidente";"280000622171";"18";"MARIA OSMARINA MARINA DA SILVA VAZ DE LIMA";"MARINA SILVA";"#NULO#";"12";"APTO";"2";"DEFERIDO";"-3";"#NE";"-3";"#NE";"-3";"#NE";"COLIGAÇÃO";"18";"REDE";"Rede Sustentabilidade";"-1";"#NULO#";"#NULO#";"#NULO#";"280000050589";"UNIDOS PARA TRANSFORMAR O BRASIL";"REDE / PV";"N";"33";"Válido";"33";"4";"NÃO ELEITO"
"13/11/2024";"10:56:11";"2018";"2";"Eleição Ordinária";"1";"295";"ELEIÇÃO GERAL FEDERAL 2018";"07/10/2018";"F";"AC";"BR";"BRASIL";"1023";"PORTO ACRE";"1";"1";"Presidente";"280000622171";"18";"MARIA OSMARINA MARINA DA SILVA VAZ DE LIMA";"MARINA SILVA";"#NULO#";"12";"APTO";"2";"DEFERIDO";"-3";"#NE";"-3";"#NE";"-3";"#NE";"COLIGAÇÃO";"18";"REDE";"Rede Sustentabilidade";"-1";"#NULO#";"#NULO#";"#NULO#";"280000050589";"UNIDOS PARA TRANSFORMAR O BRASIL";"REDE / PV";"N";"138";"Válido";"138";"4";"NÃO ELEITO"
"13/11/2024";"10:56:11";"2018";"2";"Eleição Ordinária";"1";"295";"ELEIÇÃO GERAL FEDERAL 2018";"07/10/2018";"F";"AC";"BR";"BRASIL";"1074";"CRUZEIRO DO SUL";"4";"1";"Presidente";"280000605589";"12";"CIRO FERREIRA GOMES";"CIRO GOMES";"#NULO#";"12";"APTO";"2";"DEFERIDO";"-3";"#NE";"-3";"#NE";"-3";"#NE";"COLIGAÇÃO";"12";"PDT";"Partido Democrático Trabalhista";"-1";"#NULO#";"#NULO#";"#NULO#";"280000050163";"BRASIL SOBERANO";"PDT / AVANTE";"N";"2433";"Válido";"2433";"4";"NÃO ELEITO"
"13/11/2024";"10:56:11";"2018";"2";"Eleição Ordinária";"1";"295";"ELEIÇÃO GERAL FEDERAL 2018";"07/10/2018";"F";"AC";"BR";"BRASIL";"1023";"PORTO ACRE";"1";"1";"Presidente";"280000622281";"15";"HENRIQUE DE CAMPOS MEIRELLES";"HENRIQUE MEIRELLES";"#NULO#";"12";"APTO";"2";"DEFERIDO";"-3";"#NE";"-3";"#NE";"-3";"#NE";"COLIGAÇÃO";"15";"MDB";"Movimento Democrático Brasileiro";"-1";"#NULO#";"#NULO#";"#NULO#";"280000050592";"ESSA É A SOLUÇÃO";"MDB / PHS";"N";"155";"Válido";"155";"4";"NÃO ELEITO"
"13/11/2024";"10:56:11";"2018";"2";"Eleição Ordinária";"1";"295";"ELEIÇÃO GERAL FEDERAL 2018";"07/10/2018";"F";"AC";"BR";"BRASIL";"1074";"CRUZEIRO DO SUL";"4";"1";"Presidente";"280000622281";"15";"HENRIQUE DE CAMPOS MEIRELLES";"HENRIQUE MEIRELLES";"#NULO#";"12";"APTO";"2";"DEFERIDO";"-3";"#NE";"-3";"#NE";"-3";"#NE";"COLIGAÇÃO";"15";"MDB";"Movimento Democrático Brasileiro";"-1";"#NULO#";"#NULO#";"#NULO#";"280000050592";"ESSA É A SOLUÇÃO";"MDB / PHS";"N";"1455";"Válido";"1455";"4";"NÃO ELEITO"
"13/11/2024";"10:56:11";"2018";"2";"Eleição Ordinária";"1";"295";"ELEIÇÃO GERAL FEDERAL 2018";"07/10/2018";"F";"AC";"BR";"BRASIL";"1104";"JORDÃO";"5";"1";"Presidente";"280000624085";"27";"JOSE MARIA EYMAEL";"EYMAEL";"#NULO#";"12";"APTO";"2";"DEFERIDO";"-3";"#NE";"-3";"#NE";"-3";"#NE";"PARTIDO ISOLADO";"27";"DC";"Democracia Cristã";"-1";"#NULO#";"#NULO#";"#NULO#";"280000050639";"PARTIDO ISOLADO";"DC";"N";"1";"Válido";"1";"4";"NÃO ELEITO"
"13/11/2024";"10:56:11";"2018";"2";"Eleição Ordinária";"1";"295";"ELEIÇÃO GERAL FEDERAL 2018";"07/10/2018";"F";"AC";"BR";"BRASIL";"1570";"ASSIS BRASIL";"6";"1";"Presidente";"280000624085";"27";"JOSE MARIA EYMAEL";"EYMAEL";"#NULO#";"12";"APTO";"2";"DEFERIDO";"-3";"#NE";"-3";"#NE";"-3";"#NE";"PARTIDO ISOLADO";"27";"DC";"Democracia Cristã";"-1";"#NULO#";"#NULO#";"#NULO#";"280000050639";"PARTIDO ISOLADO";"DC";"N";"4";"Válido";"4";"4";"NÃO ELEITO"
"13/11/2024";"10:56:11";"2018";"2";"Eleição Ordinária";"1";"295";"ELEIÇÃO GERAL FEDERAL 2018";"07/10/2018";"F";"AC";"BR";"BRASIL";"1058";"BRASILÉIA";"6";"1";"Presidente";"280000605589";"12";"CIRO FERREIRA GOMES";"CIRO GOMES";"#NULO#";"12";"APTO";"2";"DEFERIDO";"-3";"#NE";"-3";"#NE";"-3";"#NE";"COLIGAÇÃO";"12";"PDT";"Partido Democrático Trabalhista";"-1";"#NULO#";"#NULO#";"#NULO#";"280000050163";"BRASIL SOBERANO";"PDT / AVANTE";"N";"403";"Válido";"403";"4";"NÃO ELEITO"
"13/11/2024";"10:56:11";"2018";"2";"Eleição Ordinária";"1";"295";"ELEIÇÃO GERAL FEDERAL 2018";"07/10/2018";"F";"AC";"BR";"BRASIL";"1058";"BRASILÉIA";"6";"1";"Presidente";"280000622281";"15";"HENRIQUE DE CAMPOS MEIRELLES";"HENRIQUE MEIRELLES";"#NULO#";"12";"APTO";"2";"DEFERIDO";"-3";"#NE";"-3";"#NE";"-3";"#NE";"COLIGAÇÃO";"15";"MDB";"Movimento Democrático Brasileiro";"-1";"#NULO#";"#NULO#";"#NULO#";"280000050592";"ESSA É A SOLUÇÃO";"MDB / PHS";"N";"150";"Válido";"150";"4";"NÃO ELEITO"
"13/11/2024";"10:56:11";"2018";"2";"Eleição Ordinária";"1";"295";"ELEIÇÃO GERAL FEDERAL 2018";"07/10/2018";"F";"AC";"BR";"BRASIL";"1074";"CRUZEIRO DO SUL";"4";"1";"Presidente";"280000622171";"18";"MARIA OSMARINA MARINA DA SILVA VAZ DE LIMA";"MARINA SILVA";"#NULO#";"12";"APTO";"2";"DEFERIDO";"-3";"#NE";"-3";"#NE";"-3";"#NE";"COLIGAÇÃO";"18";"REDE";"Rede Sustentabilidade";"-1";"#NULO#";"#NULO#";"#NULO#";"280000050589";"UNIDOS PARA TRANSFORMAR O BRASIL";"REDE / PV";"N";"601";"Válido";"601";"4";"NÃO ELEITO"
"13/11/2024";"10:56:11";"2018";"2";"Eleição Ordinária";"1";"295";"ELEIÇÃO GERAL FEDERAL 2018";"07/10/2018";"F";"AC";"BR";"BRASIL";"1058";"BRASILÉIA";"6";"1";"Presidente";"280000601016";"50";"GUILHERME CASTRO BOULOS";"GUILHERME BOULOS";"#NULO#";"12";"APTO";"2";"DEFERIDO";"-3";"#NE";"-3";"#NE";"-3";"#NE";"COLIGAÇÃO";"50";"PSOL";"Partido Socialismo e Liberdade";"-1";"#NULO#";"#NULO#";"#NULO#";"280000050035";"VAMOS SEM MEDO DE MUDAR O BRASIL";"PSOL / PCB";"N";"21";"Válido";"21";"4";"NÃO ELEITO"
"13/11/2024";"10:56:11";"2018";"2";"Eleição Ordinária";"1";"295";"ELEIÇÃO GERAL FEDERAL 2018";"07/10/2018";"F";"AC";"BR";"BRASIL";"1457";"SENA MADUREIRA";"3";"1";"Presidente";"280000605589";"12";"CIRO FERREIRA GOMES";"CIRO GOMES";"#NULO#";"12";"APTO";"2";"DEFERIDO";"-3";"#NE";"-3";"#NE";"-3";"#NE";"COLIGAÇÃO";"12";"PDT";"Partido Democrático Trabalhista";"-1";"#NULO#";"#NULO#";"#NULO#";"280000050163";"BRASIL SOBERANO";"PDT / AVANTE";"N";"871";"Válido";"871";"4";"NÃO ELEITO"
"13/11/2024";"10:56:11";"2018";"2";"Eleição Ordinária";"1";"295";"ELEIÇÃO GERAL FEDERAL 2018";"07/10/2018";"F";"AC";"BR";"BRASIL";"1392";"RIO BRANCO";"1";"1";"Presidente";"280000622171";"18";"MARIA OSMARINA MARINA DA SILVA VAZ DE LIMA";"MARINA SILVA";"#NULO#";"12";"APTO";"2";"DEFERIDO";"-3";"#NE";"-3";"#NE";"-3";"#NE";"COLIGAÇÃO";"18";"REDE";"Rede Sustentabilidade";"-1";"#NULO#";"#NULO#";"#NULO#";"280000050589";"UNIDOS PARA TRANSFORMAR O BRASIL";"REDE / PV";"N";"3872";"Válido";"3872";"4";"NÃO ELEITO"
"13/11/2024";"10:56:11";"2018";"2";"Eleição Ordinária";"1";"295";"ELEIÇÃO GERAL FEDERAL 2018";"07/10/2018";"F";"AC";"BR";"BRASIL";"1392";"RIO BRANCO";"9";"1";"Presidente";"280000622171";"18";"MARIA OSMARINA MARINA DA SILVA VAZ DE LIMA";"MARINA SILVA";"#NULO#";"12";"APTO";"2";"DEFERIDO";"-3";"#NE";"-3";"#NE";"-3";"#NE";"COLIGAÇÃO";"18";"REDE";"Rede Sustentabilidade";"-1";"#NULO#";"#NULO#";"#NULO#";"280000050589";"UNIDOS PARA TRANSFORMAR O BRASIL";"REDE / PV";"N";"3742";"Válido";"3742";"4";"NÃO ELEITO"
"13/11/2024";"10:56:11";"2018";"2";"Eleição Ordinária";"1";"295";"ELEIÇÃO GERAL FEDERAL 2018";"07/10/2018";"F";"AC";"BR";"BRASIL";"1392";"RIO BRANCO";"1";"1";"Presidente";"280000601016";"50";"GUILHERME CASTRO BOULOS";"GUILHERME BOULOS";"#NULO#";"12";"APTO";"2";"DEFERIDO";"-3";"#NE";"-3";"#NE";"-3";"#NE";"COLIGAÇÃO";"50";"PSOL";"Partido Socialismo e Liberdade";"-1";"#NULO#";"#NULO#";"#NULO#";"280000050035";"VAMOS SEM MEDO DE MUDAR O BRASIL";"PSOL / PCB";"N";"454";"Válido";"454";"4";"NÃO ELEITO"
"13/11/2024";"10:56:11";"2018";"2";"Eleição Ordinária";"1";"295";"ELEIÇÃO GERAL FEDERAL 2018";"07/10/2018";"F";"AC";"BR";"BRASIL";"1392";"RIO BRANCO";"9";"1";"Presidente";"280000607640";"30";"JOÃO DIONISIO FILGUEIRA BARRETO AMOEDO";"JOÃO AMOÊDO";"#NULO#";"12";"APTO";"2";"DEFERIDO";"-3";"#NE";"-3";"#NE";"-3";"#NE";"PARTIDO ISOLADO";"30";"NOVO";"Partido Novo";"-1";"#NULO#";"#NULO#";"#NULO#";"280000050199";"PARTIDO ISOLADO";"NOVO";"N";"851";"Válido";"851";"4";"NÃO ELEITO"
"13/11/2024";"10:56:11";"2018";"2";"Eleição Ordinária";"1";"295";"ELEIÇÃO GERAL FEDERAL 2018";"07/10/2018";"F";"AC";"BR";"BRASIL";"1392";"RIO BRANCO";"1";"1";"Presidente";"280000622281";"15";"HENRIQUE DE CAMPOS MEIRELLES";"HENRIQUE MEIRELLES";"#NULO#";"12";"APTO";"2";"DEFERIDO";"-3";"#NE";"-3";"#NE";"-3";"#NE";"COLIGAÇÃO";"15";"MDB";"Movimento Democrático Brasileiro";"-1";"#NULO#";"#NULO#";"#NULO#";"280000050592";"ESSA É A SOLUÇÃO";"MDB / PHS";"N";"1108";"Válido";"1108";"4";"NÃO ELEITO"
"13/11/2024";"10:56:11";"2018";"2";"Eleição Ordinária";"1";"295";"ELEIÇÃO GERAL FEDERAL 2018";"07/10/2018";"F";"AC";"BR";"BRASIL";"1392";"RIO BRANCO";"9";"1";"Presidente";"280000601016";"50";"GUILHERME CASTRO BOULOS";"GUILHERME BOULOS";"#NULO#";"12";"APTO";"2";"DEFERIDO";"-3";"#NE";"-3";"#NE";"-3";"#NE";"COLIGAÇÃO";"50";"PSOL";"Partido Socialismo e Liberdade";"-1";"#NULO#";"#NULO#";"#NULO#";"280000050035";"VAMOS SEM MEDO DE MUDAR O BRASIL";"PSOL / PCB";"N";"435";"Válido";"435";"4";"NÃO ELEITO"
"13/11/2024";"10:56:11";"2018";"2";"Eleição Ordinária";"1";"295";"ELEIÇÃO GERAL FEDERAL 2018";"07/10/2018";"F";"AC";"BR";"BRASIL";"1538";"SENADOR GUIOMARD";"8";"1";"Presidente";"280000605589";"12";"CIRO FERREIRA GOMES";"CIRO GOMES";"#NULO#";"12";"APTO";"2";"DEFERIDO";"-3";"#NE";"-3";"#NE";"-3";"#NE";"COLIGAÇÃO";"12";"PDT";"Partido Democrático Trabalhista";"-1";"#NULO#";"#NULO#";"#NULO#";"280000050163";"BRASIL SOBERANO";"PDT / AVANTE";"N";"540";"Válido";"540";"4";"NÃO ELEITO"
"13/11/2024";"10:56:11";"2018";"2";"Eleição Ordinária";"1";"295";"ELEIÇÃO GERAL FEDERAL 2018";"07/10/2018";"F";"AC";"BR";"BRASIL";"1058";"BRASILÉIA";"6";"1";"Presidente";"280000622171";"18";"MARIA OSMARINA MARINA DA SILVA VAZ DE LIMA";"MARINA SILVA";"#NULO#";"12";"APTO";"2";"DEFERIDO";"-3";"#NE";"-3";"#NE";"-3";"#NE";"COLIGAÇÃO";"18";"REDE";"Rede Sustentabilidade";"-1";"#NULO#";"#NULO#";"#NULO#";"280000050589";"UNIDOS PARA TRANSFORMAR O BRASIL";"REDE / PV";"N";"159";"Válido";"159";"4";"NÃO ELEITO"
"13/11/2024";"10:56:11";"2018";"2";"Eleição Ordinária";"1";"295";"ELEIÇÃO GERAL FEDERAL 2018";"07/10/2018";"F";"AC";"BR";"BRASIL";"1104";"JORDÃO";"5";"1";"Presidente";"280000602477";"45";"GERALDO JOSÉ RODRIGUES ALCKMIN FILHO";"GERALDO ALCKMIN";"#NULO#";"12";"APTO";"2";"DEFERIDO";"-3";"#NE";"-3";"#NE";"-3";"#NE";"COLIGAÇÃO";"45";"PSDB";"Partido da Social Democracia Brasileira";"-1";"#NULO#";"#NULO#";"#NULO#";"280000050070";"PARA UNIR O BRASIL";"PSDB / PTB / PP / PR / DEM / SOLIDARIEDADE / PPS / PRB / PSD";"N";"378";"Válido";"378";"4";"NÃO ELEITO"
"13/11/2024";"10:56:11";"2018";"2";"Eleição Ordinária";"1";"295";"ELEIÇÃO GERAL FEDERAL 2018";"07/10/2018";"F";"AC";"BR";"BRASIL";"1392";"RIO BRANCO";"1";"1";"Presidente";"280000607640";"30";"JOÃO DIONISIO FILGUEIRA BARRETO AMOEDO";"JOÃO AMOÊDO";"#NULO#";"12";"APTO";"2";"DEFERIDO";"-3";"#NE";"-3";"#NE";"-3";"#NE";"PARTIDO ISOLADO";"30";"NOVO";"Partido Novo";"-1";"#NULO#";"#NULO#";"#NULO#";"280000050199";"PARTIDO ISOLADO";"NOVO";"N";"794";"Válido";"794";"4";"NÃO ELEITO"
"13/11/2024";"10:56:11";"2018";"2";"Eleição Ordinária";"1";"295";"ELEIÇÃO GERAL FEDERAL 2018";"07/10/2018";"F";"AC";"BR";"BRASIL";"1392";"RIO BRANCO";"9";"1";"Presidente";"280000622281";"15";"HENRIQUE DE CAMPOS MEIRELLES";"HENRIQUE MEIRELLES";"#NULO#";"12";"APTO";"2";"DEFERIDO";"-3";"#NE";"-3";"#NE";"-3";"#NE";"COLIGAÇÃO";"15";"MDB";"Movimento Democrático Brasileiro";"-1";"#NULO#";"#NULO#";"#NULO#";"280000050592";"ESSA É A SOLUÇÃO";"MDB / PHS";"N";"890";"Válido";"890";"4";"NÃO ELEITO"
"13/11/2024";"10:56:11";"2018";"2";"Eleição Ordinária";"1";"295";"ELEIÇÃO GERAL FEDERAL 2018";"07/10/2018";"F";"AC";"BR";"BRASIL";"1570";"ASSIS BRASIL";"6";"1";"Presidente";"280000602477";"45";"GERALDO JOSÉ RODRIGUES ALCKMIN FILHO";"GERALDO ALCKMIN";"#NULO#";"12";"APTO";"2";"DEFERIDO";"-3";"#NE";"-3";"#NE";"-3";"#NE";"COLIGAÇÃO";"45";"PSDB";"Partido da Social Democracia Brasileira";"-1";"#NULO#";"#NULO#";"#NULO#";"280000050070";"PARA UNIR O BRASIL";"PSDB / PTB / PP / PR / DEM / SOLIDARIEDADE / PPS / PRB / PSD";"N";"345";"Válido";"345";"4";"NÃO ELEITO"
"13/11/2024";"10:56:11";"2018";"2";"Eleição Ordinária";"1";"295";"ELEIÇÃO GERAL FEDERAL 2018";"07/10/2018";"F";"AC";"BR";"BRASIL";"1457";"SENA MADUREIRA";"3";"1";"Presidente";"280000601016";"50";"GUILHERME CASTRO BOULOS";"GUILHERME BOULOS";"#NULO#";"12";"APTO";"2";"DEFERIDO";"-3";"#NE";"-3";"#NE";"-3";"#NE";"COLIGAÇÃO";"50";"PSOL";"Partido Socialismo e Liberdade";"-1";"#NULO#";"#NULO#";"#NULO#";"280000050035";"VAMOS SEM MEDO DE MUDAR O BRASIL";"PSOL / PCB";"N";"62";"Válido";"62";"4";"NÃO ELEITO"
"13/11/2024";"10:56:11";"2018";"2";"Eleição Ordinária";"1";"295";"ELEIÇÃO GERAL FEDERAL 2018";"07/10/2018";"F";"AC";"BR";"BRASIL";"1112";"EPITACIOLÂNDIA";"6";"1";"Presidente";"280000601016";"50";"GUILHERME CASTRO BOULOS";"GUILHERME BOULOS";"#NULO#";"12";"APTO";"2";"DEFERIDO";"-3";"#NE";"-3";"#NE";"-3";"#NE";"COLIGAÇÃO";"50";"PSOL";"Partido Socialismo e Liberdade";"-1";"#NULO#";"#NULO#";"#NULO#";"280000050035";"VAMOS SEM MEDO DE MUDAR O BRASIL";"PSOL / PCB";"N";"25";"Válido";"25";"4";"NÃO ELEITO"
"13/11/2024";"10:56:11";"2018";"2";"Eleição Ordinária";"1";"295";"ELEIÇÃO GERAL FEDERAL 2018";"07/10/2018";"F";"AC";"BR";"BRASIL";"1112";"EPITACIOLÂNDIA";"6";"1";"Presidente";"280000605589";"12";"CIRO FERREIRA GOMES";"CIRO GOMES";"#NULO#";"12";"APTO";"2";"DEFERIDO";"-3";"#NE";"-3";"#NE";"-3";"#NE";"COLIGAÇÃO";"12";"PDT";"Partido Democrático Trabalhista";"-1";"#NULO#";"#NULO#";"#NULO#";"280000050163";"BRASIL SOBERANO";"PDT / AVANTE";"N";"319";"Válido";"319";"4";"NÃO ELEITO"
"13/11/2024";"10:56:11";"2018";"2";"Eleição Ordinária";"1";"295";"ELEIÇÃO GERAL FEDERAL 2018";"07/10/2018";"F";"AC";"BR";"BRASIL";"1058";"BRASILÉIA";"6";"1";"Presidente";"280000607640";"30";"JOÃO DIONISIO FILGUEIRA BARRETO AMOEDO";"JOÃO AMOÊDO";"#NULO#";"12";"APTO";"2";"DEFERIDO";"-3";"#NE";"-3";"#NE";"-3";"#NE";"PARTIDO ISOLADO";"30";"NOVO";"Partido Novo";"-1";"#NULO#";"#NULO#";"#NULO#";"280000050199";"PARTIDO ISOLADO";"NOVO";"N";"27";"Válido";"27";"4";"NÃO ELEITO"
"13/11/2024";"10:56:11";"2018";"2";"Eleição Ordinária";"1";"295";"ELEIÇÃO GERAL FEDERAL 2018";"07/10/2018";"F";"AC";"BR";"BRASIL";"1040";"MARECHAL THAUMATURGO";"4";"1";"Presidente";"280000605589";"12";"CIRO FERREIRA GOMES";"CIRO GOMES";"#NULO#";"12";"APTO";"2";"DEFERIDO";"-3";"#NE";"-3";"#NE";"-3";"#NE";"COLIGAÇÃO";"12";"PDT";"Partido Democrático Trabalhista";"-1";"#NULO#";"#NULO#";"#NULO#";"280000050163";"BRASIL SOBERANO";"PDT / AVANTE";"N";"325";"Válido";"325";"4";"NÃO ELEITO"
"13/11/2024";"10:56:11";"2018";"2";"Eleição Ordinária";"1";"295";"ELEIÇÃO GERAL FEDERAL 2018";"07/10/2018";"F";"AC";"BR";"BRASIL";"1040";"MARECHAL THAUMATURGO";"4";"1";"Presidente";"280000618462";"19";"ALVARO FERNANDES DIAS";"ALVARO DIAS";"#NULO#";"12";"APTO";"2";"DEFERIDO";"-3";"#NE";"-3";"#NE";"-3";"#NE";"COLIGAÇÃO";"19";"PODE";"Podemos";"-1";"#NULO#";"#NULO#";"#NULO#";"280000050478";"MUDANÇA DE VERDADE";"PODE / PRP / PSC / PTC";"N";"10";"Válido";"10";"4";"NÃO ELEITO"
"13/11/2024";"10:56:11";"2018";"2";"Eleição Ordinária";"1";"295";"ELEIÇÃO GERAL FEDERAL 2018";"07/10/2018";"F";"AC";"BR";"BRASIL";"1007";"BUJARI";"9";"1";"Presidente";"280000605589";"12";"CIRO FERREIRA GOMES";"CIRO GOMES";"#NULO#";"12";"APTO";"2";"DEFERIDO";"-3";"#NE";"-3";"#NE";"-3";"#NE";"COLIGAÇÃO";"12";"PDT";"Partido Democrático Trabalhista";"-1";"#NULO#";"#NULO#";"#NULO#";"280000050163";"BRASIL SOBERANO";"PDT / AVANTE";"N";"301";"Válido";"301";"4";"NÃO ELEITO"
"13/11/2024";"10:56:11";"2018";"2";"Eleição Ordinária";"1";"295";"ELEIÇÃO GERAL FEDERAL 2018";"07/10/2018";"F";"AC";"BR";"BRASIL";"1112";"EPITACIOLÂNDIA";"6";"1";"Presidente";"280000622281";"15";"HENRIQUE DE CAMPOS MEIRELLES";"HENRIQUE MEIRELLES";"#NULO#";"12";"APTO";"2";"DEFERIDO";"-3";"#NE";"-3";"#NE";"-3";"#NE";"COLIGAÇÃO";"15";"MDB";"Movimento Democrático Brasileiro";"-1";"#NULO#";"#NULO#";"#NULO#";"280000050592";"ESSA É A SOLUÇÃO";"MDB / PHS";"N";"92";"Válido";"92";"4";"NÃO ELEITO"
"13/11/2024";"10:56:11";"2018";"2";"Eleição Ordinária";"1";"295";"ELEIÇÃO GERAL FEDERAL 2018";"07/10/2018";"F";"AC";"BR";"BRASIL";"1112";"EPITACIOLÂNDIA";"6";"1";"Presidente";"280000622171";"18";"MARIA OSMARINA MARINA DA SILVA VAZ DE LIMA";"MARINA SILVA";"#NULO#";"12";"APTO";"2";"DEFERIDO";"-3";"#NE";"-3";"#NE";"-3";"#NE";"COLIGAÇÃO";"18";"REDE";"Rede Sustentabilidade";"-1";"#NULO#";"#NULO#";"#NULO#";"280000050589";"UNIDOS PARA TRANSFORMAR O BRASIL";"REDE / PV";"N";"111";"Válido";"111";"4";"NÃO ELEITO"
"13/11/2024";"10:56:11";"2018";"2";"Eleição Ordinária";"1";"295";"ELEIÇÃO GERAL FEDERAL 2018";"07/10/2018";"F";"AC";"BR";"BRASIL";"1538";"SENADOR GUIOMARD";"8";"1";"Presidente";"280000607640";"30";"JOÃO DIONISIO FILGUEIRA BARRETO AMOEDO";"JOÃO AMOÊDO";"#NULO#";"12";"APTO";"2";"DEFERIDO";"-3";"#NE";"-3";"#NE";"-3";"#NE";"PARTIDO ISOLADO";"30";"NOVO";"Partido Novo";"-1";"#NULO#";"#NULO#";"#NULO#";"280000050199";"PARTIDO ISOLADO";"NOVO";"N";"34";"Válido";"34";"4";"NÃO ELEITO"
"13/11/2024";"10:56:11";"2018";"2";"Eleição Ordinária";"1";"295";"ELEIÇÃO GERAL FEDERAL 2018";"07/10/2018";"F";"AC";"BR";"BRASIL";"1074";"CRUZEIRO DO SUL";"4";"1";"Presidente";"280000624085";"27";"JOSE MARIA EYMAEL";"EYMAEL";"#NULO#";"12";"APTO";"2";"DEFERIDO";"-3";"#NE";"-3";"#NE";"-3";"#NE";"PARTIDO ISOLADO";"27";"DC";"Democracia Cristã";"-1";"#NULO#";"#NULO#";"#NULO#";"280000050639";"PARTIDO ISOLADO";"DC";"N";"7";"Válido";"7";"4";"NÃO ELEITO"
"13/11/2024";"10:56:11";"2018";"2";"Eleição Ordinária";"1";"295";"ELEIÇÃO GERAL FEDERAL 2018";"07/10/2018";"F";"AC";"BR";"BRASIL";"1538";"SENADOR GUIOMARD";"8";"1";"Presidente";"280000601016";"50";"GUILHERME CASTRO BOULOS";"GUILHERME BOULOS";"#NULO#";"12";"APTO";"2";"DEFERIDO";"-3";"#NE";"-3";"#NE";"-3";"#NE";"COLIGAÇÃO";"50";"PSOL";"Partido Socialismo e Liberdade";"-1";"#NULO#";"#NULO#";"#NULO#";"280000050035";"VAMOS SEM MEDO DE MUDAR O BRASIL";"PSOL / PCB";"N";"38";"Válido";"38";"4";"NÃO ELEITO"
"13/11/2024";"10:56:11";"2018";"2";"Eleição Ordinária";"1";"295";"ELEIÇÃO GERAL FEDERAL 2018";"07/10/2018";"F";"AC";"BR";"BRASIL";"1090";"MÂNCIO LIMA";"4";"1";"Presidente";"280000618462";"19";"ALVARO FERNANDES DIAS";"ALVARO DIAS";"#NULO#";"12";"APTO";"2";"DEFERIDO";"-3";"#NE";"-3";"#NE";"-3";"#NE";"COLIGAÇÃO";"19";"PODE";"Podemos";"-1";"#NULO#";"#NULO#";"#NULO#";"280000050478";"MUDANÇA DE VERDADE";"PODE / PRP / PSC / PTC";"N";"33";"Válido";"33";"4";"NÃO ELEITO"
"13/11/2024";"10:56:11";"2018";"2";"Eleição Ordinária";"1";"295";"ELEIÇÃO GERAL FEDERAL 2018";"07/10/2018";"F";"AC";"BR";"BRASIL";"1090";"MÂNCIO LIMA";"4";"1";"Presidente";"280000605589";"12";"CIRO FERREIRA GOMES";"CIRO GOMES";"#NULO#";"12";"APTO";"2";"DEFERIDO";"-3";"#NE";"-3";"#NE";"-3";"#NE";"COLIGAÇÃO";"12";"PDT";"Partido Democrático Trabalhista";"-1";"#NULO#";"#NULO#";"#NULO#";"280000050163";"BRASIL SOBERANO";"PDT / AVANTE";"N";"334";"Válido";"334";"4";"NÃO ELEITO"
"13/11/2024";"10:56:11";"2018";"2";"Eleição Ordinária";"1";"295";"ELEIÇÃO GERAL FEDERAL 2018";"07/10/2018";"F";"AC";"BR";"BRASIL";"1538";"SENADOR GUIOMARD";"8";"1";"Presidente";"280000622281";"15";"HENRIQUE DE CAMPOS MEIRELLES";"HENRIQUE MEIRELLES";"#NULO#";"12";"APTO";"2";"DEFERIDO";"-3";"#NE";"-3";"#NE";"-3";"#NE";"COLIGAÇÃO";"15";"MDB";"Movimento Democrático Brasileiro";"-1";"#NULO#";"#NULO#";"#NULO#";"280000050592";"ESSA É A SOLUÇÃO";"MDB / PHS";"N";"175";"Válido";"175";"4";"NÃO ELEITO"
"13/11/2024";"10:56:11";"2018";"2";"Eleição Ordinária";"1";"295";"ELEIÇÃO GERAL FEDERAL 2018";"07/10/2018";"F";"AC";"BR";"BRASIL";"1457";"SENA MADUREIRA";"3";"1";"Presidente";"280000607640";"30";"JOÃO DIONISIO FILGUEIRA BARRETO AMOEDO";"JOÃO AMOÊDO";"#NULO#";"12";"APTO";"2";"DEFERIDO";"-3";"#NE";"-3";"#NE";"-3";"#NE";"PARTIDO ISOLADO";"30";"NOVO";"Partido Novo";"-1";"#NULO#";"#NULO#";"#NULO#";"280000050199";"PARTIDO ISOLADO";"NOVO";"N";"35";"Válido";"35";"4";"NÃO ELEITO"
"13/11/2024";"10:56:11";"2018";"2";"Eleição Ordinária";"1";"295";"ELEIÇÃO GERAL FEDERAL 2018";"07/10/2018";"F";"AC";"BR";"BRASIL";"1457";"SENA MADUREIRA";"3";"1";"Presidente";"280000622281";"15";"HENRIQUE DE CAMPOS MEIRELLES";"HENRIQUE MEIRELLES";"#NULO#";"12";"APTO";"2";"DEFERIDO";"-3";"#NE";"-3";"#NE";"-3";"#NE";"COLIGAÇÃO";"15";"MDB";"Movimento Democrático Brasileiro";"-1";"#NULO#";"#NULO#";"#NULO#";"280000050592";"ESSA É A SOLUÇÃO";"MDB / PHS";"N";"317";"Válido";"317";"4";"NÃO ELEITO"
"13/11/2024";"10:56:11";"2018";"2";"Eleição Ordinária";"1";"295";"ELEIÇÃO GERAL FEDERAL 2018";"07/10/2018";"F";"AC";"BR";"BRASIL";"1538";"SENADOR GUIOMARD";"8";"1";"Presidente";"280000622171";"18";"MARIA OSMARINA MARINA DA SILVA VAZ DE LIMA";"MARINA SILVA";"#NULO#";"12";"APTO";"2";"DEFERIDO";"-3";"#NE";"-3";"#NE";"-3";"#NE";"COLIGAÇÃO";"18";"REDE";"Rede Sustentabilidade";"-1";"#NULO#";"#NULO#";"#NULO#";"280000050589";"UNIDOS PARA TRANSFORMAR O BRASIL";"REDE / PV";"N";"316";"Válido";"316";"4";"NÃO ELEITO"
"13/11/2024";"10:56:11";"2018";"2";"Eleição Ordinária";"1";"295";"ELEIÇÃO GERAL FEDERAL 2018";"07/10/2018";"F";"AC";"BR";"BRASIL";"1007";"BUJARI";"9";"1";"Presidente";"280000618462";"19";"ALVARO FERNANDES DIAS";"ALVARO DIAS";"#NULO#";"12";"APTO";"2";"DEFERIDO";"-3";"#NE";"-3";"#NE";"-3";"#NE";"COLIGAÇÃO";"19";"PODE";"Podemos";"-1";"#NULO#";"#NULO#";"#NULO#";"280000050478";"MUDANÇA DE VERDADE";"PODE / PRP / PSC / PTC";"N";"30";"Válido";"30";"4";"NÃO ELEITO"
"13/11/2024";"10:56:11";"2018";"2";"Eleição Ordinária";"1";"295";"ELEIÇÃO GERAL FEDERAL 2018";"07/10/2018";"F";"AC";"BR";"BRASIL";"1023";"PORTO ACRE";"1";"1";"Presidente";"280000624085";"27";"JOSE MARIA EYMAEL";"EYMAEL";"#NULO#";"12";"APTO";"2";"DEFERIDO";"-3";"#NE";"-3";"#NE";"-3";"#NE";"PARTIDO ISOLADO";"27";"DC";"Democracia Cristã";"-1";"#NULO#";"#NULO#";"#NULO#";"280000050639";"PARTIDO ISOLADO";"DC";"N";"4";"Válido";"4";"4";"NÃO ELEITO"
"13/11/2024";"10:56:11";"2018";"2";"Eleição Ordinária";"1";"295";"ELEIÇÃO GERAL FEDERAL 2018";"07/10/2018";"F";"AC";"BR";"BRASIL";"1007";"BUJARI";"9";"1";"Presidente";"280000601016";"50";"GUILHERME CASTRO BOULOS";"GUILHERME BOULOS";"#NULO#";"12";"APTO";"2";"DEFERIDO";"-3";"#NE";"-3";"#NE";"-3";"#NE";"COLIGAÇÃO";"50";"PSOL";"Partido Socialismo e Liberdade";"-1";"#NULO#";"#NULO#";"#NULO#";"280000050035";"VAMOS SEM MEDO DE MUDAR O BRASIL";"PSOL / PCB";"N";"24";"Válido";"24";"4";"NÃO ELEITO"
"13/11/2024";"10:56:11";"2018";"2";"Eleição Ordinária";"1";"295";"ELEIÇÃO GERAL FEDERAL 2018";"07/10/2018";"F";"AC";"BR";"BRASIL";"1112";"EPITACIOLÂNDIA";"6";"1";"Presidente";"280000607640";"30";"JOÃO DIONISIO FILGUEIRA BARRETO AMOEDO";"JOÃO AMOÊDO";"#NULO#";"12";"APTO";"2";"DEFERIDO";"-3";"#NE";"-3";"#NE";"-3";"#NE";"PARTIDO ISOLADO";"30";"NOVO";"Partido Novo";"-1";"#NULO#";"#NULO#";"#NULO#";"280000050199";"PARTIDO ISOLADO";"NOVO";"N";"25";"Válido";"25";"4";"NÃO ELEITO"
"13/11/2024";"10:56:11";"2018";"2";"Eleição Ordinária";"1";"295";"ELEIÇÃO GERAL FEDERAL 2018";"07/10/2018";"F";"AC";"BR";"BRASIL";"1120";"ACRELÂNDIA";"8";"1";"Presidente";"280000624085";"27";"JOSE MARIA EYMAEL";"EYMAEL";"#NULO#";"12";"APTO";"2";"DEFERIDO";"-3";"#NE";"-3";"#NE";"-3";"#NE";"PARTIDO ISOLADO";"27";"DC";"Democracia Cristã";"-1";"#NULO#";"#NULO#";"#NULO#";"280000050639";"PARTIDO ISOLADO";"DC";"N";"3";"Válido";"3";"4";"NÃO ELEITO"
"13/11/2024";"10:56:11";"2018";"2";"Eleição Ordinária";"1";"295";"ELEIÇÃO GERAL FEDERAL 2018";"07/10/2018";"F";"AC";"BR";"BRASIL";"1139";"FEIJÓ";"7";"1";"Presidente";"280000605589";"12";"CIRO FERREIRA GOMES";"CIRO GOMES";"#NULO#";"12";"APTO";"2";"DEFERIDO";"-3";"#NE";"-3";"#NE";"-3";"#NE";"COLIGAÇÃO";"12";"PDT";"Partido Democrático Trabalhista";"-1";"#NULO#";"#NULO#";"#NULO#";"280000050163";"BRASIL SOBERANO";"PDT / AVANTE";"N";"405";"Válido";"405";"4";"NÃO ELEITO"
"13/11/2024";"10:56:11";"2018";"2";"Eleição Ordinária";"1";"295";"ELEIÇÃO GERAL FEDERAL 2018";"07/10/2018";"F";"AC";"BR";"BRASIL";"1040";"MARECHAL THAUMATURGO";"4";"1";"Presidente";"280000622281";"15";"HENRIQUE DE CAMPOS MEIRELLES";"HENRIQUE MEIRELLES";"#NULO#";"12";"APTO";"2";"DEFERIDO";"-3";"#NE";"-3";"#NE";"-3";"#NE";"COLIGAÇÃO";"15";"MDB";"Movimento Democrático Brasileiro";"-1";"#NULO#";"#NULO#";"#NULO#";"280000050592";"ESSA É A SOLUÇÃO";"MDB / PHS";"N";"296";"Válido";"296";"4";"NÃO ELEITO"
"13/11/2024";"10:56:11";"2018";"2";"Eleição Ordinária";"1";"295";"ELEIÇÃO GERAL FEDERAL 2018";"07/10/2018";"F";"AC";"BR";"BRASIL";"1074";"CRUZEIRO DO SUL";"4";"1";"Presidente";"280000618462";"19";"ALVARO FERNANDES DIAS";"ALVARO DIAS";"#NULO#";"12";"APTO";"2";"DEFERIDO";"-3";"#NE";"-3";"#NE";"-3";"#NE";"COLIGAÇÃO";"19";"PODE";"Podemos";"-1";"#NULO#";"#NULO#";"#NULO#";"280000050478";"MUDANÇA DE VERDADE";"PODE / PRP / PSC / PTC";"N";"132";"Válido";"132";"4";"NÃO ELEITO"
"13/11/2024";"10:56:11";"2018";"2";"Eleição Ordinária";"1";"295";"ELEIÇÃO GERAL FEDERAL 2018";"07/10/2018";"F";"AC";"BR";"BRASIL";"1457";"SENA MADUREIRA";"3";"1";"Presidente";"280000622171";"18";"MARIA OSMARINA MARINA DA SILVA VAZ DE LIMA";"MARINA SILVA";"#NULO#";"12";"APTO";"2";"DEFERIDO";"-3";"#NE";"-3";"#NE";"-3";"#NE";"COLIGAÇÃO";"18";"REDE";"Rede Sustentabilidade";"-1";"#NULO#";"#NULO#";"#NULO#";"280000050589";"UNIDOS PARA TRANSFORMAR O BRASIL";"REDE / PV";"N";"314";"Válido";"314";"4";"NÃO ELEITO"
"13/11/2024";"10:56:11";"2018";"2";"Eleição Ordinária";"1";"295";"ELEIÇÃO GERAL FEDERAL 2018";"07/10/2018";"F";"AC";"BR";"BRASIL";"1023";"PORTO ACRE";"1";"1";"Presidente";"280000602477";"45";"GERALDO JOSÉ RODRIGUES ALCKMIN FILHO";"GERALDO ALCKMIN";"#NULO#";"12";"APTO";"2";"DEFERIDO";"-3";"#NE";"-3";"#NE";"-3";"#NE";"COLIGAÇÃO";"45";"PSDB";"Partido da Social Democracia Brasileira";"-1";"#NULO#";"#NULO#";"#NULO#";"280000050070";"PARA UNIR O BRASIL";"PSDB / PTB / PP / PR / DEM / SOLIDARIEDADE / PPS / PRB / PSD";"N";"1086";"Válido";"1086";"4";"NÃO ELEITO"
"13/11/2024";"10:56:11";"2018";"2";"Eleição Ordinária";"1";"295";"ELEIÇÃO GERAL FEDERAL 2018";"07/10/2018";"F";"AC";"BR";"BRASIL";"1120";"ACRELÂNDIA";"8";"1";"Presidente";"280000618462";"19";"ALVARO FERNANDES DIAS";"ALVARO DIAS";"#NULO#";"12";"APTO";"2";"DEFERIDO";"-3";"#NE";"-3";"#NE";"-3";"#NE";"COLIGAÇÃO";"19";"PODE";"Podemos";"-1";"#NULO#";"#NULO#";"#NULO#";"280000050478";"MUDANÇA DE VERDADE";"PODE / PRP / PSC / PTC";"N";"35";"Válido";"35";"4";"NÃO ELEITO"
"13/11/2024";"10:56:11";"2018";"2";"Eleição Ordinária";"1";"295";"ELEIÇÃO GERAL FEDERAL 2018";"07/10/2018";"F";"AC";"BR";"BRASIL";"1473";"TARAUACÁ";"5";"1";"Presidente";"280000605589";"12";"CIRO FERREIRA GOMES";"CIRO GOMES";"#NULO#";"12";"APTO";"2";"DEFERIDO";"-3";"#NE";"-3";"#NE";"-3";"#NE";"COLIGAÇÃO";"12";"PDT";"Partido Democrático Trabalhista";"-1";"#NULO#";"#NULO#";"#NULO#";"280000050163";"BRASIL SOBERANO";"PDT / AVANTE";"N";"659";"Válido";"659";"4";"NÃO ELEITO"
"13/11/2024";"10:56:11";"2018";"2";"Eleição Ordinária";"1";"295";"ELEIÇÃO GERAL FEDERAL 2018";"07/10/2018";"F";"AC";"BR";"BRASIL";"1007";"BUJARI";"9";"1";"Presidente";"280000622281";"15";"HENRIQUE DE CAMPOS MEIRELLES";"HENRIQUE MEIRELLES";"#NULO#";"12";"APTO";"2";"DEFERIDO";"-3";"#NE";"-3";"#NE";"-3";"#NE";"COLIGAÇÃO";"15";"MDB";"Movimento Democrático Brasileiro";"-1";"#NULO#";"#NULO#";"#NULO#";"280000050592";"ESSA É A SOLUÇÃO";"MDB / PHS";"N";"131";"Válido";"131";"4";"NÃO ELEITO"
"13/11/2024";"10:56:11";"2018";"2";"Eleição Ordinária";"1";"295";"ELEIÇÃO GERAL FEDERAL 2018";"07/10/2018";"F";"AC";"BR";"BRASIL";"1040";"MARECHAL THAUMATURGO";"4";"1";"Presidente";"280000622171";"18";"MARIA OSMARINA MARINA DA SILVA VAZ DE LIMA";"MARINA SILVA";"#NULO#";"12";"APTO";"2";"DEFERIDO";"-3";"#NE";"-3";"#NE";"-3";"#NE";"COLIGAÇÃO";"18";"REDE";"Rede Sustentabilidade";"-1";"#NULO#";"#NULO#";"#NULO#";"280000050589";"UNIDOS PARA TRANSFORMAR O BRASIL";"REDE / PV";"N";"34";"Válido";"34";"4";"NÃO ELEITO"
"13/11/2024";"10:56:11";"2018";"2";"Eleição Ordinária";"1";"295";"ELEIÇÃO GERAL FEDERAL 2018";"07/10/2018";"F";"AC";"BR";"BRASIL";"1090";"MÂNCIO LIMA";"4";"1";"Presidente";"280000601016";"50";"GUILHERME CASTRO BOULOS";"GUILHERME BOULOS";"#NULO#";"12";"APTO";"2";"DEFERIDO";"-3";"#NE";"-3";"#NE";"-3";"#NE";"COLIGAÇÃO";"50";"PSOL";"Partido Socialismo e Liberdade";"-1";"#NULO#";"#NULO#";"#NULO#";"280000050035";"VAMOS SEM MEDO DE MUDAR O BRASIL";"PSOL / PCB";"N";"28";"Válido";"28";"4";"NÃO ELEITO"
"13/11/2024";"10:56:11";"2018";"2";"Eleição Ordinária";"1";"295";"ELEIÇÃO GERAL FEDERAL 2018";"07/10/2018";"F";"AC";"BR";"BRASIL";"1023";"PORTO ACRE";"1";"1";"Presidente";"280000618462";"19";"ALVARO FERNANDES DIAS";"ALVARO DIAS";"#NULO#";"12";"APTO";"2";"DEFERIDO";"-3";"#NE";"-3";"#NE";"-3";"#NE";"COLIGAÇÃO";"19";"PODE";"Podemos";"-1";"#NULO#";"#NULO#";"#NULO#";"280000050478";"MUDANÇA DE VERDADE";"PODE / PRP / PSC / PTC";"N";"15";"Válido";"15";"4";"NÃO ELEITO"
"13/11/2024";"10:56:11";"2018";"2";"Eleição Ordinária";"1";"295";"ELEIÇÃO GERAL FEDERAL 2018";"07/10/2018";"F";"AC";"BR";"BRASIL";"1090";"MÂNCIO LIMA";"4";"1";"Presidente";"280000622281";"15";"HENRIQUE DE CAMPOS MEIRELLES";"HENRIQUE MEIRELLES";"#NULO#";"12";"APTO";"2";"DEFERIDO";"-3";"#NE";"-3";"#NE";"-3";"#NE";"COLIGAÇÃO";"15";"MDB";"Movimento Democrático Brasileiro";"-1";"#NULO#";"#NULO#";"#NULO#";"280000050592";"ESSA É A SOLUÇÃO";"MDB / PHS";"N";"245";"Válido";"245";"4";"NÃO ELEITO"
"13/11/2024";"10:56:11";"2018";"2";"Eleição Ordinária";"1";"295";"ELEIÇÃO GERAL FEDERAL 2018";"07/10/2018";"F";"AC";"BR";"BRASIL";"1040";"MARECHAL THAUMATURGO";"4";"1";"Presidente";"280000601016";"50";"GUILHERME CASTRO BOULOS";"GUILHERME BOULOS";"#NULO#";"12";"APTO";"2";"DEFERIDO";"-3";"#NE";"-3";"#NE";"-3";"#NE";"COLIGAÇÃO";"50";"PSOL";"Partido Socialismo e Liberdade";"-1";"#NULO#";"#NULO#";"#NULO#";"280000050035";"VAMOS SEM MEDO DE MUDAR O BRASIL";"PSOL / PCB";"N";"35";"Válido";"35";"4";"NÃO ELEITO"
"13/11/2024";"10:56:11";"2018";"2";"Eleição Ordinária";"1";"295";"ELEIÇÃO GERAL FEDERAL 2018";"07/10/2018";"F";"AC";"BR";"BRASIL";"1090";"MÂNCIO LIMA";"4";"1";"Presidente";"280000607640";"30";"JOÃO DIONISIO FILGUEIRA BARRETO AMOEDO";"JOÃO AMOÊDO";"#NULO#";"12";"APTO";"2";"DEFERIDO";"-3";"#NE";"-3";"#NE";"-3";"#NE";"PARTIDO ISOLADO";"30";"NOVO";"Partido Novo";"-1";"#NULO#";"#NULO#";"#NULO#";"280000050199";"PARTIDO ISOLADO";"NOVO";"N";"7";"Válido";"7";"4";"NÃO ELEITO"
"13/11/2024";"10:56:11";"2018";"2";"Eleição Ordinária";"1";"295";"ELEIÇÃO GERAL FEDERAL 2018";"07/10/2018";"F";"AC";"BR";"BRASIL";"1007";"BUJARI";"9";"1";"Presidente";"280000607640";"30";"JOÃO DIONISIO FILGUEIRA BARRETO AMOEDO";"JOÃO AMOÊDO";"#NULO#";"12";"APTO";"2";"DEFERIDO";"-3";"#NE";"-3";"#NE";"-3";"#NE";"PARTIDO ISOLADO";"30";"NOVO";"Partido Novo";"-1";"#NULO#";"#NULO#";"#NULO#";"280000050199";"PARTIDO ISOLADO";"NOVO";"N";"12";"Válido";"12";"4";"NÃO ELEITO"
"13/11/2024";"10:56:11";"2018";"2";"Eleição Ordinária";"1";"295";"ELEIÇÃO GERAL FEDERAL 2018";"07/10/2018";"F";"AC";"BR";"BRASIL";"1120";"ACRELÂNDIA";"8";"1";"Presidente";"280000602477";"45";"GERALDO JOSÉ RODRIGUES ALCKMIN FILHO";"GERALDO ALCKMIN";"#NULO#";"12";"APTO";"2";"DEFERIDO";"-3";"#NE";"-3";"#NE";"-3";"#NE";"COLIGAÇÃO";"45";"PSDB";"Partido da Social Democracia Brasileira";"-1";"#NULO#";"#NULO#";"#NULO#";"280000050070";"PARA UNIR O BRASIL";"PSDB / PTB / PP / PR / DEM / SOLIDARIEDADE / PPS / PRB / PSD";"N";"548";"Válido";"548";"4";"NÃO ELEITO"
"13/11/2024";"10:56:11";"2018";"2";"Eleição Ordinária";"1";"295";"ELEIÇÃO GERAL FEDERAL 2018";"07/10/2018";"F";"AC";"BR";"BRASIL";"1074";"CRUZEIRO DO SUL";"4";"1";"Presidente";"280000602477";"45";"GERALDO JOSÉ RODRIGUES ALCKMIN FILHO";"GERALDO ALCKMIN";"#NULO#";"12";"APTO";"2";"DEFERIDO";"-3";"#NE";"-3";"#NE";"-3";"#NE";"COLIGAÇÃO";"45";"PSDB";"Partido da Social Democracia Brasileira";"-1";"#NULO#";"#NULO#";"#NULO#";"280000050070";"PARA UNIR O BRASIL";"PSDB / PTB / PP / PR / DEM / SOLIDARIEDADE / PPS / PRB / PSD";"N";"4087";"Válido";"4087";"4";"NÃO ELEITO"
"13/11/2024";"10:56:11";"2018";"2";"Eleição Ordinária";"1";"295";"ELEIÇÃO GERAL FEDERAL 2018";"07/10/2018";"F";"AC";"BR";"BRASIL";"1090";"MÂNCIO LIMA";"4";"1";"Presidente";"280000622171";"18";"MARIA OSMARINA MARINA DA SILVA VAZ DE LIMA";"MARINA SILVA";"#NULO#";"12";"APTO";"2";"DEFERIDO";"-3";"#NE";"-3";"#NE";"-3";"#NE";"COLIGAÇÃO";"18";"REDE";"Rede Sustentabilidade";"-1";"#NULO#";"#NULO#";"#NULO#";"280000050589";"UNIDOS PARA TRANSFORMAR O BRASIL";"REDE / PV";"N";"80";"Válido";"80";"4";"NÃO ELEITO"
"13/11/2024";"10:56:11";"2018";"2";"Eleição Ordinária";"1";"295";"ELEIÇÃO GERAL FEDERAL 2018";"07/10/2018";"F";"AC";"BR";"BRASIL";"1392";"RIO BRANCO";"9";"1";"Presidente";"280000618462";"19";"ALVARO FERNANDES DIAS";"ALVARO DIAS";"#NULO#";"12";"APTO";"2";"DEFERIDO";"-3";"#NE";"-3";"#NE";"-3";"#NE";"COLIGAÇÃO";"19";"PODE";"Podemos";"-1";"#NULO#";"#NULO#";"#NULO#";"280000050478";"MUDANÇA DE VERDADE";"PODE / PRP / PSC / PTC";"N";"473";"Válido";"473";"4";"NÃO ELEITO"
"13/11/2024";"10:56:11";"2018";"2";"Eleição Ordinária";"1";"295";"ELEIÇÃO GERAL FEDERAL 2018";"07/10/2018";"F";"AC";"BR";"BRASIL";"1058";"BRASILÉIA";"6";"1";"Presidente";"280000624085";"27";"JOSE MARIA EYMAEL";"EYMAEL";"#NULO#";"12";"APTO";"2";"DEFERIDO";"-3";"#NE";"-3";"#NE";"-3";"#NE";"PARTIDO ISOLADO";"27";"DC";"Democracia Cristã";"-1";"#NULO#";"#NULO#";"#NULO#";"280000050639";"PARTIDO ISOLADO";"DC";"N";"4";"Válido";"4";"4";"NÃO ELEITO"
"13/11/2024";"10:56:11";"2018";"2";"Eleição Ordinária";"1";"295";"ELEIÇÃO GERAL FEDERAL 2018";"07/10/2018";"F";"AC";"BR";"BRASIL";"1007";"BUJARI";"9";"1";"Presidente";"280000622171";"18";"MARIA OSMARINA MARINA DA SILVA VAZ DE LIMA";"MARINA SILVA";"#NULO#";"12";"APTO";"2";"DEFERIDO";"-3";"#NE";"-3";"#NE";"-3";"#NE";"COLIGAÇÃO";"18";"REDE";"Rede Sustentabilidade";"-1";"#NULO#";"#NULO#";"#NULO#";"280000050589";"UNIDOS PARA TRANSFORMAR O BRASIL";"REDE / PV";"N";"131";"Válido";"131";"4";"NÃO ELEITO"
"13/11/2024";"10:56:11";"2018";"2";"Eleição Ordinária";"1";"295";"ELEIÇÃO GERAL FEDERAL 2018";"07/10/2018";"F";"AC";"BR";"BRASIL";"1023";"PORTO ACRE";"1";"1";"Presidente";"280000624082";"54";"JOÃO VICENTE FONTELLA GOULART";"JOÃO GOULART FILHO";"#NULO#";"12";"APTO";"2";"DEFERIDO";"-3";"#NE";"-3";"#NE";"-3";"#NE";"PARTIDO ISOLADO";"54";"PPL";"Partido Pátria Livre";"-1";"#NULO#";"#NULO#";"#NULO#";"280000050638";"PARTIDO ISOLADO";"PPL";"N";"2";"Válido";"2";"4";"NÃO ELEITO"
"13/11/2024";"10:56:11";"2018";"2";"Eleição Ordinária";"1";"295";"ELEIÇÃO GERAL FEDERAL 2018";"07/10/2018";"F";"AC";"BR";"BRASIL";"1473";"TARAUACÁ";"5";"1";"Presidente";"280000622281";"15";"HENRIQUE DE CAMPOS MEIRELLES";"HENRIQUE MEIRELLES";"#NULO#";"12";"APTO";"2";"DEFERIDO";"-3";"#NE";"-3";"#NE";"-3";"#NE";"COLIGAÇÃO";"15";"MDB";"Movimento Democrático Brasileiro";"-1";"#NULO#";"#NULO#";"#NULO#";"280000050592";"ESSA É A SOLUÇÃO";"MDB / PHS";"N";"175";"Válido";"175";"4";"NÃO ELEITO"
"13/11/2024";"10:56:11";"2018";"2";"Eleição Ordinária";"1";"295";"ELEIÇÃO GERAL FEDERAL 2018";"07/10/2018";"F";"AC";"BR";"BRASIL";"1392";"RIO BRANCO";"1";"1";"Presidente";"280000618462";"19";"ALVARO FERNANDES DIAS";"ALVARO DIAS";"#NULO#";"12";"APTO";"2";"DEFERIDO";"-3";"#NE";"-3";"#NE";"-3";"#NE";"COLIGAÇÃO";"19";"PODE";"Podemos";"-1";"#NULO#";"#NULO#";"#NULO#";"280000050478";"MUDANÇA DE VERDADE";"PODE / PRP / PSC / PTC";"N";"494";"Válido";"494";"4";"NÃO ELEITO"
"13/11/2024";"10:56:11";"2018";"2";"Eleição Ordinária";"1";"295";"ELEIÇÃO GERAL FEDERAL 2018";"07/10/2018";"F";"AC";"BR";"BRASIL";"1392";"RIO BRANCO";"1";"1";"Presidente";"280000624085";"27";"JOSE MARIA EYMAEL";"EYMAEL";"#NULO#";"12";"APTO";"2";"DEFERIDO";"-3";"#NE";"-3";"#NE";"-3";"#NE";"PARTIDO ISOLADO";"27";"DC";"Democracia Cristã";"-1";"#NULO#";"#NULO#";"#NULO#";"280000050639";"PARTIDO ISOLADO";"DC";"N";"74";"Válido";"74";"4";"NÃO ELEITO"
"13/11/2024";"10:56:11";"2018";"2";"Eleição Ordinária";"1";"295";"ELEIÇÃO GERAL FEDERAL 2018";"07/10/2018";"F";"AC";"BR";"BRASIL";"1139";"FEIJÓ";"7";"1";"Presidente";"280000601016";"50";"GUILHERME CASTRO BOULOS";"GUILHERME BOULOS";"#NULO#";"12";"APTO";"2";"DEFERIDO";"-3";"#NE";"-3";"#NE";"-3";"#NE";"COLIGAÇÃO";"50";"PSOL";"Partido Socialismo e Liberdade";"-1";"#NULO#";"#NULO#";"#NULO#";"280000050035";"VAMOS SEM MEDO DE MUDAR O BRASIL";"PSOL / PCB";"N";"48";"Válido";"48";"4";"NÃO ELEITO"
"13/11/2024";"10:56:11";"2018";"2";"Eleição Ordinária";"1";"295";"ELEIÇÃO GERAL FEDERAL 2018";"07/10/2018";"F";"AC";"BR";"BRASIL";"1058";"BRASILÉIA";"6";"1";"Presidente";"280000618462";"19";"ALVARO FERNANDES DIAS";"ALVARO DIAS";"#NULO#";"12";"APTO";"2";"DEFERIDO";"-3";"#NE";"-3";"#NE";"-3";"#NE";"COLIGAÇÃO";"19";"PODE";"Podemos";"-1";"#NULO#";"#NULO#";"#NULO#";"280000050478";"MUDANÇA DE VERDADE";"PODE / PRP / PSC / PTC";"N";"20";"Válido";"20";"4";"NÃO ELEITO"
"13/11/2024";"10:56:11";"2018";"2";"Eleição Ordinária";"1";"295";"ELEIÇÃO GERAL FEDERAL 2018";"07/10/2018";"F";"AC";"BR";"BRASIL";"1473";"TARAUACÁ";"5";"1";"Presidente";"280000601016";"50";"GUILHERME CASTRO BOULOS";"GUILHERME BOULOS";"#NULO#";"12";"APTO";"2";"DEFERIDO";"-3";"#NE";"-3";"#NE";"-3";"#NE";"COLIGAÇÃO";"50";"PSOL";"Partido Socialismo e Liberdade";"-1";"#NULO#";"#NULO#";"#NULO#";"280000050035";"VAMOS SEM MEDO DE MUDAR O BRASIL";"PSOL / PCB";"N";"107";"Válido";"107";"4";"NÃO ELEITO"
"13/11/2024";"10:56:11";"2018";"2";"Eleição Ordinária";"1";"295";"ELEIÇÃO GERAL FEDERAL 2018";"07/10/2018";"F";"AC";"BR";"BRASIL";"1074";"CRUZEIRO DO SUL";"4";"1";"Presidente";"280000624082";"54";"JOÃO VICENTE FONTELLA GOULART";"JOÃO GOULART FILHO";"#NULO#";"12";"APTO";"2";"DEFERIDO";"-3";"#NE";"-3";"#NE";"-3";"#NE";"PARTIDO ISOLADO";"54";"PPL";"Partido Pátria Livre";"-1";"#NULO#";"#NULO#";"#NULO#";"280000050638";"PARTIDO ISOLADO";"PPL";"N";"11";"Válido";"11";"4";"NÃO ELEITO"
"13/11/2024";"10:56:11";"2018";"2";"Eleição Ordinária";"1";"295";"ELEIÇÃO GERAL FEDERAL 2018";"07/10/2018";"F";"AC";"BR";"BRASIL";"1392";"RIO BRANCO";"9";"1";"Presidente";"280000624085";"27";"JOSE MARIA EYMAEL";"EYMAEL";"#NULO#";"12";"APTO";"2";"DEFERIDO";"-3";"#NE";"-3";"#NE";"-3";"#NE";"PARTIDO ISOLADO";"27";"DC";"Democracia Cristã";"-1";"#NULO#";"#NULO#";"#NULO#";"280000050639";"PARTIDO ISOLADO";"DC";"N";"82";"Válido";"82";"4";"NÃO ELEITO"
"13/11/2024";"10:56:11";"2018";"2";"Eleição Ordinária";"1";"295";"ELEIÇÃO GERAL FEDERAL 2018";"07/10/2018";"F";"AC";"BR";"BRASIL";"1120";"ACRELÂNDIA";"8";"1";"Presidente";"280000624082";"54";"JOÃO VICENTE FONTELLA GOULART";"JOÃO GOULART FILHO";"#NULO#";"12";"APTO";"2";"DEFERIDO";"-3";"#NE";"-3";"#NE";"-3";"#NE";"PARTIDO ISOLADO";"54";"PPL";"Partido Pátria Livre";"-1";"#NULO#";"#NULO#";"#NULO#";"280000050638";"PARTIDO ISOLADO";"PPL";"N";"1";"Válido";"1";"4";"NÃO ELEITO"
"13/11/2024";"10:56:11";"2018";"2";"Eleição Ordinária";"1";"295";"ELEIÇÃO GERAL FEDERAL 2018";"07/10/2018";"F";"AC";"BR";"BRASIL";"1139";"FEIJÓ";"7";"1";"Presidente";"280000622281";"15";"HENRIQUE DE CAMPOS MEIRELLES";"HENRIQUE MEIRELLES";"#NULO#";"12";"APTO";"2";"DEFERIDO";"-3";"#NE";"-3";"#NE";"-3";"#NE";"COLIGAÇÃO";"15";"MDB";"Movimento Democrático Brasileiro";"-1";"#NULO#";"#NULO#";"#NULO#";"280000050592";"ESSA É A SOLUÇÃO";"MDB / PHS";"N";"75";"Válido";"75";"4";"NÃO ELEITO"
"13/11/2024";"10:56:11";"2018";"2";"Eleição Ordinária";"1";"295";"ELEIÇÃO GERAL FEDERAL 2018";"07/10/2018";"F";"AC";"BR";"BRASIL";"1473";"TARAUACÁ";"5";"1";"Presidente";"280000607640";"30";"JOÃO DIONISIO FILGUEIRA BARRETO AMOEDO";"JOÃO AMOÊDO";"#NULO#";"12";"APTO";"2";"DEFERIDO";"-3";"#NE";"-3";"#NE";"-3";"#NE";"PARTIDO ISOLADO";"30";"NOVO";"Partido Novo";"-1";"#NULO#";"#NULO#";"#NULO#";"280000050199";"PARTIDO ISOLADO";"NOVO";"N";"14";"Válido";"14";"4";"NÃO ELEITO"
"13/11/2024";"10:56:11";"2018";"2";"Eleição Ordinária";"1";"295";"ELEIÇÃO GERAL FEDERAL 2018";"07/10/2018";"F";"AC";"BR";"BRASIL";"1457";"SENA MADUREIRA";"3";"1";"Presidente";"280000618462";"19";"ALVARO FERNANDES DIAS";"ALVARO DIAS";"#NULO#";"12";"APTO";"2";"DEFERIDO";"-3";"#NE";"-3";"#NE";"-3";"#NE";"COLIGAÇÃO";"19";"PODE";"Podemos";"-1";"#NULO#";"#NULO#";"#NULO#";"280000050478";"MUDANÇA DE VERDADE";"PODE / PRP / PSC / PTC";"N";"49";"Válido";"49";"4";"NÃO ELEITO"
"13/11/2024";"10:56:11";"2018";"2";"Eleição Ordinária";"1";"295";"ELEIÇÃO GERAL FEDERAL 2018";"07/10/2018";"F";"AC";"BR";"BRASIL";"1538";"SENADOR GUIOMARD";"8";"1";"Presidente";"280000618462";"19";"ALVARO FERNANDES DIAS";"ALVARO DIAS";"#NULO#";"12";"APTO";"2";"DEFERIDO";"-3";"#NE";"-3";"#NE";"-3";"#NE";"COLIGAÇÃO";"19";"PODE";"Podemos";"-1";"#NULO#";"#NULO#";"#NULO#";"280000050478";"MUDANÇA DE VERDADE";"PODE / PRP / PSC / PTC";"N";"38";"Válido";"38";"4";"NÃO ELEITO"
"13/11/2024";"10:56:11";"2018";"2";"Eleição Ordinária";"1";"295";"ELEIÇÃO GERAL FEDERAL 2018";"07/10/2018";"F";"AC";"BR";"BRASIL";"1554";"MANOEL URBANO";"3";"1";"Presidente";"280000614517";"17";"JAIR MESSIAS BOLSONARO";"JAIR BOLSONARO";"#NULO#";"12";"APTO";"2";"DEFERIDO";"-3";"#NE";"-3";"#NE";"-3";"#NE";"COLIGAÇÃO";"17";"PSL";"Partido Social Liberal";"-1";"#NULO#";"#NULO#";"#NULO#";"280000050386";"BRASIL ACIMA DE TUDO, DEUS ACIMA DE TODOS";"PSL / PRTB";"N";"1979";"Válido";"1979";"6";"2º TURNO"
"13/11/2024";"10:56:11";"2018";"2";"Eleição Ordinária";"1";"295";"ELEIÇÃO GERAL FEDERAL 2018";"07/10/2018";"F";"AC";"BR";"BRASIL";"1066";"PORTO WALTER";"4";"1";"Presidente";"280000614517";"17";"JAIR MESSIAS BOLSONARO";"JAIR BOLSONARO";"#NULO#";"12";"APTO";"2";"DEFERIDO";"-3";"#NE";"-3";"#NE";"-3";"#NE";"COLIGAÇÃO";"17";"PSL";"Partido Social Liberal";"-1";"#NULO#";"#NULO#";"#NULO#";"280000050386";"BRASIL ACIMA DE TUDO, DEUS ACIMA DE TODOS";"PSL / PRTB";"N";"1623";"Válido";"1623";"6";"2º TURNO"
"13/11/2024";"10:56:11";"2018";"2";"Eleição Ordinária";"1";"295";"ELEIÇÃO GERAL FEDERAL 2018";"07/10/2018";"F";"AC";"BR";"BRASIL";"1112";"EPITACIOLÂNDIA";"6";"1";"Presidente";"280000618462";"19";"ALVARO FERNANDES DIAS";"ALVARO DIAS";"#NULO#";"12";"APTO";"2";"DEFERIDO";"-3";"#NE";"-3";"#NE";"-3";"#NE";"COLIGAÇÃO";"19";"PODE";"Podemos";"-1";"#NULO#";"#NULO#";"#NULO#";"280000050478";"MUDANÇA DE VERDADE";"PODE / PRP / PSC / PTC";"N";"22";"Válido";"22";"4";"NÃO ELEITO"
"13/11/2024";"10:56:11";"2018";"2";"Eleição Ordinária";"1";"295";"ELEIÇÃO GERAL FEDERAL 2018";"07/10/2018";"F";"AC";"BR";"BRASIL";"1058";"BRASILÉIA";"6";"1";"Presidente";"280000602477";"45";"GERALDO JOSÉ RODRIGUES ALCKMIN FILHO";"GERALDO ALCKMIN";"#NULO#";"12";"APTO";"2";"DEFERIDO";"-3";"#NE";"-3";"#NE";"-3";"#NE";"COLIGAÇÃO";"45";"PSDB";"Partido da Social Democracia Brasileira";"-1";"#NULO#";"#NULO#";"#NULO#";"280000050070";"PARA UNIR O BRASIL";"PSDB / PTB / PP / PR / DEM / SOLIDARIEDADE / PPS / PRB / PSD";"N";"1000";"Válido";"1000";"4";"NÃO ELEITO"
"13/11/2024";"10:56:11";"2018";"2";"Eleição Ordinária";"1";"295";"ELEIÇÃO GERAL FEDERAL 2018";"07/10/2018";"F";"AC";"BR";"BRASIL";"1554";"MANOEL URBANO";"3";"1";"Presidente";"280000601173";"16";"VERA LUCIA PEREIRA DA SILVA SALGADO";"VERA";"#NULO#";"12";"APTO";"2";"DEFERIDO";"-3";"#NE";"-3";"#NE";"-3";"#NE";"PARTIDO ISOLADO";"16";"PSTU";"Partido Socialista dos Trabalhadores Unificado";"-1";"#NULO#";"#NULO#";"#NULO#";"280000050040";"PARTIDO ISOLADO";"PSTU";"N";"1";"Válido";"1";"4";"NÃO ELEITO"
"13/11/2024";"10:56:11";"2018";"2";"Eleição Ordinária";"1";"295";"ELEIÇÃO GERAL FEDERAL 2018";"07/10/2018";"F";"AC";"BR";"BRASIL";"1066";"PORTO WALTER";"4";"1";"Presidente";"280000601173";"16";"VERA LUCIA PEREIRA DA SILVA SALGADO";"VERA";"#NULO#";"12";"APTO";"2";"DEFERIDO";"-3";"#NE";"-3";"#NE";"-3";"#NE";"PARTIDO ISOLADO";"16";"PSTU";"Partido Socialista dos Trabalhadores Unificado";"-1";"#NULO#";"#NULO#";"#NULO#";"280000050040";"PARTIDO ISOLADO";"PSTU";"N";"1";"Válido";"1";"4";"NÃO ELEITO"
"13/11/2024";"10:56:11";"2018";"2";"Eleição Ordinária";"1";"295";"ELEIÇÃO GERAL FEDERAL 2018";"07/10/2018";"F";"AC";"BR";"BRASIL";"1392";"RIO BRANCO";"1";"1";"Presidente";"280000624082";"54";"JOÃO VICENTE FONTELLA GOULART";"JOÃO GOULART FILHO";"#NULO#";"12";"APTO";"2";"DEFERIDO";"-3";"#NE";"-3";"#NE";"-3";"#NE";"PARTIDO ISOLADO";"54";"PPL";"Partido Pátria Livre";"-1";"#NULO#";"#NULO#";"#NULO#";"280000050638";"PARTIDO ISOLADO";"PPL";"N";"22";"Válido";"22";"4";"NÃO ELEITO"
"13/11/2024";"10:56:11";"2018";"2";"Eleição Ordinária";"1";"295";"ELEIÇÃO GERAL FEDERAL 2018";"07/10/2018";"F";"AC";"BR";"BRASIL";"1473";"TARAUACÁ";"5";"1";"Presidente";"280000622171";"18";"MARIA OSMARINA MARINA DA SILVA VAZ DE LIMA";"MARINA SILVA";"#NULO#";"12";"APTO";"2";"DEFERIDO";"-3";"#NE";"-3";"#NE";"-3";"#NE";"COLIGAÇÃO";"18";"REDE";"Rede Sustentabilidade";"-1";"#NULO#";"#NULO#";"#NULO#";"280000050589";"UNIDOS PARA TRANSFORMAR O BRASIL";"REDE / PV";"N";"256";"Válido";"256";"4";"NÃO ELEITO"
"13/11/2024";"10:56:11";"2018";"2";"Eleição Ordinária";"1";"295";"ELEIÇÃO GERAL FEDERAL 2018";"07/10/2018";"F";"AC";"BR";"BRASIL";"1139";"FEIJÓ";"7";"1";"Presidente";"280000622171";"18";"MARIA OSMARINA MARINA DA SILVA VAZ DE LIMA";"MARINA SILVA";"#NULO#";"12";"APTO";"2";"DEFERIDO";"-3";"#NE";"-3";"#NE";"-3";"#NE";"COLIGAÇÃO";"18";"REDE";"Rede Sustentabilidade";"-1";"#NULO#";"#NULO#";"#NULO#";"280000050589";"UNIDOS PARA TRANSFORMAR O BRASIL";"REDE / PV";"N";"161";"Válido";"161";"4";"NÃO ELEITO"
"13/11/2024";"10:56:11";"2018";"2";"Eleição Ordinária";"1";"295";"ELEIÇÃO GERAL FEDERAL 2018";"07/10/2018";"F";"AC";"BR";"BRASIL";"1392";"RIO BRANCO";"9";"1";"Presidente";"280000624082";"54";"JOÃO VICENTE FONTELLA GOULART";"JOÃO GOULART FILHO";"#NULO#";"12";"APTO";"2";"DEFERIDO";"-3";"#NE";"-3";"#NE";"-3";"#NE";"PARTIDO ISOLADO";"54";"PPL";"Partido Pátria Livre";"-1";"#NULO#";"#NULO#";"#NULO#";"280000050638";"PARTIDO ISOLADO";"PPL";"N";"33";"Válido";"33";"4";"NÃO ELEITO"
"13/11/2024";"10:56:11";"2018";"2";"Eleição Ordinária";"1";"295";"ELEIÇÃO GERAL FEDERAL 2018";"07/10/2018";"F";"AC";"BR";"BRASIL";"1392";"RIO BRANCO";"1";"1";"Presidente";"280000602477";"45";"GERALDO JOSÉ RODRIGUES ALCKMIN FILHO";"GERALDO ALCKMIN";"#NULO#";"12";"APTO";"2";"DEFERIDO";"-3";"#NE";"-3";"#NE";"-3";"#NE";"COLIGAÇÃO";"45";"PSDB";"Partido da Social Democracia Brasileira";"-1";"#NULO#";"#NULO#";"#NULO#";"280000050070";"PARA UNIR O BRASIL";"PSDB / PTB / PP / PR / DEM / SOLIDARIEDADE / PPS / PRB / PSD";"N";"6174";"Válido";"6174";"4";"NÃO ELEITO"
"13/11/2024";"10:56:11";"2018";"2";"Eleição Ordinária";"1";"295";"ELEIÇÃO GERAL FEDERAL 2018";"07/10/2018";"F";"AC";"BR";"BRASIL";"1139";"FEIJÓ";"7";"1";"Presidente";"280000607640";"30";"JOÃO DIONISIO FILGUEIRA BARRETO AMOEDO";"JOÃO AMOÊDO";"#NULO#";"12";"APTO";"2";"DEFERIDO";"-3";"#NE";"-3";"#NE";"-3";"#NE";"PARTIDO ISOLADO";"30";"NOVO";"Partido Novo";"-1";"#NULO#";"#NULO#";"#NULO#";"280000050199";"PARTIDO ISOLADO";"NOVO";"N";"12";"Válido";"12";"4";"NÃO ELEITO"
"13/11/2024";"10:56:11";"2018";"2";"Eleição Ordinária";"1";"295";"ELEIÇÃO GERAL FEDERAL 2018";"07/10/2018";"F";"AC";"BR";"BRASIL";"1392";"RIO BRANCO";"9";"1";"Presidente";"280000602477";"45";"GERALDO JOSÉ RODRIGUES ALCKMIN FILHO";"GERALDO ALCKMIN";"#NULO#";"12";"APTO";"2";"DEFERIDO";"-3";"#NE";"-3";"#NE";"-3";"#NE";"COLIGAÇÃO";"45";"PSDB";"Partido da Social Democracia Brasileira";"-1";"#NULO#";"#NULO#";"#NULO#";"280000050070";"PARA UNIR O BRASIL";"PSDB / PTB / PP / PR / DEM / SOLIDARIEDADE / PPS / PRB / PSD";"N";"5797";"Válido";"5797";"4";"NÃO ELEITO"
"13/11/2024";"10:56:11";"2018";"2";"Eleição Ordinária";"1";"295";"ELEIÇÃO GERAL FEDERAL 2018";"07/10/2018";"F";"AC";"BR";"BRASIL";"1139";"FEIJÓ";"7";"1";"Presidente";"280000624085";"27";"JOSE MARIA EYMAEL";"EYMAEL";"#NULO#";"12";"APTO";"2";"DEFERIDO";"-3";"#NE";"-3";"#NE";"-3";"#NE";"PARTIDO ISOLADO";"27";"DC";"Democracia Cristã";"-1";"#NULO#";"#NULO#";"#NULO#";"280000050639";"PARTIDO ISOLADO";"DC";"N";"10";"Válido";"10";"4";"NÃO ELEITO"
"13/11/2024";"10:56:11";"2018";"2";"Eleição Ordinária";"1";"295";"ELEIÇÃO GERAL FEDERAL 2018";"07/10/2018";"F";"AC";"BR";"BRASIL";"1473";"TARAUACÁ";"5";"1";"Presidente";"280000624085";"27";"JOSE MARIA EYMAEL";"EYMAEL";"#NULO#";"12";"APTO";"2";"DEFERIDO";"-3";"#NE";"-3";"#NE";"-3";"#NE";"PARTIDO ISOLADO";"27";"DC";"Democracia Cristã";"-1";"#NULO#";"#NULO#";"#NULO#";"280000050639";"PARTIDO ISOLADO";"DC";"N";"9";"Válido";"9";"4";"NÃO ELEITO"
"13/11/2024";"10:56:11";"2018";"2";"Eleição Ordinária";"1";"295";"ELEIÇÃO GERAL FEDERAL 2018";"07/10/2018";"F";"AC";"BR";"BRASIL";"1554";"MANOEL URBANO";"3";"1";"Presidente";"280000602500";"51";"BENEVENUTO DACIOLO FONSECA DOS SANTOS";"CABO DACIOLO";"#NULO#";"12";"APTO";"2";"DEFERIDO";"-3";"#NE";"-3";"#NE";"-3";"#NE";"PARTIDO ISOLADO";"51";"PATRI";"Patriota";"-1";"#NULO#";"#NULO#";"#NULO#";"280000050072";"PARTIDO ISOLADO";"PATRI";"N";"25";"Válido";"25";"4";"NÃO ELEITO"
"13/11/2024";"10:56:11";"2018";"2";"Eleição Ordinária";"1";"295";"ELEIÇÃO GERAL FEDERAL 2018";"07/10/2018";"F";"AC";"BR";"BRASIL";"1066";"PORTO WALTER";"4";"1";"Presidente";"280000602500";"51";"BENEVENUTO DACIOLO FONSECA DOS SANTOS";"CABO DACIOLO";"#NULO#";"12";"APTO";"2";"DEFERIDO";"-3";"#NE";"-3";"#NE";"-3";"#NE";"PARTIDO ISOLADO";"51";"PATRI";"Patriota";"-1";"#NULO#";"#NULO#";"#NULO#";"280000050072";"PARTIDO ISOLADO";"PATRI";"N";"34";"Válido";"34";"4";"NÃO ELEITO"
"13/11/2024";"10:56:11";"2018";"2";"Eleição Ordinária";"1";"295";"ELEIÇÃO GERAL FEDERAL 2018";"07/10/2018";"F";"AC";"BR";"BRASIL";"1538";"SENADOR GUIOMARD";"8";"1";"Presidente";"280000624082";"54";"JOÃO VICENTE FONTELLA GOULART";"JOÃO GOULART FILHO";"#NULO#";"12";"APTO";"2";"DEFERIDO";"-3";"#NE";"-3";"#NE";"-3";"#NE";"PARTIDO ISOLADO";"54";"PPL";"Partido Pátria Livre";"-1";"#NULO#";"#NULO#";"#NULO#";"280000050638";"PARTIDO ISOLADO";"PPL";"N";"6";"Válido";"6";"4";"NÃO ELEITO"
"13/11/2024";"10:56:11";"2018";"2";"Eleição Ordinária";"1";"295";"ELEIÇÃO GERAL FEDERAL 2018";"07/10/2018";"F";"AC";"BR";"BRASIL";"1015";"CAPIXABA";"2";"1";"Presidente";"280000614517";"17";"JAIR MESSIAS BOLSONARO";"JAIR BOLSONARO";"#NULO#";"12";"APTO";"2";"DEFERIDO";"-3";"#NE";"-3";"#NE";"-3";"#NE";"COLIGAÇÃO";"17";"PSL";"Partido Social Liberal";"-1";"#NULO#";"#NULO#";"#NULO#";"280000050386";"BRASIL ACIMA DE TUDO, DEUS ACIMA DE TODOS";"PSL / PRTB";"N";"3484";"Válido";"3484";"6";"2º TURNO"
"13/11/2024";"10:56:11";"2018";"2";"Eleição Ordinária";"1";"295";"ELEIÇÃO GERAL FEDERAL 2018";"07/10/2018";"F";"AC";"BR";"BRASIL";"1511";"PLÁCIDO DE CASTRO";"8";"1";"Presidente";"280000601173";"16";"VERA LUCIA PEREIRA DA SILVA SALGADO";"VERA";"#NULO#";"12";"APTO";"2";"DEFERIDO";"-3";"#NE";"-3";"#NE";"-3";"#NE";"PARTIDO ISOLADO";"16";"PSTU";"Partido Socialista dos Trabalhadores Unificado";"-1";"#NULO#";"#NULO#";"#NULO#";"280000050040";"PARTIDO ISOLADO";"PSTU";"N";"2";"Válido";"2";"4";"NÃO ELEITO"
"13/11/2024";"10:56:11";"2018";"2";"Eleição Ordinária";"1";"295";"ELEIÇÃO GERAL FEDERAL 2018";"07/10/2018";"F";"AC";"BR";"BRASIL";"1457";"SENA MADUREIRA";"3";"1";"Presidente";"280000624082";"54";"JOÃO VICENTE FONTELLA GOULART";"JOÃO GOULART FILHO";"#NULO#";"12";"APTO";"2";"DEFERIDO";"-3";"#NE";"-3";"#NE";"-3";"#NE";"PARTIDO ISOLADO";"54";"PPL";"Partido Pátria Livre";"-1";"#NULO#";"#NULO#";"#NULO#";"280000050638";"PARTIDO ISOLADO";"PPL";"N";"4";"Válido";"4";"4";"NÃO ELEITO"
"13/11/2024";"10:56:11";"2018";"2";"Eleição Ordinária";"1";"295";"ELEIÇÃO GERAL FEDERAL 2018";"07/10/2018";"F";"AC";"BR";"BRASIL";"1112";"EPITACIOLÂNDIA";"6";"1";"Presidente";"280000624082";"54";"JOÃO VICENTE FONTELLA GOULART";"JOÃO GOULART FILHO";"#NULO#";"12";"APTO";"2";"DEFERIDO";"-3";"#NE";"-3";"#NE";"-3";"#NE";"PARTIDO ISOLADO";"54";"PPL";"Partido Pátria Livre";"-1";"#NULO#";"#NULO#";"#NULO#";"280000050638";"PARTIDO ISOLADO";"PPL";"N";"3";"Válido";"3";"4";"NÃO ELEITO"
"13/11/2024";"10:56:11";"2018";"2";"Eleição Ordinária";"1";"295";"ELEIÇÃO GERAL FEDERAL 2018";"07/10/2018";"F";"AC";"BR";"BRASIL";"1490";"XAPURI";"2";"1";"Presidente";"280000601173";"16";"VERA LUCIA PEREIRA DA SILVA SALGADO";"VERA";"#NULO#";"12";"APTO";"2";"DEFERIDO";"-3";"#NE";"-3";"#NE";"-3";"#NE";"PARTIDO ISOLADO";"16";"PSTU";"Partido Socialista dos Trabalhadores Unificado";"-1";"#NULO#";"#NULO#";"#NULO#";"280000050040";"PARTIDO ISOLADO";"PSTU";"N";"2";"Válido";"2";"4";"NÃO ELEITO"
"13/11/2024";"10:56:11";"2018";"2";"Eleição Ordinária";"1";"295";"ELEIÇÃO GERAL FEDERAL 2018";"07/10/2018";"F";"AC";"BR";"BRASIL";"1031";"SANTA ROSA DO PURUS";"3";"1";"Presidente";"280000614517";"17";"JAIR MESSIAS BOLSONARO";"JAIR BOLSONARO";"#NULO#";"12";"APTO";"2";"DEFERIDO";"-3";"#NE";"-3";"#NE";"-3";"#NE";"COLIGAÇÃO";"17";"PSL";"Partido Social Liberal";"-1";"#NULO#";"#NULO#";"#NULO#";"280000050386";"BRASIL ACIMA DE TUDO, DEUS ACIMA DE TODOS";"PSL / PRTB";"N";"474";"Válido";"474";"6";"2º TURNO"
"13/11/2024";"10:56:11";"2018";"2";"Eleição Ordinária";"1";"295";"ELEIÇÃO GERAL FEDERAL 2018";"07/10/2018";"F";"AC";"BR";"BRASIL";"1511";"PLÁCIDO DE CASTRO";"8";"1";"Presidente";"280000614517";"17";"JAIR MESSIAS BOLSONARO";"JAIR BOLSONARO";"#NULO#";"12";"APTO";"2";"DEFERIDO";"-3";"#NE";"-3";"#NE";"-3";"#NE";"COLIGAÇÃO";"17";"PSL";"Partido Social Liberal";"-1";"#NULO#";"#NULO#";"#NULO#";"280000050386";"BRASIL ACIMA DE TUDO, DEUS ACIMA DE TODOS";"PSL / PRTB";"N";"5831";"Válido";"5831";"6";"2º TURNO"
"13/11/2024";"10:56:11";"2018";"2";"Eleição Ordinária";"1";"295";"ELEIÇÃO GERAL FEDERAL 2018";"07/10/2018";"F";"AC";"BR";"BRASIL";"1031";"SANTA ROSA DO PURUS";"3";"1";"Presidente";"280000601173";"16";"VERA LUCIA PEREIRA DA SILVA SALGADO";"VERA";"#NULO#";"12";"APTO";"2";"DEFERIDO";"-3";"#NE";"-3";"#NE";"-3";"#NE";"PARTIDO ISOLADO";"16";"PSTU";"Partido Socialista dos Trabalhadores Unificado";"-1";"#NULO#";"#NULO#";"#NULO#";"280000050040";"PARTIDO ISOLADO";"PSTU";"N";"1";"Válido";"1";"4";"NÃO ELEITO"
"13/11/2024";"10:56:11";"2018";"2";"Eleição Ordinária";"1";"295";"ELEIÇÃO GERAL FEDERAL 2018";"07/10/2018";"F";"AC";"BR";"BRASIL";"1074";"CRUZEIRO DO SUL";"4";"1";"Presidente";"280000602500";"51";"BENEVENUTO DACIOLO FONSECA DOS SANTOS";"CABO DACIOLO";"#NULO#";"12";"APTO";"2";"DEFERIDO";"-3";"#NE";"-3";"#NE";"-3";"#NE";"PARTIDO ISOLADO";"51";"PATRI";"Patriota";"-1";"#NULO#";"#NULO#";"#NULO#";"280000050072";"PARTIDO ISOLADO";"PATRI";"N";"262";"Válido";"262";"4";"NÃO ELEITO"
"13/11/2024";"10:56:11";"2018";"2";"Eleição Ordinária";"1";"295";"ELEIÇÃO GERAL FEDERAL 2018";"07/10/2018";"F";"AC";"BR";"BRASIL";"1040";"MARECHAL THAUMATURGO";"4";"1";"Presidente";"280000624082";"54";"JOÃO VICENTE FONTELLA GOULART";"JOÃO GOULART FILHO";"#NULO#";"12";"APTO";"2";"DEFERIDO";"-3";"#NE";"-3";"#NE";"-3";"#NE";"PARTIDO ISOLADO";"54";"PPL";"Partido Pátria Livre";"-1";"#NULO#";"#NULO#";"#NULO#";"280000050638";"PARTIDO ISOLADO";"PPL";"N";"2";"Válido";"2";"4";"NÃO ELEITO"
"13/11/2024";"10:56:11";"2018";"2";"Eleição Ordinária";"1";"295";"ELEIÇÃO GERAL FEDERAL 2018";"07/10/2018";"F";"AC";"BR";"BRASIL";"1457";"SENA MADUREIRA";"3";"1";"Presidente";"280000624085";"27";"JOSE MARIA EYMAEL";"EYMAEL";"#NULO#";"12";"APTO";"2";"DEFERIDO";"-3";"#NE";"-3";"#NE";"-3";"#NE";"PARTIDO ISOLADO";"27";"DC";"Democracia Cristã";"-1";"#NULO#";"#NULO#";"#NULO#";"280000050639";"PARTIDO ISOLADO";"DC";"N";"11";"Válido";"11";"4";"NÃO ELEITO"
"13/11/2024";"10:56:11";"2018";"2";"Eleição Ordinária";"1";"295";"ELEIÇÃO GERAL FEDERAL 2018";"07/10/2018";"F";"AC";"BR";"BRASIL";"1082";"RODRIGUES ALVES";"4";"1";"Presidente";"280000601173";"16";"VERA LUCIA PEREIRA DA SILVA SALGADO";"VERA";"#NULO#";"12";"APTO";"2";"DEFERIDO";"-3";"#NE";"-3";"#NE";"-3";"#NE";"PARTIDO ISOLADO";"16";"PSTU";"Partido Socialista dos Trabalhadores Unificado";"-1";"#NULO#";"#NULO#";"#NULO#";"280000050040";"PARTIDO ISOLADO";"PSTU";"N";"1";"Válido";"1";"4";"NÃO ELEITO"
"13/11/2024";"10:56:11";"2018";"2";"Eleição Ordinária";"1";"295";"ELEIÇÃO GERAL FEDERAL 2018";"07/10/2018";"F";"AC";"BR";"BRASIL";"1023";"PORTO ACRE";"1";"1";"Presidente";"280000602500";"51";"BENEVENUTO DACIOLO FONSECA DOS SANTOS";"CABO DACIOLO";"#NULO#";"12";"APTO";"2";"DEFERIDO";"-3";"#NE";"-3";"#NE";"-3";"#NE";"PARTIDO ISOLADO";"51";"PATRI";"Patriota";"-1";"#NULO#";"#NULO#";"#NULO#";"280000050072";"PARTIDO ISOLADO";"PATRI";"N";"60";"Válido";"60";"4";"NÃO ELEITO"
"13/11/2024";"10:56:11";"2018";"2";"Eleição Ordinária";"1";"295";"ELEIÇÃO GERAL FEDERAL 2018";"07/10/2018";"F";"AC";"BR";"BRASIL";"1538";"SENADOR GUIOMARD";"8";"1";"Presidente";"280000624085";"27";"JOSE MARIA EYMAEL";"EYMAEL";"#NULO#";"12";"APTO";"2";"DEFERIDO";"-3";"#NE";"-3";"#NE";"-3";"#NE";"PARTIDO ISOLADO";"27";"DC";"Democracia Cristã";"-1";"#NULO#";"#NULO#";"#NULO#";"280000050639";"PARTIDO ISOLADO";"DC";"N";"7";"Válido";"7";"4";"NÃO ELEITO"
"13/11/2024";"10:56:11";"2018";"2";"Eleição Ordinária";"1";"295";"ELEIÇÃO GERAL FEDERAL 2018";"07/10/2018";"F";"AC";"BR";"BRASIL";"1139";"FEIJÓ";"7";"1";"Presidente";"280000602477";"45";"GERALDO JOSÉ RODRIGUES ALCKMIN FILHO";"GERALDO ALCKMIN";"#NULO#";"12";"APTO";"2";"DEFERIDO";"-3";"#NE";"-3";"#NE";"-3";"#NE";"COLIGAÇÃO";"45";"PSDB";"Partido da Social Democracia Brasileira";"-1";"#NULO#";"#NULO#";"#NULO#";"280000050070";"PARA UNIR O BRASIL";"PSDB / PTB / PP / PR / DEM / SOLIDARIEDADE / PPS / PRB / PSD";"N";"1081";"Válido";"1081";"4";"NÃO ELEITO"
"13/11/2024";"10:56:11";"2018";"2";"Eleição Ordinária";"1";"295";"ELEIÇÃO GERAL FEDERAL 2018";"07/10/2018";"F";"AC";"BR";"BRASIL";"1490";"XAPURI";"2";"1";"Presidente";"280000614517";"17";"JAIR MESSIAS BOLSONARO";"JAIR BOLSONARO";"#NULO#";"12";"APTO";"2";"DEFERIDO";"-3";"#NE";"-3";"#NE";"-3";"#NE";"COLIGAÇÃO";"17";"PSL";"Partido Social Liberal";"-1";"#NULO#";"#NULO#";"#NULO#";"280000050386";"BRASIL ACIMA DE TUDO, DEUS ACIMA DE TODOS";"PSL / PRTB";"N";"4331";"Válido";"4331";"6";"2º TURNO"
"13/11/2024";"10:56:11";"2018";"2";"Eleição Ordinária";"1";"295";"ELEIÇÃO GERAL FEDERAL 2018";"07/10/2018";"F";"AC";"BR";"BRASIL";"1490";"XAPURI";"2";"1";"Presidente";"280000602500";"51";"BENEVENUTO DACIOLO FONSECA DOS SANTOS";"CABO DACIOLO";"#NULO#";"12";"APTO";"2";"DEFERIDO";"-3";"#NE";"-3";"#NE";"-3";"#NE";"PARTIDO ISOLADO";"51";"PATRI";"Patriota";"-1";"#NULO#";"#NULO#";"#NULO#";"280000050072";"PARTIDO ISOLADO";"PATRI";"N";"44";"Válido";"44";"4";"NÃO ELEITO"
"13/11/2024";"10:56:11";"2018";"2";"Eleição Ordinária";"1";"295";"ELEIÇÃO GERAL FEDERAL 2018";"07/10/2018";"F";"AC";"BR";"BRASIL";"1104";"JORDÃO";"5";"1";"Presidente";"280000601173";"16";"VERA LUCIA PEREIRA DA SILVA SALGADO";"VERA";"#NULO#";"12";"APTO";"2";"DEFERIDO";"-3";"#NE";"-3";"#NE";"-3";"#NE";"PARTIDO ISOLADO";"16";"PSTU";"Partido Socialista dos Trabalhadores Unificado";"-1";"#NULO#";"#NULO#";"#NULO#";"280000050040";"PARTIDO ISOLADO";"PSTU";"N";"1";"Válido";"1";"4";"NÃO ELEITO"
"13/11/2024";"10:56:11";"2018";"2";"Eleição Ordinária";"1";"295";"ELEIÇÃO GERAL FEDERAL 2018";"07/10/2018";"F";"AC";"BR";"BRASIL";"1511";"PLÁCIDO DE CASTRO";"8";"1";"Presidente";"280000602500";"51";"BENEVENUTO DACIOLO FONSECA DOS SANTOS";"CABO DACIOLO";"#NULO#";"12";"APTO";"2";"DEFERIDO";"-3";"#NE";"-3";"#NE";"-3";"#NE";"PARTIDO ISOLADO";"51";"PATRI";"Patriota";"-1";"#NULO#";"#NULO#";"#NULO#";"280000050072";"PARTIDO ISOLADO";"PATRI";"N";"80";"Válido";"80";"4";"NÃO ELEITO"
"13/11/2024";"10:56:11";"2018";"2";"Eleição Ordinária";"1";"295";"ELEIÇÃO GERAL FEDERAL 2018";"07/10/2018";"F";"AC";"BR";"BRASIL";"1090";"MÂNCIO LIMA";"4";"1";"Presidente";"280000624082";"54";"JOÃO VICENTE FONTELLA GOULART";"JOÃO GOULART FILHO";"#NULO#";"12";"APTO";"2";"DEFERIDO";"-3";"#NE";"-3";"#NE";"-3";"#NE";"PARTIDO ISOLADO";"54";"PPL";"Partido Pátria Livre";"-1";"#NULO#";"#NULO#";"#NULO#";"280000050638";"PARTIDO ISOLADO";"PPL";"N";"1";"Válido";"1";"4";"NÃO ELEITO"
"13/11/2024";"10:56:11";"2018";"2";"Eleição Ordinária";"1";"295";"ELEIÇÃO GERAL FEDERAL 2018";"07/10/2018";"F";"AC";"BR";"BRASIL";"1015";"CAPIXABA";"2";"1";"Presidente";"280000602500";"51";"BENEVENUTO DACIOLO FONSECA DOS SANTOS";"CABO DACIOLO";"#NULO#";"12";"APTO";"2";"DEFERIDO";"-3";"#NE";"-3";"#NE";"-3";"#NE";"PARTIDO ISOLADO";"51";"PATRI";"Patriota";"-1";"#NULO#";"#NULO#";"#NULO#";"280000050072";"PARTIDO ISOLADO";"PATRI";"N";"22";"Válido";"22";"4";"NÃO ELEITO"
"13/11/2024";"10:56:11";"2018";"2";"Eleição Ordinária";"1";"295";"ELEIÇÃO GERAL FEDERAL 2018";"07/10/2018";"F";"AC";"BR";"BRASIL";"1082";"RODRIGUES ALVES";"4";"1";"Presidente";"280000614517";"17";"JAIR MESSIAS BOLSONARO";"JAIR BOLSONARO";"#NULO#";"12";"APTO";"2";"DEFERIDO";"-3";"#NE";"-3";"#NE";"-3";"#NE";"COLIGAÇÃO";"17";"PSL";"Partido Social Liberal";"-1";"#NULO#";"#NULO#";"#NULO#";"280000050386";"BRASIL ACIMA DE TUDO, DEUS ACIMA DE TODOS";"PSL / PRTB";"N";"4371";"Válido";"4371";"6";"2º TURNO"
"13/11/2024";"10:56:11";"2018";"2";"Eleição Ordinária";"1";"295";"ELEIÇÃO GERAL FEDERAL 2018";"07/10/2018";"F";"AC";"BR";"BRASIL";"1007";"BUJARI";"9";"1";"Presidente";"280000624082";"54";"JOÃO VICENTE FONTELLA GOULART";"JOÃO GOULART FILHO";"#NULO#";"12";"APTO";"2";"DEFERIDO";"-3";"#NE";"-3";"#NE";"-3";"#NE";"PARTIDO ISOLADO";"54";"PPL";"Partido Pátria Livre";"-1";"#NULO#";"#NULO#";"#NULO#";"280000050638";"PARTIDO ISOLADO";"PPL";"N";"1";"Válido";"1";"4";"NÃO ELEITO"
"13/11/2024";"10:56:11";"2018";"2";"Eleição Ordinária";"1";"295";"ELEIÇÃO GERAL FEDERAL 2018";"07/10/2018";"F";"AC";"BR";"BRASIL";"1082";"RODRIGUES ALVES";"4";"1";"Presidente";"280000602500";"51";"BENEVENUTO DACIOLO FONSECA DOS SANTOS";"CABO DACIOLO";"#NULO#";"12";"APTO";"2";"DEFERIDO";"-3";"#NE";"-3";"#NE";"-3";"#NE";"PARTIDO ISOLADO";"51";"PATRI";"Patriota";"-1";"#NULO#";"#NULO#";"#NULO#";"280000050072";"PARTIDO ISOLADO";"PATRI";"N";"28";"Válido";"28";"4";"NÃO ELEITO"
"13/11/2024";"10:56:11";"2018";"2";"Eleição Ordinária";"1";"295";"ELEIÇÃO GERAL FEDERAL 2018";"07/10/2018";"F";"AC";"BR";"BRASIL";"1112";"EPITACIOLÂNDIA";"6";"1";"Presidente";"280000602477";"45";"GERALDO JOSÉ RODRIGUES ALCKMIN FILHO";"GERALDO ALCKMIN";"#NULO#";"12";"APTO";"2";"DEFERIDO";"-3";"#NE";"-3";"#NE";"-3";"#NE";"COLIGAÇÃO";"45";"PSDB";"Partido da Social Democracia Brasileira";"-1";"#NULO#";"#NULO#";"#NULO#";"280000050070";"PARA UNIR O BRASIL";"PSDB / PTB / PP / PR / DEM / SOLIDARIEDADE / PPS / PRB / PSD";"N";"600";"Válido";"600";"4";"NÃO ELEITO"
"13/11/2024";"10:56:11";"2018";"2";"Eleição Ordinária";"1";"295";"ELEIÇÃO GERAL FEDERAL 2018";"07/10/2018";"F";"AC";"BR";"BRASIL";"1473";"TARAUACÁ";"5";"1";"Presidente";"280000602477";"45";"GERALDO JOSÉ RODRIGUES ALCKMIN FILHO";"GERALDO ALCKMIN";"#NULO#";"12";"APTO";"2";"DEFERIDO";"-3";"#NE";"-3";"#NE";"-3";"#NE";"COLIGAÇÃO";"45";"PSDB";"Partido da Social Democracia Brasileira";"-1";"#NULO#";"#NULO#";"#NULO#";"280000050070";"PARA UNIR O BRASIL";"PSDB / PTB / PP / PR / DEM / SOLIDARIEDADE / PPS / PRB / PSD";"N";"1168";"Válido";"1168";"4";"NÃO ELEITO"
"13/11/2024";"10:56:11";"2018";"2";"Eleição Ordinária";"1";"295";"ELEIÇÃO GERAL FEDERAL 2018";"07/10/2018";"F";"AC";"BR";"BRASIL";"1538";"SENADOR GUIOMARD";"8";"1";"Presidente";"280000602477";"45";"GERALDO JOSÉ RODRIGUES ALCKMIN FILHO";"GERALDO ALCKMIN";"#NULO#";"12";"APTO";"2";"DEFERIDO";"-3";"#NE";"-3";"#NE";"-3";"#NE";"COLIGAÇÃO";"45";"PSDB";"Partido da Social Democracia Brasileira";"-1";"#NULO#";"#NULO#";"#NULO#";"280000050070";"PARA UNIR O BRASIL";"PSDB / PTB / PP / PR / DEM / SOLIDARIEDADE / PPS / PRB / PSD";"N";"1385";"Válido";"1385";"4";"NÃO ELEITO"
"13/11/2024";"10:56:11";"2018";"2";"Eleição Ordinária";"1";"295";"ELEIÇÃO GERAL FEDERAL 2018";"07/10/2018";"F";"AC";"BR";"BRASIL";"1570";"ASSIS BRASIL";"6";"1";"Presidente";"280000614517";"17";"JAIR MESSIAS BOLSONARO";"JAIR BOLSONARO";"#NULO#";"12";"APTO";"2";"DEFERIDO";"-3";"#NE";"-3";"#NE";"-3";"#NE";"COLIGAÇÃO";"17";"PSL";"Partido Social Liberal";"-1";"#NULO#";"#NULO#";"#NULO#";"280000050386";"BRASIL ACIMA DE TUDO, DEUS ACIMA DE TODOS";"PSL / PRTB";"N";"1955";"Válido";"1955";"6";"2º TURNO"
"13/11/2024";"10:56:11";"2018";"2";"Eleição Ordinária";"1";"295";"ELEIÇÃO GERAL FEDERAL 2018";"07/10/2018";"F";"AC";"BR";"BRASIL";"1473";"TARAUACÁ";"5";"1";"Presidente";"280000624082";"54";"JOÃO VICENTE FONTELLA GOULART";"JOÃO GOULART FILHO";"#NULO#";"12";"APTO";"2";"DEFERIDO";"-3";"#NE";"-3";"#NE";"-3";"#NE";"PARTIDO ISOLADO";"54";"PPL";"Partido Pátria Livre";"-1";"#NULO#";"#NULO#";"#NULO#";"280000050638";"PARTIDO ISOLADO";"PPL";"N";"3";"Válido";"3";"4";"NÃO ELEITO"
"13/11/2024";"10:56:11";"2018";"2";"Eleição Ordinária";"1";"295";"ELEIÇÃO GERAL FEDERAL 2018";"07/10/2018";"F";"AC";"BR";"BRASIL";"1120";"ACRELÂNDIA";"8";"1";"Presidente";"280000602500";"51";"BENEVENUTO DACIOLO FONSECA DOS SANTOS";"CABO DACIOLO";"#NULO#";"12";"APTO";"2";"DEFERIDO";"-3";"#NE";"-3";"#NE";"-3";"#NE";"PARTIDO ISOLADO";"51";"PATRI";"Patriota";"-1";"#NULO#";"#NULO#";"#NULO#";"280000050072";"PARTIDO ISOLADO";"PATRI";"N";"18";"Válido";"18";"4";"NÃO ELEITO"
"13/11/2024";"10:56:11";"2018";"2";"Eleição Ordinária";"1";"295";"ELEIÇÃO GERAL FEDERAL 2018";"07/10/2018";"F";"AC";"BR";"BRASIL";"1031";"SANTA ROSA DO PURUS";"3";"1";"Presidente";"280000602500";"51";"BENEVENUTO DACIOLO FONSECA DOS SANTOS";"CABO DACIOLO";"#NULO#";"12";"APTO";"2";"DEFERIDO";"-3";"#NE";"-3";"#NE";"-3";"#NE";"PARTIDO ISOLADO";"51";"PATRI";"Patriota";"-1";"#NULO#";"#NULO#";"#NULO#";"280000050072";"PARTIDO ISOLADO";"PATRI";"N";"5";"Válido";"5";"4";"NÃO ELEITO"
"13/11/2024";"10:56:11";"2018";"2";"Eleição Ordinária";"1";"295";"ELEIÇÃO GERAL FEDERAL 2018";"07/10/2018";"F";"AC";"BR";"BRASIL";"1392";"RIO BRANCO";"9";"1";"Presidente";"280000602500";"51";"BENEVENUTO DACIOLO FONSECA DOS SANTOS";"CABO DACIOLO";"#NULO#";"12";"APTO";"2";"DEFERIDO";"-3";"#NE";"-3";"#NE";"-3";"#NE";"PARTIDO ISOLADO";"51";"PATRI";"Patriota";"-1";"#NULO#";"#NULO#";"#NULO#";"280000050072";"PARTIDO ISOLADO";"PATRI";"N";"1371";"Válido";"1371";"4";"NÃO ELEITO"
"13/11/2024";"10:56:11";"2018";"2";"Eleição Ordinária";"1";"295";"ELEIÇÃO GERAL FEDERAL 2018";"07/10/2018";"F";"AC";"BR";"BRASIL";"1570";"ASSIS BRASIL";"6";"1";"Presidente";"280000601173";"16";"VERA LUCIA PEREIRA DA SILVA SALGADO";"VERA";"#NULO#";"12";"APTO";"2";"DEFERIDO";"-3";"#NE";"-3";"#NE";"-3";"#NE";"PARTIDO ISOLADO";"16";"PSTU";"Partido Socialista dos Trabalhadores Unificado";"-1";"#NULO#";"#NULO#";"#NULO#";"280000050040";"PARTIDO ISOLADO";"PSTU";"N";"2";"Válido";"2";"4";"NÃO ELEITO"
"13/11/2024";"10:56:11";"2018";"2";"Eleição Ordinária";"1";"295";"ELEIÇÃO GERAL FEDERAL 2018";"07/10/2018";"F";"AC";"BR";"BRASIL";"1058";"BRASILÉIA";"6";"1";"Presidente";"280000602500";"51";"BENEVENUTO DACIOLO FONSECA DOS SANTOS";"CABO DACIOLO";"#NULO#";"12";"APTO";"2";"DEFERIDO";"-3";"#NE";"-3";"#NE";"-3";"#NE";"PARTIDO ISOLADO";"51";"PATRI";"Patriota";"-1";"#NULO#";"#NULO#";"#NULO#";"280000050072";"PARTIDO ISOLADO";"PATRI";"N";"60";"Válido";"60";"4";"NÃO ELEITO"
"13/11/2024";"10:56:11";"2018";"2";"Eleição Ordinária";"1";"295";"ELEIÇÃO GERAL FEDERAL 2018";"07/10/2018";"F";"AC";"BR";"BRASIL";"1139";"FEIJÓ";"7";"1";"Presidente";"280000624082";"54";"JOÃO VICENTE FONTELLA GOULART";"JOÃO GOULART FILHO";"#NULO#";"12";"APTO";"2";"DEFERIDO";"-3";"#NE";"-3";"#NE";"-3";"#NE";"PARTIDO ISOLADO";"54";"PPL";"Partido Pátria Livre";"-1";"#NULO#";"#NULO#";"#NULO#";"280000050638";"PARTIDO ISOLADO";"PPL";"N";"4";"Válido";"4";"4";"NÃO ELEITO"
"13/11/2024";"10:56:11";"2018";"2";"Eleição Ordinária";"1";"295";"ELEIÇÃO GERAL FEDERAL 2018";"07/10/2018";"F";"AC";"BR";"BRASIL";"1104";"JORDÃO";"5";"1";"Presidente";"280000614517";"17";"JAIR MESSIAS BOLSONARO";"JAIR BOLSONARO";"#NULO#";"12";"APTO";"2";"DEFERIDO";"-3";"#NE";"-3";"#NE";"-3";"#NE";"COLIGAÇÃO";"17";"PSL";"Partido Social Liberal";"-1";"#NULO#";"#NULO#";"#NULO#";"280000050386";"BRASIL ACIMA DE TUDO, DEUS ACIMA DE TODOS";"PSL / PRTB";"N";"1081";"Válido";"1081";"6";"2º TURNO"
"13/11/2024";"10:56:11";"2018";"2";"Eleição Ordinária";"1";"295";"ELEIÇÃO GERAL FEDERAL 2018";"07/10/2018";"F";"AC";"BR";"BRASIL";"1570";"ASSIS BRASIL";"6";"1";"Presidente";"280000602500";"51";"BENEVENUTO DACIOLO FONSECA DOS SANTOS";"CABO DACIOLO";"#NULO#";"12";"APTO";"2";"DEFERIDO";"-3";"#NE";"-3";"#NE";"-3";"#NE";"PARTIDO ISOLADO";"51";"PATRI";"Patriota";"-1";"#NULO#";"#NULO#";"#NULO#";"280000050072";"PARTIDO ISOLADO";"PATRI";"N";"29";"Válido";"29";"4";"NÃO ELEITO"
"13/11/2024";"10:56:11";"2018";"2";"Eleição Ordinária";"1";"295";"ELEIÇÃO GERAL FEDERAL 2018";"07/10/2018";"F";"AC";"BR";"BRASIL";"1457";"SENA MADUREIRA";"3";"1";"Presidente";"280000602477";"45";"GERALDO JOSÉ RODRIGUES ALCKMIN FILHO";"GERALDO ALCKMIN";"#NULO#";"12";"APTO";"2";"DEFERIDO";"-3";"#NE";"-3";"#NE";"-3";"#NE";"COLIGAÇÃO";"45";"PSDB";"Partido da Social Democracia Brasileira";"-1";"#NULO#";"#NULO#";"#NULO#";"280000050070";"PARA UNIR O BRASIL";"PSDB / PTB / PP / PR / DEM / SOLIDARIEDADE / PPS / PRB / PSD";"N";"1732";"Válido";"1732";"4";"NÃO ELEITO"
"13/11/2024";"10:56:11";"2018";"2";"Eleição Ordinária";"1";"295";"ELEIÇÃO GERAL FEDERAL 2018";"07/10/2018";"F";"AC";"BR";"BRASIL";"1074";"CRUZEIRO DO SUL";"4";"1";"Presidente";"280000601173";"16";"VERA LUCIA PEREIRA DA SILVA SALGADO";"VERA";"#NULO#";"12";"APTO";"2";"DEFERIDO";"-3";"#NE";"-3";"#NE";"-3";"#NE";"PARTIDO ISOLADO";"16";"PSTU";"Partido Socialista dos Trabalhadores Unificado";"-1";"#NULO#";"#NULO#";"#NULO#";"280000050040";"PARTIDO ISOLADO";"PSTU";"N";"12";"Válido";"12";"4";"NÃO ELEITO"
"13/11/2024";"10:56:11";"2018";"2";"Eleição Ordinária";"1";"295";"ELEIÇÃO GERAL FEDERAL 2018";"07/10/2018";"F";"AC";"BR";"BRASIL";"1392";"RIO BRANCO";"1";"1";"Presidente";"280000602500";"51";"BENEVENUTO DACIOLO FONSECA DOS SANTOS";"CABO DACIOLO";"#NULO#";"12";"APTO";"2";"DEFERIDO";"-3";"#NE";"-3";"#NE";"-3";"#NE";"PARTIDO ISOLADO";"51";"PATRI";"Patriota";"-1";"#NULO#";"#NULO#";"#NULO#";"280000050072";"PARTIDO ISOLADO";"PATRI";"N";"1062";"Válido";"1062";"4";"NÃO ELEITO"
"13/11/2024";"10:56:11";"2018";"2";"Eleição Ordinária";"1";"295";"ELEIÇÃO GERAL FEDERAL 2018";"07/10/2018";"F";"AC";"BR";"BRASIL";"1090";"MÂNCIO LIMA";"4";"1";"Presidente";"280000624085";"27";"JOSE MARIA EYMAEL";"EYMAEL";"#NULO#";"12";"APTO";"2";"DEFERIDO";"-3";"#NE";"-3";"#NE";"-3";"#NE";"PARTIDO ISOLADO";"27";"DC";"Democracia Cristã";"-1";"#NULO#";"#NULO#";"#NULO#";"280000050639";"PARTIDO ISOLADO";"DC";"N";"2";"Válido";"2";"4";"NÃO ELEITO"
"13/11/2024";"10:56:11";"2018";"2";"Eleição Ordinária";"1";"295";"ELEIÇÃO GERAL FEDERAL 2018";"07/10/2018";"F";"AC";"BR";"BRASIL";"1007";"BUJARI";"9";"1";"Presidente";"280000624085";"27";"JOSE MARIA EYMAEL";"EYMAEL";"#NULO#";"12";"APTO";"2";"DEFERIDO";"-3";"#NE";"-3";"#NE";"-3";"#NE";"PARTIDO ISOLADO";"27";"DC";"Democracia Cristã";"-1";"#NULO#";"#NULO#";"#NULO#";"280000050639";"PARTIDO ISOLADO";"DC";"N";"4";"Válido";"4";"4";"NÃO ELEITO"
"13/11/2024";"10:56:11";"2018";"2";"Eleição Ordinária";"1";"295";"ELEIÇÃO GERAL FEDERAL 2018";"07/10/2018";"F";"AC";"BR";"BRASIL";"1066";"PORTO WALTER";"4";"1";"Presidente";"280000624082";"54";"JOÃO VICENTE FONTELLA GOULART";"JOÃO GOULART FILHO";"#NULO#";"12";"APTO";"2";"DEFERIDO";"-3";"#NE";"-3";"#NE";"-3";"#NE";"PARTIDO ISOLADO";"54";"PPL";"Partido Pátria Livre";"-1";"#NULO#";"#NULO#";"#NULO#";"280000050638";"PARTIDO ISOLADO";"PPL";"N";"3";"Válido";"3";"4";"NÃO ELEITO"
"13/11/2024";"10:56:11";"2018";"2";"Eleição Ordinária";"1";"295";"ELEIÇÃO GERAL FEDERAL 2018";"07/10/2018";"F";"AC";"BR";"BRASIL";"1104";"JORDÃO";"5";"1";"Presidente";"280000602500";"51";"BENEVENUTO DACIOLO FONSECA DOS SANTOS";"CABO DACIOLO";"#NULO#";"12";"APTO";"2";"DEFERIDO";"-3";"#NE";"-3";"#NE";"-3";"#NE";"PARTIDO ISOLADO";"51";"PATRI";"Patriota";"-1";"#NULO#";"#NULO#";"#NULO#";"280000050072";"PARTIDO ISOLADO";"PATRI";"N";"6";"Válido";"6";"4";"NÃO ELEITO"
"13/11/2024";"10:56:11";"2018";"2";"Eleição Ordinária";"1";"295";"ELEIÇÃO GERAL FEDERAL 2018";"07/10/2018";"F";"AC";"BR";"BRASIL";"1538";"SENADOR GUIOMARD";"8";"1";"Presidente";"280000602500";"51";"BENEVENUTO DACIOLO FONSECA DOS SANTOS";"CABO DACIOLO";"#NULO#";"12";"APTO";"2";"DEFERIDO";"-3";"#NE";"-3";"#NE";"-3";"#NE";"PARTIDO ISOLADO";"51";"PATRI";"Patriota";"-1";"#NULO#";"#NULO#";"#NULO#";"280000050072";"PARTIDO ISOLADO";"PATRI";"N";"130";"Válido";"130";"4";"NÃO ELEITO"
"13/11/2024";"10:56:11";"2018";"2";"Eleição Ordinária";"1";"295";"ELEIÇÃO GERAL FEDERAL 2018";"07/10/2018";"F";"AC";"BR";"BRASIL";"1040";"MARECHAL THAUMATURGO";"4";"1";"Presidente";"280000624085";"27";"JOSE MARIA EYMAEL";"EYMAEL";"#NULO#";"12";"APTO";"2";"DEFERIDO";"-3";"#NE";"-3";"#NE";"-3";"#NE";"PARTIDO ISOLADO";"27";"DC";"Democracia Cristã";"-1";"#NULO#";"#NULO#";"#NULO#";"280000050639";"PARTIDO ISOLADO";"DC";"N";"1";"Válido";"1";"4";"NÃO ELEITO"
"13/11/2024";"10:56:11";"2018";"2";"Eleição Ordinária";"1";"295";"ELEIÇÃO GERAL FEDERAL 2018";"07/10/2018";"F";"AC";"BR";"BRASIL";"1023";"PORTO ACRE";"1";"1";"Presidente";"280000601173";"16";"VERA LUCIA PEREIRA DA SILVA SALGADO";"VERA";"#NULO#";"12";"APTO";"2";"DEFERIDO";"-3";"#NE";"-3";"#NE";"-3";"#NE";"PARTIDO ISOLADO";"16";"PSTU";"Partido Socialista dos Trabalhadores Unificado";"-1";"#NULO#";"#NULO#";"#NULO#";"280000050040";"PARTIDO ISOLADO";"PSTU";"N";"3";"Válido";"3";"4";"NÃO ELEITO"
"13/11/2024";"10:56:11";"2018";"2";"Eleição Ordinária";"1";"295";"ELEIÇÃO GERAL FEDERAL 2018";"07/10/2018";"F";"AC";"BR";"BRASIL";"1457";"SENA MADUREIRA";"3";"1";"Presidente";"280000602500";"51";"BENEVENUTO DACIOLO FONSECA DOS SANTOS";"CABO DACIOLO";"#NULO#";"12";"APTO";"2";"DEFERIDO";"-3";"#NE";"-3";"#NE";"-3";"#NE";"PARTIDO ISOLADO";"51";"PATRI";"Patriota";"-1";"#NULO#";"#NULO#";"#NULO#";"280000050072";"PARTIDO ISOLADO";"PATRI";"N";"99";"Válido";"99";"4";"NÃO ELEITO"
"13/11/2024";"10:56:11";"2018";"2";"Eleição Ordinária";"1";"295";"ELEIÇÃO GERAL FEDERAL 2018";"07/10/2018";"F";"AC";"BR";"BRASIL";"1473";"TARAUACÁ";"5";"1";"Presidente";"280000618462";"19";"ALVARO FERNANDES DIAS";"ALVARO DIAS";"#NULO#";"12";"APTO";"2";"DEFERIDO";"-3";"#NE";"-3";"#NE";"-3";"#NE";"COLIGAÇÃO";"19";"PODE";"Podemos";"-1";"#NULO#";"#NULO#";"#NULO#";"280000050478";"MUDANÇA DE VERDADE";"PODE / PRP / PSC / PTC";"N";"33";"Válido";"33";"4";"NÃO ELEITO"
"13/11/2024";"10:56:11";"2018";"2";"Eleição Ordinária";"1";"295";"ELEIÇÃO GERAL FEDERAL 2018";"07/10/2018";"F";"AC";"BR";"BRASIL";"1139";"FEIJÓ";"7";"1";"Presidente";"280000618462";"19";"ALVARO FERNANDES DIAS";"ALVARO DIAS";"#NULO#";"12";"APTO";"2";"DEFERIDO";"-3";"#NE";"-3";"#NE";"-3";"#NE";"COLIGAÇÃO";"19";"PODE";"Podemos";"-1";"#NULO#";"#NULO#";"#NULO#";"280000050478";"MUDANÇA DE VERDADE";"PODE / PRP / PSC / PTC";"N";"20";"Válido";"20";"4";"NÃO ELEITO"
"13/11/2024";"10:56:11";"2018";"2";"Eleição Ordinária";"1";"295";"ELEIÇÃO GERAL FEDERAL 2018";"07/10/2018";"F";"AC";"BR";"BRASIL";"1015";"CAPIXABA";"2";"1";"Presidente";"280000624082";"54";"JOÃO VICENTE FONTELLA GOULART";"JOÃO GOULART FILHO";"#NULO#";"12";"APTO";"2";"DEFERIDO";"-3";"#NE";"-3";"#NE";"-3";"#NE";"PARTIDO ISOLADO";"54";"PPL";"Partido Pátria Livre";"-1";"#NULO#";"#NULO#";"#NULO#";"280000050638";"PARTIDO ISOLADO";"PPL";"N";"2";"Válido";"2";"4";"NÃO ELEITO"
"13/11/2024";"10:56:11";"2018";"2";"Eleição Ordinária";"1";"295";"ELEIÇÃO GERAL FEDERAL 2018";"07/10/2018";"F";"AC";"BR";"BRASIL";"1392";"RIO BRANCO";"9";"1";"Presidente";"280000601173";"16";"VERA LUCIA PEREIRA DA SILVA SALGADO";"VERA";"#NULO#";"12";"APTO";"2";"DEFERIDO";"-3";"#NE";"-3";"#NE";"-3";"#NE";"PARTIDO ISOLADO";"16";"PSTU";"Partido Socialista dos Trabalhadores Unificado";"-1";"#NULO#";"#NULO#";"#NULO#";"280000050040";"PARTIDO ISOLADO";"PSTU";"N";"18";"Válido";"18";"4";"NÃO ELEITO"
"13/11/2024";"10:56:11";"2018";"2";"Eleição Ordinária";"1";"295";"ELEIÇÃO GERAL FEDERAL 2018";"07/10/2018";"F";"AC";"BR";"BRASIL";"1392";"RIO BRANCO";"1";"1";"Presidente";"280000601173";"16";"VERA LUCIA PEREIRA DA SILVA SALGADO";"VERA";"#NULO#";"12";"APTO";"2";"DEFERIDO";"-3";"#NE";"-3";"#NE";"-3";"#NE";"PARTIDO ISOLADO";"16";"PSTU";"Partido Socialista dos Trabalhadores Unificado";"-1";"#NULO#";"#NULO#";"#NULO#";"280000050040";"PARTIDO ISOLADO";"PSTU";"N";"13";"Válido";"13";"4";"NÃO ELEITO"
"13/11/2024";"10:56:11";"2018";"2";"Eleição Ordinária";"1";"295";"ELEIÇÃO GERAL FEDERAL 2018";"07/10/2018";"F";"AC";"BR";"BRASIL";"1490";"XAPURI";"2";"1";"Presidente";"280000624082";"54";"JOÃO VICENTE FONTELLA GOULART";"JOÃO GOULART FILHO";"#NULO#";"12";"APTO";"2";"DEFERIDO";"-3";"#NE";"-3";"#NE";"-3";"#NE";"PARTIDO ISOLADO";"54";"PPL";"Partido Pátria Livre";"-1";"#NULO#";"#NULO#";"#NULO#";"280000050638";"PARTIDO ISOLADO";"PPL";"N";"1";"Válido";"1";"4";"NÃO ELEITO"
"13/11/2024";"10:56:11";"2018";"2";"Eleição Ordinária";"1";"295";"ELEIÇÃO GERAL FEDERAL 2018";"07/10/2018";"F";"AC";"BR";"BRASIL";"1074";"CRUZEIRO DO SUL";"4";"1";"Presidente";"280000614517";"17";"JAIR MESSIAS BOLSONARO";"JAIR BOLSONARO";"#NULO#";"12";"APTO";"2";"DEFERIDO";"-3";"#NE";"-3";"#NE";"-3";"#NE";"COLIGAÇÃO";"17";"PSL";"Partido Social Liberal";"-1";"#NULO#";"#NULO#";"#NULO#";"280000050386";"BRASIL ACIMA DE TUDO, DEUS ACIMA DE TODOS";"PSL / PRTB";"N";"27455";"Válido";"27455";"6";"2º TURNO"
"13/11/2024";"10:56:11";"2018";"2";"Eleição Ordinária";"1";"295";"ELEIÇÃO GERAL FEDERAL 2018";"07/10/2018";"F";"AC";"BR";"BRASIL";"1031";"SANTA ROSA DO PURUS";"3";"1";"Presidente";"280000624082";"54";"JOÃO VICENTE FONTELLA GOULART";"JOÃO GOULART FILHO";"#NULO#";"12";"APTO";"2";"DEFERIDO";"-3";"#NE";"-3";"#NE";"-3";"#NE";"PARTIDO ISOLADO";"54";"PPL";"Partido Pátria Livre";"-1";"#NULO#";"#NULO#";"#NULO#";"280000050638";"PARTIDO ISOLADO";"PPL";"N";"2";"Válido";"2";"4";"NÃO ELEITO"
"13/11/2024";"10:56:11";"2018";"2";"Eleição Ordinária";"1";"295";"ELEIÇÃO GERAL FEDERAL 2018";"07/10/2018";"F";"AC";"BR";"BRASIL";"1023";"PORTO ACRE";"1";"1";"Presidente";"280000614517";"17";"JAIR MESSIAS BOLSONARO";"JAIR BOLSONARO";"#NULO#";"12";"APTO";"2";"DEFERIDO";"-3";"#NE";"-3";"#NE";"-3";"#NE";"COLIGAÇÃO";"17";"PSL";"Partido Social Liberal";"-1";"#NULO#";"#NULO#";"#NULO#";"280000050386";"BRASIL ACIMA DE TUDO, DEUS ACIMA DE TODOS";"PSL / PRTB";"N";"6031";"Válido";"6031";"6";"2º TURNO"
"13/11/2024";"10:56:11";"2018";"2";"Eleição Ordinária";"1";"295";"ELEIÇÃO GERAL FEDERAL 2018";"07/10/2018";"F";"AC";"BR";"BRASIL";"1058";"BRASILÉIA";"6";"1";"Presidente";"280000601173";"16";"VERA LUCIA PEREIRA DA SILVA SALGADO";"VERA";"#NULO#";"12";"APTO";"2";"DEFERIDO";"-3";"#NE";"-3";"#NE";"-3";"#NE";"PARTIDO ISOLADO";"16";"PSTU";"Partido Socialista dos Trabalhadores Unificado";"-1";"#NULO#";"#NULO#";"#NULO#";"280000050040";"PARTIDO ISOLADO";"PSTU";"N";"4";"Válido";"4";"4";"NÃO ELEITO"
"13/11/2024";"10:56:11";"2018";"2";"Eleição Ordinária";"1";"295";"ELEIÇÃO GERAL FEDERAL 2018";"07/10/2018";"F";"AC";"BR";"BRASIL";"1120";"ACRELÂNDIA";"8";"1";"Presidente";"280000614517";"17";"JAIR MESSIAS BOLSONARO";"JAIR BOLSONARO";"#NULO#";"12";"APTO";"2";"DEFERIDO";"-3";"#NE";"-3";"#NE";"-3";"#NE";"COLIGAÇÃO";"17";"PSL";"Partido Social Liberal";"-1";"#NULO#";"#NULO#";"#NULO#";"280000050386";"BRASIL ACIMA DE TUDO, DEUS ACIMA DE TODOS";"PSL / PRTB";"N";"4776";"Válido";"4776";"6";"2º TURNO"
"13/11/2024";"10:56:11";"2018";"2";"Eleição Ordinária";"1";"295";"ELEIÇÃO GERAL FEDERAL 2018";"07/10/2018";"F";"AC";"BR";"BRASIL";"1511";"PLÁCIDO DE CASTRO";"8";"1";"Presidente";"280000624082";"54";"JOÃO VICENTE FONTELLA GOULART";"JOÃO GOULART FILHO";"#NULO#";"12";"APTO";"2";"DEFERIDO";"-3";"#NE";"-3";"#NE";"-3";"#NE";"PARTIDO ISOLADO";"54";"PPL";"Partido Pátria Livre";"-1";"#NULO#";"#NULO#";"#NULO#";"280000050638";"PARTIDO ISOLADO";"PPL";"N";"5";"Válido";"5";"4";"NÃO ELEITO"
"13/11/2024";"10:56:11";"2018";"2";"Eleição Ordinária";"1";"295";"ELEIÇÃO GERAL FEDERAL 2018";"07/10/2018";"F";"AC";"BR";"BRASIL";"1082";"RODRIGUES ALVES";"4";"1";"Presidente";"280000624082";"54";"JOÃO VICENTE FONTELLA GOULART";"JOÃO GOULART FILHO";"#NULO#";"12";"APTO";"2";"DEFERIDO";"-3";"#NE";"-3";"#NE";"-3";"#NE";"PARTIDO ISOLADO";"54";"PPL";"Partido Pátria Livre";"-1";"#NULO#";"#NULO#";"#NULO#";"280000050638";"PARTIDO ISOLADO";"PPL";"N";"3";"Válido";"3";"4";"NÃO ELEITO"
"13/11/2024";"10:56:11";"2018";"2";"Eleição Ordinária";"1";"295";"ELEIÇÃO GERAL FEDERAL 2018";"07/10/2018";"F";"AC";"BR";"BRASIL";"1112";"EPITACIOLÂNDIA";"6";"1";"Presidente";"280000602500";"51";"BENEVENUTO DACIOLO FONSECA DOS SANTOS";"CABO DACIOLO";"#NULO#";"12";"APTO";"2";"DEFERIDO";"-3";"#NE";"-3";"#NE";"-3";"#NE";"PARTIDO ISOLADO";"51";"PATRI";"Patriota";"-1";"#NULO#";"#NULO#";"#NULO#";"280000050072";"PARTIDO ISOLADO";"PATRI";"N";"43";"Válido";"43";"4";"NÃO ELEITO"
"13/11/2024";"10:56:11";"2018";"2";"Eleição Ordinária";"1";"295";"ELEIÇÃO GERAL FEDERAL 2018";"07/10/2018";"F";"AC";"BR";"BRASIL";"1090";"MÂNCIO LIMA";"4";"1";"Presidente";"280000602500";"51";"BENEVENUTO DACIOLO FONSECA DOS SANTOS";"CABO DACIOLO";"#NULO#";"12";"APTO";"2";"DEFERIDO";"-3";"#NE";"-3";"#NE";"-3";"#NE";"PARTIDO ISOLADO";"51";"PATRI";"Patriota";"-1";"#NULO#";"#NULO#";"#NULO#";"280000050072";"PARTIDO ISOLADO";"PATRI";"N";"25";"Válido";"25";"4";"NÃO ELEITO"
"13/11/2024";"10:56:11";"2018";"2";"Eleição Ordinária";"1";"295";"ELEIÇÃO GERAL FEDERAL 2018";"07/10/2018";"F";"AC";"BR";"BRASIL";"1457";"SENA MADUREIRA";"3";"1";"Presidente";"280000601173";"16";"VERA LUCIA PEREIRA DA SILVA SALGADO";"VERA";"#NULO#";"12";"APTO";"2";"DEFERIDO";"-3";"#NE";"-3";"#NE";"-3";"#NE";"PARTIDO ISOLADO";"16";"PSTU";"Partido Socialista dos Trabalhadores Unificado";"-1";"#NULO#";"#NULO#";"#NULO#";"280000050040";"PARTIDO ISOLADO";"PSTU";"N";"4";"Válido";"4";"4";"NÃO ELEITO"
"13/11/2024";"10:56:11";"2018";"2";"Eleição Ordinária";"1";"295";"ELEIÇÃO GERAL FEDERAL 2018";"07/10/2018";"F";"AC";"BR";"BRASIL";"1058";"BRASILÉIA";"6";"1";"Presidente";"280000614517";"17";"JAIR MESSIAS BOLSONARO";"JAIR BOLSONARO";"#NULO#";"12";"APTO";"2";"DEFERIDO";"-3";"#NE";"-3";"#NE";"-3";"#NE";"COLIGAÇÃO";"17";"PSL";"Partido Social Liberal";"-1";"#NULO#";"#NULO#";"#NULO#";"280000050386";"BRASIL ACIMA DE TUDO, DEUS ACIMA DE TODOS";"PSL / PRTB";"N";"7608";"Válido";"7608";"6";"2º TURNO"
"13/11/2024";"10:56:11";"2018";"2";"Eleição Ordinária";"1";"295";"ELEIÇÃO GERAL FEDERAL 2018";"07/10/2018";"F";"AC";"BR";"BRASIL";"1112";"EPITACIOLÂNDIA";"6";"1";"Presidente";"280000601173";"16";"VERA LUCIA PEREIRA DA SILVA SALGADO";"VERA";"#NULO#";"12";"APTO";"2";"DEFERIDO";"-3";"#NE";"-3";"#NE";"-3";"#NE";"PARTIDO ISOLADO";"16";"PSTU";"Partido Socialista dos Trabalhadores Unificado";"-1";"#NULO#";"#NULO#";"#NULO#";"280000050040";"PARTIDO ISOLADO";"PSTU";"N";"2";"Válido";"2";"4";"NÃO ELEITO"
"13/11/2024";"10:56:11";"2018";"2";"Eleição Ordinária";"1";"295";"ELEIÇÃO GERAL FEDERAL 2018";"07/10/2018";"F";"AC";"BR";"BRASIL";"1538";"SENADOR GUIOMARD";"8";"1";"Presidente";"280000601173";"16";"VERA LUCIA PEREIRA DA SILVA SALGADO";"VERA";"#NULO#";"12";"APTO";"2";"DEFERIDO";"-3";"#NE";"-3";"#NE";"-3";"#NE";"PARTIDO ISOLADO";"16";"PSTU";"Partido Socialista dos Trabalhadores Unificado";"-1";"#NULO#";"#NULO#";"#NULO#";"280000050040";"PARTIDO ISOLADO";"PSTU";"N";"1";"Válido";"1";"4";"NÃO ELEITO"
"13/11/2024";"10:56:11";"2018";"2";"Eleição Ordinária";"1";"295";"ELEIÇÃO GERAL FEDERAL 2018";"07/10/2018";"F";"AC";"BR";"BRASIL";"1090";"MÂNCIO LIMA";"4";"1";"Presidente";"280000602477";"45";"GERALDO JOSÉ RODRIGUES ALCKMIN FILHO";"GERALDO ALCKMIN";"#NULO#";"12";"APTO";"2";"DEFERIDO";"-3";"#NE";"-3";"#NE";"-3";"#NE";"COLIGAÇÃO";"45";"PSDB";"Partido da Social Democracia Brasileira";"-1";"#NULO#";"#NULO#";"#NULO#";"280000050070";"PARA UNIR O BRASIL";"PSDB / PTB / PP / PR / DEM / SOLIDARIEDADE / PPS / PRB / PSD";"N";"1085";"Válido";"1085";"4";"NÃO ELEITO"
"13/11/2024";"10:56:11";"2018";"2";"Eleição Ordinária";"1";"295";"ELEIÇÃO GERAL FEDERAL 2018";"07/10/2018";"F";"AC";"BR";"BRASIL";"1007";"BUJARI";"9";"1";"Presidente";"280000602500";"51";"BENEVENUTO DACIOLO FONSECA DOS SANTOS";"CABO DACIOLO";"#NULO#";"12";"APTO";"2";"DEFERIDO";"-3";"#NE";"-3";"#NE";"-3";"#NE";"PARTIDO ISOLADO";"51";"PATRI";"Patriota";"-1";"#NULO#";"#NULO#";"#NULO#";"280000050072";"PARTIDO ISOLADO";"PATRI";"N";"38";"Válido";"38";"4";"NÃO ELEITO"
"13/11/2024";"10:56:11";"2018";"2";"Eleição Ordinária";"1";"295";"ELEIÇÃO GERAL FEDERAL 2018";"07/10/2018";"F";"AC";"BR";"BRASIL";"1040";"MARECHAL THAUMATURGO";"4";"1";"Presidente";"280000602477";"45";"GERALDO JOSÉ RODRIGUES ALCKMIN FILHO";"GERALDO ALCKMIN";"#NULO#";"12";"APTO";"2";"DEFERIDO";"-3";"#NE";"-3";"#NE";"-3";"#NE";"COLIGAÇÃO";"45";"PSDB";"Partido da Social Democracia Brasileira";"-1";"#NULO#";"#NULO#";"#NULO#";"280000050070";"PARA UNIR O BRASIL";"PSDB / PTB / PP / PR / DEM / SOLIDARIEDADE / PPS / PRB / PSD";"N";"1269";"Válido";"1269";"4";"NÃO ELEITO"
"13/11/2024";"10:56:11";"2018";"2";"Eleição Ordinária";"1";"295";"ELEIÇÃO GERAL FEDERAL 2018";"07/10/2018";"F";"AC";"BR";"BRASIL";"1104";"JORDÃO";"5";"1";"Presidente";"280000624082";"54";"JOÃO VICENTE FONTELLA GOULART";"JOÃO GOULART FILHO";"#NULO#";"12";"APTO";"2";"DEFERIDO";"-3";"#NE";"-3";"#NE";"-3";"#NE";"PARTIDO ISOLADO";"54";"PPL";"Partido Pátria Livre";"-1";"#NULO#";"#NULO#";"#NULO#";"280000050638";"PARTIDO ISOLADO";"PPL";"N";"2";"Válido";"2";"4";"NÃO ELEITO"
"13/11/2024";"10:56:11";"2018";"2";"Eleição Ordinária";"1";"295";"ELEIÇÃO GERAL FEDERAL 2018";"07/10/2018";"F";"AC";"BR";"BRASIL";"1570";"ASSIS BRASIL";"6";"1";"Presidente";"280000624082";"54";"JOÃO VICENTE FONTELLA GOULART";"JOÃO GOULART FILHO";"#NULO#";"12";"APTO";"2";"DEFERIDO";"-3";"#NE";"-3";"#NE";"-3";"#NE";"PARTIDO ISOLADO";"54";"PPL";"Partido Pátria Livre";"-1";"#NULO#";"#NULO#";"#NULO#";"280000050638";"PARTIDO ISOLADO";"PPL";"N";"2";"Válido";"2";"4";"NÃO ELEITO"
"13/11/2024";"10:56:11";"2018";"2";"Eleição Ordinária";"1";"295";"ELEIÇÃO GERAL FEDERAL 2018";"07/10/2018";"F";"AC";"BR";"BRASIL";"1392";"RIO BRANCO";"1";"1";"Presidente";"280000614517";"17";"JAIR MESSIAS BOLSONARO";"JAIR BOLSONARO";"#NULO#";"12";"APTO";"2";"DEFERIDO";"-3";"#NE";"-3";"#NE";"-3";"#NE";"COLIGAÇÃO";"17";"PSL";"Partido Social Liberal";"-1";"#NULO#";"#NULO#";"#NULO#";"280000050386";"BRASIL ACIMA DE TUDO, DEUS ACIMA DE TODOS";"PSL / PRTB";"N";"71259";"Válido";"71259";"6";"2º TURNO"
"13/11/2024";"10:56:11";"2018";"2";"Eleição Ordinária";"1";"295";"ELEIÇÃO GERAL FEDERAL 2018";"07/10/2018";"F";"AC";"BR";"BRASIL";"1007";"BUJARI";"9";"1";"Presidente";"280000602477";"45";"GERALDO JOSÉ RODRIGUES ALCKMIN FILHO";"GERALDO ALCKMIN";"#NULO#";"12";"APTO";"2";"DEFERIDO";"-3";"#NE";"-3";"#NE";"-3";"#NE";"COLIGAÇÃO";"45";"PSDB";"Partido da Social Democracia Brasileira";"-1";"#NULO#";"#NULO#";"#NULO#";"280000050070";"PARA UNIR O BRASIL";"PSDB / PTB / PP / PR / DEM / SOLIDARIEDADE / PPS / PRB / PSD";"N";"617";"Válido";"617";"4";"NÃO ELEITO"
"13/11/2024";"10:56:11";"2018";"2";"Eleição Ordinária";"1";"295";"ELEIÇÃO GERAL FEDERAL 2018";"07/10/2018";"F";"AC";"BR";"BRASIL";"1007";"BUJARI";"9";"1";"Presidente";"280000601173";"16";"VERA LUCIA PEREIRA DA SILVA SALGADO";"VERA";"#NULO#";"12";"APTO";"2";"DEFERIDO";"-3";"#NE";"-3";"#NE";"-3";"#NE";"PARTIDO ISOLADO";"16";"PSTU";"Partido Socialista dos Trabalhadores Unificado";"-1";"#NULO#";"#NULO#";"#NULO#";"280000050040";"PARTIDO ISOLADO";"PSTU";"N";"1";"Válido";"1";"4";"NÃO ELEITO"
"13/11/2024";"10:56:11";"2018";"2";"Eleição Ordinária";"1";"295";"ELEIÇÃO GERAL FEDERAL 2018";"07/10/2018";"F";"AC";"BR";"BRASIL";"1040";"MARECHAL THAUMATURGO";"4";"1";"Presidente";"280000602500";"51";"BENEVENUTO DACIOLO FONSECA DOS SANTOS";"CABO DACIOLO";"#NULO#";"12";"APTO";"2";"DEFERIDO";"-3";"#NE";"-3";"#NE";"-3";"#NE";"PARTIDO ISOLADO";"51";"PATRI";"Patriota";"-1";"#NULO#";"#NULO#";"#NULO#";"280000050072";"PARTIDO ISOLADO";"PATRI";"N";"13";"Válido";"13";"4";"NÃO ELEITO"
"13/11/2024";"10:56:11";"2018";"2";"Eleição Ordinária";"1";"295";"ELEIÇÃO GERAL FEDERAL 2018";"07/10/2018";"F";"AC";"BR";"BRASIL";"1392";"RIO BRANCO";"9";"1";"Presidente";"280000614517";"17";"JAIR MESSIAS BOLSONARO";"JAIR BOLSONARO";"#NULO#";"12";"APTO";"2";"DEFERIDO";"-3";"#NE";"-3";"#NE";"-3";"#NE";"COLIGAÇÃO";"17";"PSL";"Partido Social Liberal";"-1";"#NULO#";"#NULO#";"#NULO#";"280000050386";"BRASIL ACIMA DE TUDO, DEUS ACIMA DE TODOS";"PSL / PRTB";"N";"69373";"Válido";"69373";"6";"2º TURNO"
"13/11/2024";"10:56:11";"2018";"2";"Eleição Ordinária";"1";"295";"ELEIÇÃO GERAL FEDERAL 2018";"07/10/2018";"F";"AC";"BR";"BRASIL";"1112";"EPITACIOLÂNDIA";"6";"1";"Presidente";"280000614517";"17";"JAIR MESSIAS BOLSONARO";"JAIR BOLSONARO";"#NULO#";"12";"APTO";"2";"DEFERIDO";"-3";"#NE";"-3";"#NE";"-3";"#NE";"COLIGAÇÃO";"17";"PSL";"Partido Social Liberal";"-1";"#NULO#";"#NULO#";"#NULO#";"280000050386";"BRASIL ACIMA DE TUDO, DEUS ACIMA DE TODOS";"PSL / PRTB";"N";"5567";"Válido";"5567";"6";"2º TURNO"
"13/11/2024";"10:56:11";"2018";"2";"Eleição Ordinária";"1";"295";"ELEIÇÃO GERAL FEDERAL 2018";"07/10/2018";"F";"AC";"BR";"BRASIL";"1139";"FEIJÓ";"7";"1";"Presidente";"280000602500";"51";"BENEVENUTO DACIOLO FONSECA DOS SANTOS";"CABO DACIOLO";"#NULO#";"12";"APTO";"2";"DEFERIDO";"-3";"#NE";"-3";"#NE";"-3";"#NE";"PARTIDO ISOLADO";"51";"PATRI";"Patriota";"-1";"#NULO#";"#NULO#";"#NULO#";"280000050072";"PARTIDO ISOLADO";"PATRI";"N";"43";"Válido";"43";"4";"NÃO ELEITO"
"13/11/2024";"10:56:11";"2018";"2";"Eleição Ordinária";"1";"295";"ELEIÇÃO GERAL FEDERAL 2018";"07/10/2018";"F";"AC";"BR";"BRASIL";"1040";"MARECHAL THAUMATURGO";"4";"1";"Presidente";"280000601173";"16";"VERA LUCIA PEREIRA DA SILVA SALGADO";"VERA";"#NULO#";"12";"APTO";"2";"DEFERIDO";"-3";"#NE";"-3";"#NE";"-3";"#NE";"PARTIDO ISOLADO";"16";"PSTU";"Partido Socialista dos Trabalhadores Unificado";"-1";"#NULO#";"#NULO#";"#NULO#";"280000050040";"PARTIDO ISOLADO";"PSTU";"N";"2";"Válido";"2";"4";"NÃO ELEITO"
"13/11/2024";"10:56:11";"2018";"2";"Eleição Ordinária";"1";"295";"ELEIÇÃO GERAL FEDERAL 2018";"07/10/2018";"F";"AC";"BR";"BRASIL";"1457";"SENA MADUREIRA";"3";"1";"Presidente";"280000614517";"17";"JAIR MESSIAS BOLSONARO";"JAIR BOLSONARO";"#NULO#";"12";"APTO";"2";"DEFERIDO";"-3";"#NE";"-3";"#NE";"-3";"#NE";"COLIGAÇÃO";"17";"PSL";"Partido Social Liberal";"-1";"#NULO#";"#NULO#";"#NULO#";"280000050386";"BRASIL ACIMA DE TUDO, DEUS ACIMA DE TODOS";"PSL / PRTB";"N";"12105";"Válido";"12105";"6";"2º TURNO"
"13/11/2024";"10:56:11";"2018";"2";"Eleição Ordinária";"1";"295";"ELEIÇÃO GERAL FEDERAL 2018";"07/10/2018";"F";"AC";"BR";"BRASIL";"1473";"TARAUACÁ";"5";"1";"Presidente";"280000602500";"51";"BENEVENUTO DACIOLO FONSECA DOS SANTOS";"CABO DACIOLO";"#NULO#";"12";"APTO";"2";"DEFERIDO";"-3";"#NE";"-3";"#NE";"-3";"#NE";"PARTIDO ISOLADO";"51";"PATRI";"Patriota";"-1";"#NULO#";"#NULO#";"#NULO#";"280000050072";"PARTIDO ISOLADO";"PATRI";"N";"67";"Válido";"67";"4";"NÃO ELEITO"
"13/11/2024";"10:56:11";"2018";"2";"Eleição Ordinária";"1";"295";"ELEIÇÃO GERAL FEDERAL 2018";"07/10/2018";"F";"AC";"BR";"BRASIL";"1538";"SENADOR GUIOMARD";"8";"1";"Presidente";"280000614517";"17";"JAIR MESSIAS BOLSONARO";"JAIR BOLSONARO";"#NULO#";"12";"APTO";"2";"DEFERIDO";"-3";"#NE";"-3";"#NE";"-3";"#NE";"COLIGAÇÃO";"17";"PSL";"Partido Social Liberal";"-1";"#NULO#";"#NULO#";"#NULO#";"280000050386";"BRASIL ACIMA DE TUDO, DEUS ACIMA DE TODOS";"PSL / PRTB";"N";"9070";"Válido";"9070";"6";"2º TURNO"
"13/11/2024";"10:56:11";"2018";"2";"Eleição Ordinária";"1";"295";"ELEIÇÃO GERAL FEDERAL 2018";"07/10/2018";"F";"AC";"BR";"BRASIL";"1139";"FEIJÓ";"7";"1";"Presidente";"280000601173";"16";"VERA LUCIA PEREIRA DA SILVA SALGADO";"VERA";"#NULO#";"12";"APTO";"2";"DEFERIDO";"-3";"#NE";"-3";"#NE";"-3";"#NE";"PARTIDO ISOLADO";"16";"PSTU";"Partido Socialista dos Trabalhadores Unificado";"-1";"#NULO#";"#NULO#";"#NULO#";"280000050040";"PARTIDO ISOLADO";"PSTU";"N";"3";"Válido";"3";"4";"NÃO ELEITO"
"13/11/2024";"10:56:11";"2018";"2";"Eleição Ordinária";"1";"295";"ELEIÇÃO GERAL FEDERAL 2018";"07/10/2018";"F";"AC";"BR";"BRASIL";"1040";"MARECHAL THAUMATURGO";"4";"1";"Presidente";"280000614517";"17";"JAIR MESSIAS BOLSONARO";"JAIR BOLSONARO";"#NULO#";"12";"APTO";"2";"DEFERIDO";"-3";"#NE";"-3";"#NE";"-3";"#NE";"COLIGAÇÃO";"17";"PSL";"Partido Social Liberal";"-1";"#NULO#";"#NULO#";"#NULO#";"280000050386";"BRASIL ACIMA DE TUDO, DEUS ACIMA DE TODOS";"PSL / PRTB";"N";"1982";"Válido";"1982";"6";"2º TURNO"
"13/11/2024";"10:56:11";"2018";"2";"Eleição Ordinária";"1";"295";"ELEIÇÃO GERAL FEDERAL 2018";"07/10/2018";"F";"AC";"BR";"BRASIL";"1007";"BUJARI";"9";"1";"Presidente";"280000614517";"17";"JAIR MESSIAS BOLSONARO";"JAIR BOLSONARO";"#NULO#";"12";"APTO";"2";"DEFERIDO";"-3";"#NE";"-3";"#NE";"-3";"#NE";"COLIGAÇÃO";"17";"PSL";"Partido Social Liberal";"-1";"#NULO#";"#NULO#";"#NULO#";"280000050386";"BRASIL ACIMA DE TUDO, DEUS ACIMA DE TODOS";"PSL / PRTB";"N";"4140";"Válido";"4140";"6";"2º TURNO"
"13/11/2024";"10:56:11";"2018";"2";"Eleição Ordinária";"1";"295";"ELEIÇÃO GERAL FEDERAL 2018";"07/10/2018";"F";"AC";"BR";"BRASIL";"1473";"TARAUACÁ";"5";"1";"Presidente";"280000601173";"16";"VERA LUCIA PEREIRA DA SILVA SALGADO";"VERA";"#NULO#";"12";"APTO";"2";"DEFERIDO";"-3";"#NE";"-3";"#NE";"-3";"#NE";"PARTIDO ISOLADO";"16";"PSTU";"Partido Socialista dos Trabalhadores Unificado";"-1";"#NULO#";"#NULO#";"#NULO#";"280000050040";"PARTIDO ISOLADO";"PSTU";"N";"6";"Válido";"6";"4";"NÃO ELEITO"
"13/11/2024";"10:56:11";"2018";"2";"Eleição Ordinária";"1";"295";"ELEIÇÃO GERAL FEDERAL 2018";"07/10/2018";"F";"AC";"BR";"BRASIL";"1090";"MÂNCIO LIMA";"4";"1";"Presidente";"280000614517";"17";"JAIR MESSIAS BOLSONARO";"JAIR BOLSONARO";"#NULO#";"12";"APTO";"2";"DEFERIDO";"-3";"#NE";"-3";"#NE";"-3";"#NE";"COLIGAÇÃO";"17";"PSL";"Partido Social Liberal";"-1";"#NULO#";"#NULO#";"#NULO#";"280000050386";"BRASIL ACIMA DE TUDO, DEUS ACIMA DE TODOS";"PSL / PRTB";"N";"4654";"Válido";"4654";"6";"2º TURNO"
"13/11/2024";"10:56:11";"2018";"2";"Eleição Ordinária";"1";"295";"ELEIÇÃO GERAL FEDERAL 2018";"07/10/2018";"F";"AC";"BR";"BRASIL";"1473";"TARAUACÁ";"5";"1";"Presidente";"280000614517";"17";"JAIR MESSIAS BOLSONARO";"JAIR BOLSONARO";"#NULO#";"12";"APTO";"2";"DEFERIDO";"-3";"#NE";"-3";"#NE";"-3";"#NE";"COLIGAÇÃO";"17";"PSL";"Partido Social Liberal";"-1";"#NULO#";"#NULO#";"#NULO#";"280000050386";"BRASIL ACIMA DE TUDO, DEUS ACIMA DE TODOS";"PSL / PRTB";"N";"7798";"Válido";"7798";"6";"2º TURNO"
"13/11/2024";"10:56:11";"2018";"2";"Eleição Ordinária";"1";"295";"ELEIÇÃO GERAL FEDERAL 2018";"07/10/2018";"F";"AC";"BR";"BRASIL";"1139";"FEIJÓ";"7";"1";"Presidente";"280000614517";"17";"JAIR MESSIAS BOLSONARO";"JAIR BOLSONARO";"#NULO#";"12";"APTO";"2";"DEFERIDO";"-3";"#NE";"-3";"#NE";"-3";"#NE";"COLIGAÇÃO";"17";"PSL";"Partido Social Liberal";"-1";"#NULO#";"#NULO#";"#NULO#";"280000050386";"BRASIL ACIMA DE TUDO, DEUS ACIMA DE TODOS";"PSL / PRTB";"N";"5561";"Válido";"5561";"6";"2º TURNO"
"13/11/2024";"10:56:11";"2018";"2";"Eleição Ordinária";"1";"295";"ELEIÇÃO GERAL FEDERAL 2018";"07/10/2018";"F";"AC";"BR";"BRASIL";"1554";"MANOEL URBANO";"3";"1";"Presidente";"280000629808";"13";"FERNANDO HADDAD";"FERNANDO HADDAD";"#NULO#";"12";"APTO";"2";"DEFERIDO";"-3";"#NE";"-3";"#NE";"-3";"#NE";"COLIGAÇÃO";"13";"PT";"Partido dos Trabalhadores";"-1";"#NULO#";"#NULO#";"#NULO#";"280000050703";"O POVO FELIZ DE NOVO";"PT / PC do B / PROS";"N";"1720";"Válido";"1720";"6";"2º TURNO"
"13/11/2024";"10:56:11";"2018";"2";"Eleição Ordinária";"1";"295";"ELEIÇÃO GERAL FEDERAL 2018";"07/10/2018";"F";"AC";"BR";"BRASIL";"1066";"PORTO WALTER";"4";"1";"Presidente";"280000629808";"13";"FERNANDO HADDAD";"FERNANDO HADDAD";"#NULO#";"12";"APTO";"2";"DEFERIDO";"-3";"#NE";"-3";"#NE";"-3";"#NE";"COLIGAÇÃO";"13";"PT";"Partido dos Trabalhadores";"-1";"#NULO#";"#NULO#";"#NULO#";"280000050703";"O POVO FELIZ DE NOVO";"PT / PC do B / PROS";"N";"1576";"Válido";"1576";"6";"2º TURNO"
"13/11/2024";"10:56:11";"2018";"2";"Eleição Ordinária";"1";"295";"ELEIÇÃO GERAL FEDERAL 2018";"07/10/2018";"F";"AC";"BR";"BRASIL";"1015";"CAPIXABA";"2";"1";"Presidente";"280000629808";"13";"FERNANDO HADDAD";"FERNANDO HADDAD";"#NULO#";"12";"APTO";"2";"DEFERIDO";"-3";"#NE";"-3";"#NE";"-3";"#NE";"COLIGAÇÃO";"13";"PT";"Partido dos Trabalhadores";"-1";"#NULO#";"#NULO#";"#NULO#";"280000050703";"O POVO FELIZ DE NOVO";"PT / PC do B / PROS";"N";"992";"Válido";"992";"6";"2º TURNO"
"13/11/2024";"10:56:11";"2018";"2";"Eleição Ordinária";"1";"295";"ELEIÇÃO GERAL FEDERAL 2018";"07/10/2018";"F";"AC";"BR";"BRASIL";"1031";"SANTA ROSA DO PURUS";"3";"1";"Presidente";"280000629808";"13";"FERNANDO HADDAD";"FERNANDO HADDAD";"#NULO#";"12";"APTO";"2";"DEFERIDO";"-3";"#NE";"-3";"#NE";"-3";"#NE";"COLIGAÇÃO";"13";"PT";"Partido dos Trabalhadores";"-1";"#NULO#";"#NULO#";"#NULO#";"280000050703";"O POVO FELIZ DE NOVO";"PT / PC do B / PROS";"N";"1110";"Válido";"1110";"6";"2º TURNO"
"13/11/2024";"10:56:11";"2018";"2";"Eleição Ordinária";"1";"295";"ELEIÇÃO GERAL FEDERAL 2018";"07/10/2018";"F";"AC";"BR";"BRASIL";"1082";"RODRIGUES ALVES";"4";"1";"Presidente";"280000629808";"13";"FERNANDO HADDAD";"FERNANDO HADDAD";"#NULO#";"12";"APTO";"2";"DEFERIDO";"-3";"#NE";"-3";"#NE";"-3";"#NE";"COLIGAÇÃO";"13";"PT";"Partido dos Trabalhadores";"-1";"#NULO#";"#NULO#";"#NULO#";"280000050703";"O POVO FELIZ DE NOVO";"PT / PC do B / PROS";"N";"2072";"Válido";"2072";"6";"2º TURNO"
"13/11/2024";"10:56:11";"2018";"2";"Eleição Ordinária";"1";"295";"ELEIÇÃO GERAL FEDERAL 2018";"07/10/2018";"F";"AC";"BR";"BRASIL";"1511";"PLÁCIDO DE CASTRO";"8";"1";"Presidente";"280000629808";"13";"FERNANDO HADDAD";"FERNANDO HADDAD";"#NULO#";"12";"APTO";"2";"DEFERIDO";"-3";"#NE";"-3";"#NE";"-3";"#NE";"COLIGAÇÃO";"13";"PT";"Partido dos Trabalhadores";"-1";"#NULO#";"#NULO#";"#NULO#";"280000050703";"O POVO FELIZ DE NOVO";"PT / PC do B / PROS";"N";"1463";"Válido";"1463";"6";"2º TURNO"
"13/11/2024";"10:56:11";"2018";"2";"Eleição Ordinária";"1";"295";"ELEIÇÃO GERAL FEDERAL 2018";"07/10/2018";"F";"AC";"BR";"BRASIL";"1490";"XAPURI";"2";"1";"Presidente";"280000629808";"13";"FERNANDO HADDAD";"FERNANDO HADDAD";"#NULO#";"12";"APTO";"2";"DEFERIDO";"-3";"#NE";"-3";"#NE";"-3";"#NE";"COLIGAÇÃO";"13";"PT";"Partido dos Trabalhadores";"-1";"#NULO#";"#NULO#";"#NULO#";"280000050703";"O POVO FELIZ DE NOVO";"PT / PC do B / PROS";"N";"3482";"Válido";"3482";"6";"2º TURNO"
"13/11/2024";"10:56:11";"2018";"2";"Eleição Ordinária";"1";"295";"ELEIÇÃO GERAL FEDERAL 2018";"07/10/2018";"F";"AC";"BR";"BRASIL";"1570";"ASSIS BRASIL";"6";"1";"Presidente";"280000629808";"13";"FERNANDO HADDAD";"FERNANDO HADDAD";"#NULO#";"12";"APTO";"2";"DEFERIDO";"-3";"#NE";"-3";"#NE";"-3";"#NE";"COLIGAÇÃO";"13";"PT";"Partido dos Trabalhadores";"-1";"#NULO#";"#NULO#";"#NULO#";"280000050703";"O POVO FELIZ DE NOVO";"PT / PC do B / PROS";"N";"1808";"Válido";"1808";"6";"2º TURNO"
"13/11/2024";"10:56:11";"2018";"2";"Eleição Ordinária";"1";"295";"ELEIÇÃO GERAL FEDERAL 2018";"07/10/2018";"F";"AC";"BR";"BRASIL";"1104";"JORDÃO";"5";"1";"Presidente";"280000629808";"13";"FERNANDO HADDAD";"FERNANDO HADDAD";"#NULO#";"12";"APTO";"2";"DEFERIDO";"-3";"#NE";"-3";"#NE";"-3";"#NE";"COLIGAÇÃO";"13";"PT";"Partido dos Trabalhadores";"-1";"#NULO#";"#NULO#";"#NULO#";"280000050703";"O POVO FELIZ DE NOVO";"PT / PC do B / PROS";"N";"1676";"Válido";"1676";"6";"2º TURNO"
"13/11/2024";"10:56:11";"2018";"2";"Eleição Ordinária";"1";"295";"ELEIÇÃO GERAL FEDERAL 2018";"07/10/2018";"F";"AC";"BR";"BRASIL";"1023";"PORTO ACRE";"1";"1";"Presidente";"280000629808";"13";"FERNANDO HADDAD";"FERNANDO HADDAD";"#NULO#";"12";"APTO";"2";"DEFERIDO";"-3";"#NE";"-3";"#NE";"-3";"#NE";"COLIGAÇÃO";"13";"PT";"Partido dos Trabalhadores";"-1";"#NULO#";"#NULO#";"#NULO#";"280000050703";"O POVO FELIZ DE NOVO";"PT / PC do B / PROS";"N";"1970";"Válido";"1970";"6";"2º TURNO"
"13/11/2024";"10:56:11";"2018";"2";"Eleição Ordinária";"1";"295";"ELEIÇÃO GERAL FEDERAL 2018";"07/10/2018";"F";"AC";"BR";"BRASIL";"1074";"CRUZEIRO DO SUL";"4";"1";"Presidente";"280000629808";"13";"FERNANDO HADDAD";"FERNANDO HADDAD";"#NULO#";"12";"APTO";"2";"DEFERIDO";"-3";"#NE";"-3";"#NE";"-3";"#NE";"COLIGAÇÃO";"13";"PT";"Partido dos Trabalhadores";"-1";"#NULO#";"#NULO#";"#NULO#";"280000050703";"O POVO FELIZ DE NOVO";"PT / PC do B / PROS";"N";"6454";"Válido";"6454";"6";"2º TURNO"
"13/11/2024";"10:56:11";"2018";"2";"Eleição Ordinária";"1";"295";"ELEIÇÃO GERAL FEDERAL 2018";"07/10/2018";"F";"AC";"BR";"BRASIL";"1120";"ACRELÂNDIA";"8";"1";"Presidente";"280000629808";"13";"FERNANDO HADDAD";"FERNANDO HADDAD";"#NULO#";"12";"APTO";"2";"DEFERIDO";"-3";"#NE";"-3";"#NE";"-3";"#NE";"COLIGAÇÃO";"13";"PT";"Partido dos Trabalhadores";"-1";"#NULO#";"#NULO#";"#NULO#";"280000050703";"O POVO FELIZ DE NOVO";"PT / PC do B / PROS";"N";"1130";"Válido";"1130";"6";"2º TURNO"
"13/11/2024";"10:56:11";"2018";"2";"Eleição Ordinária";"1";"295";"ELEIÇÃO GERAL FEDERAL 2018";"07/10/2018";"F";"AC";"BR";"BRASIL";"1058";"BRASILÉIA";"6";"1";"Presidente";"280000629808";"13";"FERNANDO HADDAD";"FERNANDO HADDAD";"#NULO#";"12";"APTO";"2";"DEFERIDO";"-3";"#NE";"-3";"#NE";"-3";"#NE";"COLIGAÇÃO";"13";"PT";"Partido dos Trabalhadores";"-1";"#NULO#";"#NULO#";"#NULO#";"280000050703";"O POVO FELIZ DE NOVO";"PT / PC do B / PROS";"N";"3275";"Válido";"3275";"6";"2º TURNO"
"13/11/2024";"10:56:11";"2018";"2";"Eleição Ordinária";"1";"295";"ELEIÇÃO GERAL FEDERAL 2018";"07/10/2018";"F";"AC";"BR";"BRASIL";"1392";"RIO BRANCO";"9";"1";"Presidente";"280000629808";"13";"FERNANDO HADDAD";"FERNANDO HADDAD";"#NULO#";"12";"APTO";"2";"DEFERIDO";"-3";"#NE";"-3";"#NE";"-3";"#NE";"COLIGAÇÃO";"13";"PT";"Partido dos Trabalhadores";"-1";"#NULO#";"#NULO#";"#NULO#";"280000050703";"O POVO FELIZ DE NOVO";"PT / PC do B / PROS";"N";"10589";"Válido";"10589";"6";"2º TURNO"
"13/11/2024";"10:56:11";"2018";"2";"Eleição Ordinária";"1";"295";"ELEIÇÃO GERAL FEDERAL 2018";"07/10/2018";"F";"AC";"BR";"BRASIL";"1392";"RIO BRANCO";"1";"1";"Presidente";"280000629808";"13";"FERNANDO HADDAD";"FERNANDO HADDAD";"#NULO#";"12";"APTO";"2";"DEFERIDO";"-3";"#NE";"-3";"#NE";"-3";"#NE";"COLIGAÇÃO";"13";"PT";"Partido dos Trabalhadores";"-1";"#NULO#";"#NULO#";"#NULO#";"280000050703";"O POVO FELIZ DE NOVO";"PT / PC do B / PROS";"N";"11059";"Válido";"11059";"6";"2º TURNO"
"13/11/2024";"10:56:11";"2018";"2";"Eleição Ordinária";"1";"295";"ELEIÇÃO GERAL FEDERAL 2018";"07/10/2018";"F";"AC";"BR";"BRASIL";"1457";"SENA MADUREIRA";"3";"1";"Presidente";"280000629808";"13";"FERNANDO HADDAD";"FERNANDO HADDAD";"#NULO#";"12";"APTO";"2";"DEFERIDO";"-3";"#NE";"-3";"#NE";"-3";"#NE";"COLIGAÇÃO";"13";"PT";"Partido dos Trabalhadores";"-1";"#NULO#";"#NULO#";"#NULO#";"280000050703";"O POVO FELIZ DE NOVO";"PT / PC do B / PROS";"N";"3816";"Válido";"3816";"6";"2º TURNO"
"13/11/2024";"10:56:11";"2018";"2";"Eleição Ordinária";"1";"295";"ELEIÇÃO GERAL FEDERAL 2018";"07/10/2018";"F";"AC";"BR";"BRASIL";"1112";"EPITACIOLÂNDIA";"6";"1";"Presidente";"280000629808";"13";"FERNANDO HADDAD";"FERNANDO HADDAD";"#NULO#";"12";"APTO";"2";"DEFERIDO";"-3";"#NE";"-3";"#NE";"-3";"#NE";"COLIGAÇÃO";"13";"PT";"Partido dos Trabalhadores";"-1";"#NULO#";"#NULO#";"#NULO#";"280000050703";"O POVO FELIZ DE NOVO";"PT / PC do B / PROS";"N";"1920";"Válido";"1920";"6";"2º TURNO"
"13/11/2024";"10:56:11";"2018";"2";"Eleição Ordinária";"1";"295";"ELEIÇÃO GERAL FEDERAL 2018";"07/10/2018";"F";"AC";"BR";"BRASIL";"1538";"SENADOR GUIOMARD";"8";"1";"Presidente";"280000629808";"13";"FERNANDO HADDAD";"FERNANDO HADDAD";"#NULO#";"12";"APTO";"2";"DEFERIDO";"-3";"#NE";"-3";"#NE";"-3";"#NE";"COLIGAÇÃO";"13";"PT";"Partido dos Trabalhadores";"-1";"#NULO#";"#NULO#";"#NULO#";"280000050703";"O POVO FELIZ DE NOVO";"PT / PC do B / PROS";"N";"2078";"Válido";"2078";"6";"2º TURNO"
"13/11/2024";"10:56:11";"2018";"2";"Eleição Ordinária";"1";"295";"ELEIÇÃO GERAL FEDERAL 2018";"07/10/2018";"F";"AC";"BR";"BRASIL";"1040";"MARECHAL THAUMATURGO";"4";"1";"Presidente";"280000629808";"13";"FERNANDO HADDAD";"FERNANDO HADDAD";"#NULO#";"12";"APTO";"2";"DEFERIDO";"-3";"#NE";"-3";"#NE";"-3";"#NE";"COLIGAÇÃO";"13";"PT";"Partido dos Trabalhadores";"-1";"#NULO#";"#NULO#";"#NULO#";"280000050703";"O POVO FELIZ DE NOVO";"PT / PC do B / PROS";"N";"2847";"Válido";"2847";"6";"2º TURNO"
"13/11/2024";"10:56:11";"2018";"2";"Eleição Ordinária";"1";"295";"ELEIÇÃO GERAL FEDERAL 2018";"07/10/2018";"F";"AC";"BR";"BRASIL";"1090";"MÂNCIO LIMA";"4";"1";"Presidente";"280000629808";"13";"FERNANDO HADDAD";"FERNANDO HADDAD";"#NULO#";"12";"APTO";"2";"DEFERIDO";"-3";"#NE";"-3";"#NE";"-3";"#NE";"COLIGAÇÃO";"13";"PT";"Partido dos Trabalhadores";"-1";"#NULO#";"#NULO#";"#NULO#";"280000050703";"O POVO FELIZ DE NOVO";"PT / PC do B / PROS";"N";"2764";"Válido";"2764";"6";"2º TURNO"
"13/11/2024";"10:56:11";"2018";"2";"Eleição Ordinária";"1";"295";"ELEIÇÃO GERAL FEDERAL 2018";"07/10/2018";"F";"AC";"BR";"BRASIL";"1007";"BUJARI";"9";"1";"Presidente";"280000629808";"13";"FERNANDO HADDAD";"FERNANDO HADDAD";"#NULO#";"12";"APTO";"2";"DEFERIDO";"-3";"#NE";"-3";"#NE";"-3";"#NE";"COLIGAÇÃO";"13";"PT";"Partido dos Trabalhadores";"-1";"#NULO#";"#NULO#";"#NULO#";"280000050703";"O POVO FELIZ DE NOVO";"PT / PC do B / PROS";"N";"1134";"Válido";"1134";"6";"2º TURNO"
"13/11/2024";"10:56:11";"2018";"2";"Eleição Ordinária";"1";"295";"ELEIÇÃO GERAL FEDERAL 2018";"07/10/2018";"F";"AC";"BR";"BRASIL";"1139";"FEIJÓ";"7";"1";"Presidente";"280000629808";"13";"FERNANDO HADDAD";"FERNANDO HADDAD";"#NULO#";"12";"APTO";"2";"DEFERIDO";"-3";"#NE";"-3";"#NE";"-3";"#NE";"COLIGAÇÃO";"13";"PT";"Partido dos Trabalhadores";"-1";"#NULO#";"#NULO#";"#NULO#";"280000050703";"O POVO FELIZ DE NOVO";"PT / PC do B / PROS";"N";"6417";"Válido";"6417";"6";"2º TURNO"
"13/11/2024";"10:56:11";"2018";"2";"Eleição Ordinária";"1";"295";"ELEIÇÃO GERAL FEDERAL 2018";"07/10/2018";"F";"AC";"BR";"BRASIL";"1473";"TARAUACÁ";"5";"1";"Presidente";"280000629808";"13";"FERNANDO HADDAD";"FERNANDO HADDAD";"#NULO#";"12";"APTO";"2";"DEFERIDO";"-3";"#NE";"-3";"#NE";"-3";"#NE";"COLIGAÇÃO";"13";"PT";"Partido dos Trabalhadores";"-1";"#NULO#";"#NULO#";"#NULO#";"280000050703";"O POVO FELIZ DE NOVO";"PT / PC do B / PROS";"N";"6818";"Válido";"6818";"6";"2º TURNO"
"13/11/2024";"10:56:11";"2018";"2";"Eleição Ordinária";"1";"295";"ELEIÇÃO GERAL FEDERAL 2018";"07/10/2018";"F";"AC";"BR";"BRASIL";"1031";"SANTA ROSA DO PURUS";"3";"1";"Presidente";"280000624085";"27";"JOSE MARIA EYMAEL";"EYMAEL";"#NULO#";"12";"APTO";"2";"DEFERIDO";"-3";"#NE";"-3";"#NE";"-3";"#NE";"PARTIDO ISOLADO";"27";"DC";"Democracia Cristã";"-1";"#NULO#";"#NULO#";"#NULO#";"280000050639";"PARTIDO ISOLADO";"DC";"N";"0";"Válido";"0";"4";"NÃO ELEITO"
"13/11/2024";"10:56:11";"2018";"2";"Eleição Ordinária";"1";"295";"ELEIÇÃO GERAL FEDERAL 2018";"07/10/2018";"F";"AC";"BR";"BRASIL";"1090";"MÂNCIO LIMA";"4";"1";"Presidente";"280000601173";"16";"VERA LUCIA PEREIRA DA SILVA SALGADO";"VERA";"#NULO#";"12";"APTO";"2";"DEFERIDO";"-3";"#NE";"-3";"#NE";"-3";"#NE";"PARTIDO ISOLADO";"16";"PSTU";"Partido Socialista dos Trabalhadores Unificado";"-1";"#NULO#";"#NULO#";"#NULO#";"280000050040";"PARTIDO ISOLADO";"PSTU";"N";"0";"Válido";"0";"4";"NÃO ELEITO"
"13/11/2024";"10:56:11";"2018";"2";"Eleição Ordinária";"1";"295";"ELEIÇÃO GERAL FEDERAL 2018";"07/10/2018";"F";"AC";"BR";"BRASIL";"1058";"BRASILÉIA";"6";"1";"Presidente";"280000624082";"54";"JOÃO VICENTE FONTELLA GOULART";"JOÃO GOULART FILHO";"#NULO#";"12";"APTO";"2";"DEFERIDO";"-3";"#NE";"-3";"#NE";"-3";"#NE";"PARTIDO ISOLADO";"54";"PPL";"Partido Pátria Livre";"-1";"#NULO#";"#NULO#";"#NULO#";"280000050638";"PARTIDO ISOLADO";"PPL";"N";"0";"Válido";"0";"4";"NÃO ELEITO"
"13/11/2024";"10:56:11";"2018";"2";"Eleição Ordinária";"1";"295";"ELEIÇÃO GERAL FEDERAL 2018";"07/10/2018";"F";"AC";"BR";"BRASIL";"1066";"PORTO WALTER";"4";"1";"Presidente";"280000607640";"30";"JOÃO DIONISIO FILGUEIRA BARRETO AMOEDO";"JOÃO AMOÊDO";"#NULO#";"12";"APTO";"2";"DEFERIDO";"-3";"#NE";"-3";"#NE";"-3";"#NE";"PARTIDO ISOLADO";"30";"NOVO";"Partido Novo";"-1";"#NULO#";"#NULO#";"#NULO#";"280000050199";"PARTIDO ISOLADO";"NOVO";"N";"0";"Válido";"0";"4";"NÃO ELEITO"
"13/11/2024";"10:56:11";"2018";"2";"Eleição Ordinária";"1";"295";"ELEIÇÃO GERAL FEDERAL 2018";"07/10/2018";"F";"AC";"BR";"BRASIL";"1015";"CAPIXABA";"2";"1";"Presidente";"280000601173";"16";"VERA LUCIA PEREIRA DA SILVA SALGADO";"VERA";"#NULO#";"12";"APTO";"2";"DEFERIDO";"-3";"#NE";"-3";"#NE";"-3";"#NE";"PARTIDO ISOLADO";"16";"PSTU";"Partido Socialista dos Trabalhadores Unificado";"-1";"#NULO#";"#NULO#";"#NULO#";"280000050040";"PARTIDO ISOLADO";"PSTU";"N";"0";"Válido";"0";"4";"NÃO ELEITO"
"13/11/2024";"10:56:11";"2018";"2";"Eleição Ordinária";"1";"295";"ELEIÇÃO GERAL FEDERAL 2018";"07/10/2018";"F";"AC";"BR";"BRASIL";"1040";"MARECHAL THAUMATURGO";"4";"1";"Presidente";"280000607640";"30";"JOÃO DIONISIO FILGUEIRA BARRETO AMOEDO";"JOÃO AMOÊDO";"#NULO#";"12";"APTO";"2";"DEFERIDO";"-3";"#NE";"-3";"#NE";"-3";"#NE";"PARTIDO ISOLADO";"30";"NOVO";"Partido Novo";"-1";"#NULO#";"#NULO#";"#NULO#";"280000050199";"PARTIDO ISOLADO";"NOVO";"N";"0";"Válido";"0";"4";"NÃO ELEITO"
"13/11/2024";"10:56:11";"2018";"2";"Eleição Ordinária";"1";"295";"ELEIÇÃO GERAL FEDERAL 2018";"07/10/2018";"F";"AC";"BR";"BRASIL";"1554";"MANOEL URBANO";"3";"1";"Presidente";"280000624082";"54";"JOÃO VICENTE FONTELLA GOULART";"JOÃO GOULART FILHO";"#NULO#";"12";"APTO";"2";"DEFERIDO";"-3";"#NE";"-3";"#NE";"-3";"#NE";"PARTIDO ISOLADO";"54";"PPL";"Partido Pátria Livre";"-1";"#NULO#";"#NULO#";"#NULO#";"280000050638";"PARTIDO ISOLADO";"PPL";"N";"0";"Válido";"0";"4";"NÃO ELEITO"
"13/11/2024";"10:56:11";"2018";"2";"Eleição Ordinária";"1";"295";"ELEIÇÃO GERAL FEDERAL 2018";"07/10/2018";"F";"AC";"BR";"BRASIL";"1554";"MANOEL URBANO";"3";"1";"Presidente";"280000624085";"27";"JOSE MARIA EYMAEL";"EYMAEL";"#NULO#";"12";"APTO";"2";"DEFERIDO";"-3";"#NE";"-3";"#NE";"-3";"#NE";"PARTIDO ISOLADO";"27";"DC";"Democracia Cristã";"-1";"#NULO#";"#NULO#";"#NULO#";"280000050639";"PARTIDO ISOLADO";"DC";"N";"0";"Válido";"0";"4";"NÃO ELEITO"
"13/11/2024";"10:56:11";"2018";"2";"Eleição Ordinária";"1";"295";"ELEIÇÃO GERAL FEDERAL 2018";"07/10/2018";"F";"AC";"BR";"BRASIL";"1120";"ACRELÂNDIA";"8";"1";"Presidente";"280000601173";"16";"VERA LUCIA PEREIRA DA SILVA SALGADO";"VERA";"#NULO#";"12";"APTO";"2";"DEFERIDO";"-3";"#NE";"-3";"#NE";"-3";"#NE";"PARTIDO ISOLADO";"16";"PSTU";"Partido Socialista dos Trabalhadores Unificado";"-1";"#NULO#";"#NULO#";"#NULO#";"280000050040";"PARTIDO ISOLADO";"PSTU";"N";"0";"Válido";"0";"4";"NÃO ELEITO"
"13/11/2024";"10:56:11";"2018";"2";"Eleição Ordinária";"1";"295";"ELEIÇÃO GERAL FEDERAL 2018";"07/10/2018";"F";"AC";"BR";"BRASIL";"1112";"EPITACIOLÂNDIA";"6";"1";"Presidente";"280000624085";"27";"JOSE MARIA EYMAEL";"EYMAEL";"#NULO#";"12";"APTO";"2";"DEFERIDO";"-3";"#NE";"-3";"#NE";"-3";"#NE";"PARTIDO ISOLADO";"27";"DC";"Democracia Cristã";"-1";"#NULO#";"#NULO#";"#NULO#";"280000050639";"PARTIDO ISOLADO";"DC";"N";"0";"Válido";"0";"4";"NÃO ELEITO"
