"DT_GERACAO";"HH_GERACAO";"ANO_ELEICAO";"CD_TIPO_ELEICAO";"NM_TIPO_ELEICAO";"NR_TURNO";"CD_ELEICAO";"DS_ELEICAO";"DT_ELEICAO";"TP_ABRANGENCIA";"SG_UF";"SG_UE";"NM_UE";"CD_MUNICIPIO";"NM_MUNICIPIO";"NR_ZONA";"CD_CARGO";"DS_CARGO";"SQ_CANDIDATO";"NR_CANDIDATO";"NM_CANDIDATO";"NM_URNA_CANDIDATO";"NM_SOCIAL_CANDIDATO";"CD_SITUACAO_CANDIDATURA";"DS_SITUACAO_CANDIDATURA";"CD_DETALHE_SITUACAO_CAND";"DS_DETALHE_SITUACAO_CAND";"CD_SITUACAO_JULGAMENTO";"DS_SITUACAO_JULGAMENTO";"CD_SITUACAO_CASSACAO";"DS_SITUACAO_CASSACAO";"CD_SITUACAO_DCONST_DIPLOMA";"DS_SITUACAO_DCONST_DIPLOMA";"TP_AGREMIACAO";"NR_PARTIDO";"SG_PARTIDO";"NM_PARTIDO";"NR_FEDERACAO";"NM_FEDERACAO";"SG_FEDERACAO";"DS_COMPOSICAO_FEDERACAO";"SQ_COLIGACAO";"NM_COLIGACAO";"DS_COMPOSICAO_COLIGACAO";"ST_VOTO_EM_TRANSITO";"QT_VOTOS_NOMINAIS";"NM_TIPO_DESTINACAO_VOTOS";"QT_VOTOS_NOMINAIS_VALIDOS";"CD_SIT_TOT_TURNO";"DS_SIT_TOT_TURNO"
"02/10/2026";"03:16:50";"2022";"2";"Eleição Ordinária";"1";"544";"ELEIÇÃO GERAL FEDERAL 2022";"02/10/2022";"F";"AC";"BR";"BRASIL";"1090";"MÂNCIO LIMA";"4";"1";"Presidente";"280001734029";"14";"KELMON LUIS DA SILVA SOUZA";"PADRE KELMON";"#NULO";"12";"APTO";"2";"DEFERIDO";"-3";"#NE";"-3";"#NE";"-3";"#NE";"PARTIDO ISOLADO";"14";"PTB";"Partido Trabalhista Brasileiro";"-1";"#NULO#";"#NULO#";"#NULO#";"280001683500";"PARTIDO ISOLADO";"PTB";"N";"6";"Válido";"6";"4";"NÃO ELEITO"
"02/10/2026";"03:16:50";"2022";"2";"Eleição Ordinária";"1";"544";"ELEIÇÃO GERAL FEDERAL 2022";"02/10/2022";"F";"AC";"BR";"BRASIL";"1031";"SANTA ROSA DO PURUS";"3";"1";"Presidente";"280001644128";"44";"SORAYA VIEIRA THRONICKE";"SORAYA THRONICKE";"#NULO";"12";"APTO";"2";"DEFERIDO";"-3";"#NE";"-3";"#NE";"-3";"#NE";"PARTIDO ISOLADO";"44";"UNIÃO";"UNIÃO BRASIL";"-1";"#NULO#";"#NULO#";"#NULO#";"280001683105";"PARTIDO ISOLADO";"UNIÃO";"N";"26";"Válido";"26";"4";"NÃO ELEITO"
"02/10/2026";"03:16:50";"2022";"2";"Eleição Ordinária";"1";"544";"ELEIÇÃO GERAL FEDERAL 2022";"02/10/2022";"F";"AC";"BR";"BRASIL";"1570";"ASSIS BRASIL";"6";"1";"Presidente";"280001612393";"12";"CIRO FERREIRA GOMES";"CIRO GOMES";"#NULO";"12";"APTO";"2";"DEFERIDO";"-3";"#NE";"-3";"#NE";"-3";"#NE";"PARTIDO ISOLADO";"12";"PDT";"Partido Democrático Trabalhista";"-1";"#NULO#";"#NULO#";"#NULO#";"280001681612";"PARTIDO ISOLADO";"PDT";"N";"44";"Válido";"44";"4";"NÃO ELEITO"
"02/10/2026";"03:16:50";"2022";"2";"Eleição Ordinária";"1";"544";"ELEIÇÃO GERAL FEDERAL 2022";"02/10/2022";"F";"AC";"BR";"BRASIL";"1058";"BRASILÉIA";"6";"1";"Presidente";"280001618036";"22";"JAIR MESSIAS BOLSONARO";"JAIR BOLSONARO";"#NULO";"12";"APTO";"2";"DEFERIDO";"-3";"#NE";"-3";"#NE";"-3";"#NE";"COLIGAÇÃO";"22";"PL";"Partido Liberal";"-1";"#NULO#";"#NULO#";"#NULO#";"280001682069";"PELO BEM DO BRASIL";"PP / REPUBLICANOS / PL";"N";"9143";"Válido";"9143";"6";"2º TURNO"
"02/10/2026";"03:16:50";"2022";"2";"Eleição Ordinária";"1";"544";"ELEIÇÃO GERAL FEDERAL 2022";"02/10/2022";"F";"AC";"BR";"BRASIL";"1457";"SENA MADUREIRA";"3";"1";"Presidente";"280001618036";"22";"JAIR MESSIAS BOLSONARO";"JAIR BOLSONARO";"#NULO";"12";"APTO";"2";"DEFERIDO";"-3";"#NE";"-3";"#NE";"-3";"#NE";"COLIGAÇÃO";"22";"PL";"Partido Liberal";"-1";"#NULO#";"#NULO#";"#NULO#";"280001682069";"PELO BEM DO BRASIL";"PP / REPUBLICANOS / PL";"N";"14317";"Válido";"14317";"6";"2º TURNO"
"02/10/2026";"03:16:50";"2022";"2";"Eleição Ordinária";"1";"544";"ELEIÇÃO GERAL FEDERAL 2022";"02/10/2022";"F";"AC";"BR";"BRASIL";"1058";"BRASILÉIA";"6";"1";"Presidente";"280001607831";"16";"VERA LUCIA PEREIRA DA SILVA SALGADO";"VERA";"#NULO";"12";"APTO";"2";"DEFERIDO";"-3";"#NE";"-3";"#NE";"-3";"#NE";"PARTIDO ISOLADO";"16";"PSTU";"Partido Socialista dos Trabalhadores Unificado";"-1";"#NULO#";"#NULO#";"#NULO#";"280001681360";"PARTIDO ISOLADO";"PSTU";"N";"2";"Válido";"2";"4";"NÃO ELEITO"
"02/10/2026";"03:16:50";"2022";"2";"Eleição Ordinária";"1";"544";"ELEIÇÃO GERAL FEDERAL 2022";"02/10/2022";"F";"AC";"BR";"BRASIL";"1040";"MARECHAL THAUMATURGO";"4";"1";"Presidente";"280001734029";"14";"KELMON LUIS DA SILVA SOUZA";"PADRE KELMON";"#NULO";"12";"APTO";"2";"DEFERIDO";"-3";"#NE";"-3";"#NE";"-3";"#NE";"PARTIDO ISOLADO";"14";"PTB";"Partido Trabalhista Brasileiro";"-1";"#NULO#";"#NULO#";"#NULO#";"280001683500";"PARTIDO ISOLADO";"PTB";"N";"3";"Válido";"3";"4";"NÃO ELEITO"
"02/10/2026";"03:16:50";"2022";"2";"Eleição Ordinária";"1";"544";"ELEIÇÃO GERAL FEDERAL 2022";"02/10/2022";"F";"AC";"BR";"BRASIL";"1473";"TARAUACÁ";"5";"1";"Presidente";"280001734029";"14";"KELMON LUIS DA SILVA SOUZA";"PADRE KELMON";"#NULO";"12";"APTO";"2";"DEFERIDO";"-3";"#NE";"-3";"#NE";"-3";"#NE";"PARTIDO ISOLADO";"14";"PTB";"Partido Trabalhista Brasileiro";"-1";"#NULO#";"#NULO#";"#NULO#";"280001683500";"PARTIDO ISOLADO";"PTB";"N";"5";"Válido";"5";"4";"NÃO ELEITO"
"02/10/2026";"03:16:50";"2022";"2";"Eleição Ordinária";"1";"544";"ELEIÇÃO GERAL FEDERAL 2022";"02/10/2022";"F";"AC";"BR";"BRASIL";"1570";"ASSIS BRASIL";"6";"1";"Presidente";"280001618036";"22";"JAIR MESSIAS BOLSONARO";"JAIR BOLSONARO";"#NULO";"12";"APTO";"2";"DEFERIDO";"-3";"#NE";"-3";"#NE";"-3";"#NE";"COLIGAÇÃO";"22";"PL";"Partido Liberal";"-1";"#NULO#";"#NULO#";"#NULO#";"280001682069";"PELO BEM DO BRASIL";"PP / REPUBLICANOS / PL";"N";"2694";"Válido";"2694";"6";"2º TURNO"
"02/10/2026";"03:16:50";"2022";"2";"Eleição Ordinária";"1";"544";"ELEIÇÃO GERAL FEDERAL 2022";"02/10/2022";"F";"AC";"BR";"BRASIL";"1457";"SENA MADUREIRA";"3";"1";"Presidente";"280001607831";"16";"VERA LUCIA PEREIRA DA SILVA SALGADO";"VERA";"#NULO";"12";"APTO";"2";"DEFERIDO";"-3";"#NE";"-3";"#NE";"-3";"#NE";"PARTIDO ISOLADO";"16";"PSTU";"Partido Socialista dos Trabalhadores Unificado";"-1";"#NULO#";"#NULO#";"#NULO#";"280001681360";"PARTIDO ISOLADO";"PSTU";"N";"1";"Válido";"1";"4";"NÃO ELEITO"
"02/10/2026";"03:16:50";"2022";"2";"Eleição Ordinária";"1";"544";"ELEIÇÃO GERAL FEDERAL 2022";"02/10/2022";"F";"AC";"BR";"BRASIL";"1457";"SENA MADUREIRA";"3";"1";"Presidente";"280001644128";"44";"SORAYA VIEIRA THRONICKE";"SORAYA THRONICKE";"#NULO";"12";"APTO";"2";"DEFERIDO";"-3";"#NE";"-3";"#NE";"-3";"#NE";"PARTIDO ISOLADO";"44";"UNIÃO";"UNIÃO BRASIL";"-1";"#NULO#";"#NULO#";"#NULO#";"280001683105";"PARTIDO ISOLADO";"UNIÃO";"N";"163";"Válido";"163";"4";"NÃO ELEITO"
"02/10/2026";"03:16:50";"2022";"2";"Eleição Ordinária";"1";"544";"ELEIÇÃO GERAL FEDERAL 2022";"02/10/2022";"F";"AC";"BR";"BRASIL";"1139";"FEIJÓ";"7";"1";"Presidente";"280001612393";"12";"CIRO FERREIRA GOMES";"CIRO GOMES";"#NULO";"12";"APTO";"2";"DEFERIDO";"-3";"#NE";"-3";"#NE";"-3";"#NE";"PARTIDO ISOLADO";"12";"PDT";"Partido Democrático Trabalhista";"-1";"#NULO#";"#NULO#";"#NULO#";"280001681612";"PARTIDO ISOLADO";"PDT";"N";"373";"Válido";"373";"4";"NÃO ELEITO"
"02/10/2026";"03:16:50";"2022";"2";"Eleição Ordinária";"1";"544";"ELEIÇÃO GERAL FEDERAL 2022";"02/10/2022";"F";"AC";"BR";"BRASIL";"1058";"BRASILÉIA";"6";"1";"Presidente";"280001612393";"12";"CIRO FERREIRA GOMES";"CIRO GOMES";"#NULO";"12";"APTO";"2";"DEFERIDO";"-3";"#NE";"-3";"#NE";"-3";"#NE";"PARTIDO ISOLADO";"12";"PDT";"Partido Democrático Trabalhista";"-1";"#NULO#";"#NULO#";"#NULO#";"280001681612";"PARTIDO ISOLADO";"PDT";"N";"249";"Válido";"249";"4";"NÃO ELEITO"
"02/10/2026";"03:16:50";"2022";"2";"Eleição Ordinária";"1";"544";"ELEIÇÃO GERAL FEDERAL 2022";"02/10/2022";"F";"AC";"BR";"BRASIL";"1570";"ASSIS BRASIL";"6";"1";"Presidente";"280001607831";"16";"VERA LUCIA PEREIRA DA SILVA SALGADO";"VERA";"#NULO";"12";"APTO";"2";"DEFERIDO";"-3";"#NE";"-3";"#NE";"-3";"#NE";"PARTIDO ISOLADO";"16";"PSTU";"Partido Socialista dos Trabalhadores Unificado";"-1";"#NULO#";"#NULO#";"#NULO#";"280001681360";"PARTIDO ISOLADO";"PSTU";"N";"5";"Válido";"5";"4";"NÃO ELEITO"
"02/10/2026";"03:16:50";"2022";"2";"Eleição Ordinária";"1";"544";"ELEIÇÃO GERAL FEDERAL 2022";"02/10/2022";"F";"AC";"BR";"BRASIL";"1570";"ASSIS BRASIL";"6";"1";"Presidente";"280001600167";"21";"SOFIA PADUA MANZANO";"SOFIA MANZANO";"#NULO";"12";"APTO";"2";"DEFERIDO";"-3";"#NE";"-3";"#NE";"-3";"#NE";"PARTIDO ISOLADO";"21";"PCB";"Partido Comunista Brasileiro";"-1";"#NULO#";"#NULO#";"#NULO#";"280001681036";"PARTIDO ISOLADO";"PCB";"N";"1";"Válido";"1";"4";"NÃO ELEITO"
"02/10/2026";"03:16:50";"2022";"2";"Eleição Ordinária";"1";"544";"ELEIÇÃO GERAL FEDERAL 2022";"02/10/2022";"F";"AC";"BR";"BRASIL";"1007";"BUJARI";"9";"1";"Presidente";"280001600167";"21";"SOFIA PADUA MANZANO";"SOFIA MANZANO";"#NULO";"12";"APTO";"2";"DEFERIDO";"-3";"#NE";"-3";"#NE";"-3";"#NE";"PARTIDO ISOLADO";"21";"PCB";"Partido Comunista Brasileiro";"-1";"#NULO#";"#NULO#";"#NULO#";"280001681036";"PARTIDO ISOLADO";"PCB";"N";"2";"Válido";"2";"4";"NÃO ELEITO"
"02/10/2026";"03:16:50";"2022";"2";"Eleição Ordinária";"1";"544";"ELEIÇÃO GERAL FEDERAL 2022";"02/10/2022";"F";"AC";"BR";"BRASIL";"1139";"FEIJÓ";"7";"1";"Presidente";"280001644128";"44";"SORAYA VIEIRA THRONICKE";"SORAYA THRONICKE";"#NULO";"12";"APTO";"2";"DEFERIDO";"-3";"#NE";"-3";"#NE";"-3";"#NE";"PARTIDO ISOLADO";"44";"UNIÃO";"UNIÃO BRASIL";"-1";"#NULO#";"#NULO#";"#NULO#";"280001683105";"PARTIDO ISOLADO";"UNIÃO";"N";"69";"Válido";"69";"4";"NÃO ELEITO"
"02/10/2026";"03:16:50";"2022";"2";"Eleição Ordinária";"1";"544";"ELEIÇÃO GERAL FEDERAL 2022";"02/10/2022";"F";"AC";"BR";"BRASIL";"1058";"BRASILÉIA";"6";"1";"Presidente";"280001644128";"44";"SORAYA VIEIRA THRONICKE";"SORAYA THRONICKE";"#NULO";"12";"APTO";"2";"DEFERIDO";"-3";"#NE";"-3";"#NE";"-3";"#NE";"PARTIDO ISOLADO";"44";"UNIÃO";"UNIÃO BRASIL";"-1";"#NULO#";"#NULO#";"#NULO#";"280001683105";"PARTIDO ISOLADO";"UNIÃO";"N";"53";"Válido";"53";"4";"NÃO ELEITO"
"02/10/2026";"03:16:50";"2022";"2";"Eleição Ordinária";"1";"544";"ELEIÇÃO GERAL FEDERAL 2022";"02/10/2022";"F";"AC";"BR";"BRASIL";"1139";"FEIJÓ";"7";"1";"Presidente";"280001618036";"22";"JAIR MESSIAS BOLSONARO";"JAIR BOLSONARO";"#NULO";"12";"APTO";"2";"DEFERIDO";"-3";"#NE";"-3";"#NE";"-3";"#NE";"COLIGAÇÃO";"22";"PL";"Partido Liberal";"-1";"#NULO#";"#NULO#";"#NULO#";"280001682069";"PELO BEM DO BRASIL";"PP / REPUBLICANOS / PL";"N";"6191";"Válido";"6191";"6";"2º TURNO"
"02/10/2026";"03:16:50";"2022";"2";"Eleição Ordinária";"1";"544";"ELEIÇÃO GERAL FEDERAL 2022";"02/10/2022";"F";"AC";"BR";"BRASIL";"1457";"SENA MADUREIRA";"3";"1";"Presidente";"280001612393";"12";"CIRO FERREIRA GOMES";"CIRO GOMES";"#NULO";"12";"APTO";"2";"DEFERIDO";"-3";"#NE";"-3";"#NE";"-3";"#NE";"PARTIDO ISOLADO";"12";"PDT";"Partido Democrático Trabalhista";"-1";"#NULO#";"#NULO#";"#NULO#";"280001681612";"PARTIDO ISOLADO";"PDT";"N";"473";"Válido";"473";"4";"NÃO ELEITO"
"02/10/2026";"03:16:50";"2022";"2";"Eleição Ordinária";"1";"544";"ELEIÇÃO GERAL FEDERAL 2022";"02/10/2022";"F";"AC";"BR";"BRASIL";"1570";"ASSIS BRASIL";"6";"1";"Presidente";"280001644128";"44";"SORAYA VIEIRA THRONICKE";"SORAYA THRONICKE";"#NULO";"12";"APTO";"2";"DEFERIDO";"-3";"#NE";"-3";"#NE";"-3";"#NE";"PARTIDO ISOLADO";"44";"UNIÃO";"UNIÃO BRASIL";"-1";"#NULO#";"#NULO#";"#NULO#";"280001683105";"PARTIDO ISOLADO";"UNIÃO";"N";"11";"Válido";"11";"4";"NÃO ELEITO"
"02/10/2026";"03:16:50";"2022";"2";"Eleição Ordinária";"1";"544";"ELEIÇÃO GERAL FEDERAL 2022";"02/10/2022";"F";"AC";"BR";"BRASIL";"1139";"FEIJÓ";"7";"1";"Presidente";"280001607831";"16";"VERA LUCIA PEREIRA DA SILVA SALGADO";"VERA";"#NULO";"12";"APTO";"2";"DEFERIDO";"-3";"#NE";"-3";"#NE";"-3";"#NE";"PARTIDO ISOLADO";"16";"PSTU";"Partido Socialista dos Trabalhadores Unificado";"-1";"#NULO#";"#NULO#";"#NULO#";"280001681360";"PARTIDO ISOLADO";"PSTU";"N";"1";"Válido";"1";"4";"NÃO ELEITO"
"02/10/2026";"03:16:50";"2022";"2";"Eleição Ordinária";"1";"544";"ELEIÇÃO GERAL FEDERAL 2022";"02/10/2022";"F";"AC";"BR";"BRASIL";"1120";"ACRELÂNDIA";"8";"1";"Presidente";"280001600167";"21";"SOFIA PADUA MANZANO";"SOFIA MANZANO";"#NULO";"12";"APTO";"2";"DEFERIDO";"-3";"#NE";"-3";"#NE";"-3";"#NE";"PARTIDO ISOLADO";"21";"PCB";"Partido Comunista Brasileiro";"-1";"#NULO#";"#NULO#";"#NULO#";"280001681036";"PARTIDO ISOLADO";"PCB";"N";"0";"Válido";"0";"4";"NÃO ELEITO"
"02/10/2026";"03:16:50";"2022";"2";"Eleição Ordinária";"1";"544";"ELEIÇÃO GERAL FEDERAL 2022";"02/10/2022";"F";"AC";"BR";"BRASIL";"1066";"PORTO WALTER";"4";"1";"Presidente";"280001612393";"12";"CIRO FERREIRA GOMES";"CIRO GOMES";"#NULO";"12";"APTO";"2";"DEFERIDO";"-3";"#NE";"-3";"#NE";"-3";"#NE";"PARTIDO ISOLADO";"12";"PDT";"Partido Democrático Trabalhista";"-1";"#NULO#";"#NULO#";"#NULO#";"280001681612";"PARTIDO ISOLADO";"PDT";"N";"214";"Válido";"214";"4";"NÃO ELEITO"
"02/10/2026";"03:16:50";"2022";"2";"Eleição Ordinária";"1";"544";"ELEIÇÃO GERAL FEDERAL 2022";"02/10/2022";"F";"AC";"BR";"BRASIL";"1554";"MANOEL URBANO";"3";"1";"Presidente";"280001618036";"22";"JAIR MESSIAS BOLSONARO";"JAIR BOLSONARO";"#NULO";"12";"APTO";"2";"DEFERIDO";"-3";"#NE";"-3";"#NE";"-3";"#NE";"COLIGAÇÃO";"22";"PL";"Partido Liberal";"-1";"#NULO#";"#NULO#";"#NULO#";"280001682069";"PELO BEM DO BRASIL";"PP / REPUBLICANOS / PL";"N";"3141";"Válido";"3141";"6";"2º TURNO"
"02/10/2026";"03:16:50";"2022";"2";"Eleição Ordinária";"1";"544";"ELEIÇÃO GERAL FEDERAL 2022";"02/10/2022";"F";"AC";"BR";"BRASIL";"1023";"PORTO ACRE";"1";"1";"Presidente";"280001600167";"21";"SOFIA PADUA MANZANO";"SOFIA MANZANO";"#NULO";"12";"APTO";"2";"DEFERIDO";"-3";"#NE";"-3";"#NE";"-3";"#NE";"PARTIDO ISOLADO";"21";"PCB";"Partido Comunista Brasileiro";"-1";"#NULO#";"#NULO#";"#NULO#";"280001681036";"PARTIDO ISOLADO";"PCB";"N";"3";"Válido";"3";"4";"NÃO ELEITO"
"02/10/2026";"03:16:50";"2022";"2";"Eleição Ordinária";"1";"544";"ELEIÇÃO GERAL FEDERAL 2022";"02/10/2022";"F";"AC";"BR";"BRASIL";"1457";"SENA MADUREIRA";"3";"1";"Presidente";"280001600167";"21";"SOFIA PADUA MANZANO";"SOFIA MANZANO";"#NULO";"12";"APTO";"2";"DEFERIDO";"-3";"#NE";"-3";"#NE";"-3";"#NE";"PARTIDO ISOLADO";"21";"PCB";"Partido Comunista Brasileiro";"-1";"#NULO#";"#NULO#";"#NULO#";"280001681036";"PARTIDO ISOLADO";"PCB";"N";"3";"Válido";"3";"4";"NÃO ELEITO"
"02/10/2026";"03:16:50";"2022";"2";"Eleição Ordinária";"1";"544";"ELEIÇÃO GERAL FEDERAL 2022";"02/10/2022";"F";"AC";"BR";"BRASIL";"1139";"FEIJÓ";"7";"1";"Presidente";"280001600167";"21";"SOFIA PADUA MANZANO";"SOFIA MANZANO";"#NULO";"12";"APTO";"2";"DEFERIDO";"-3";"#NE";"-3";"#NE";"-3";"#NE";"PARTIDO ISOLADO";"21";"PCB";"Partido Comunista Brasileiro";"-1";"#NULO#";"#NULO#";"#NULO#";"280001681036";"PARTIDO ISOLADO";"PCB";"N";"6";"Válido";"6";"4";"NÃO ELEITO"
"02/10/2026";"03:16:50";"2022";"2";"Eleição Ordinária";"1";"544";"ELEIÇÃO GERAL FEDERAL 2022";"02/10/2022";"F";"AC";"BR";"BRASIL";"1058";"BRASILÉIA";"6";"1";"Presidente";"280001600167";"21";"SOFIA PADUA MANZANO";"SOFIA MANZANO";"#NULO";"12";"APTO";"2";"DEFERIDO";"-3";"#NE";"-3";"#NE";"-3";"#NE";"PARTIDO ISOLADO";"21";"PCB";"Partido Comunista Brasileiro";"-1";"#NULO#";"#NULO#";"#NULO#";"280001681036";"PARTIDO ISOLADO";"PCB";"N";"4";"Válido";"4";"4";"NÃO ELEITO"
"02/10/2026";"03:16:50";"2022";"2";"Eleição Ordinária";"1";"544";"ELEIÇÃO GERAL FEDERAL 2022";"02/10/2022";"F";"AC";"BR";"BRASIL";"1031";"SANTA ROSA DO PURUS";"3";"1";"Presidente";"280001618036";"22";"JAIR MESSIAS BOLSONARO";"JAIR BOLSONARO";"#NULO";"12";"APTO";"2";"DEFERIDO";"-3";"#NE";"-3";"#NE";"-3";"#NE";"COLIGAÇÃO";"22";"PL";"Partido Liberal";"-1";"#NULO#";"#NULO#";"#NULO#";"280001682069";"PELO BEM DO BRASIL";"PP / REPUBLICANOS / PL";"N";"1028";"Válido";"1028";"6";"2º TURNO"
"02/10/2026";"03:16:50";"2022";"2";"Eleição Ordinária";"1";"544";"ELEIÇÃO GERAL FEDERAL 2022";"02/10/2022";"F";"AC";"BR";"BRASIL";"1082";"RODRIGUES ALVES";"4";"1";"Presidente";"280001607831";"16";"VERA LUCIA PEREIRA DA SILVA SALGADO";"VERA";"#NULO";"12";"APTO";"2";"DEFERIDO";"-3";"#NE";"-3";"#NE";"-3";"#NE";"PARTIDO ISOLADO";"16";"PSTU";"Partido Socialista dos Trabalhadores Unificado";"-1";"#NULO#";"#NULO#";"#NULO#";"280001681360";"PARTIDO ISOLADO";"PSTU";"N";"0";"Válido";"0";"4";"NÃO ELEITO"
"02/10/2026";"03:16:50";"2022";"2";"Eleição Ordinária";"1";"544";"ELEIÇÃO GERAL FEDERAL 2022";"02/10/2022";"F";"AC";"BR";"BRASIL";"1082";"RODRIGUES ALVES";"4";"1";"Presidente";"280001644128";"44";"SORAYA VIEIRA THRONICKE";"SORAYA THRONICKE";"#NULO";"12";"APTO";"2";"DEFERIDO";"-3";"#NE";"-3";"#NE";"-3";"#NE";"PARTIDO ISOLADO";"44";"UNIÃO";"UNIÃO BRASIL";"-1";"#NULO#";"#NULO#";"#NULO#";"280001683105";"PARTIDO ISOLADO";"UNIÃO";"N";"35";"Válido";"35";"4";"NÃO ELEITO"
"02/10/2026";"03:16:50";"2022";"2";"Eleição Ordinária";"1";"544";"ELEIÇÃO GERAL FEDERAL 2022";"02/10/2022";"F";"AC";"BR";"BRASIL";"1031";"SANTA ROSA DO PURUS";"3";"1";"Presidente";"280001612393";"12";"CIRO FERREIRA GOMES";"CIRO GOMES";"#NULO";"12";"APTO";"2";"DEFERIDO";"-3";"#NE";"-3";"#NE";"-3";"#NE";"PARTIDO ISOLADO";"12";"PDT";"Partido Democrático Trabalhista";"-1";"#NULO#";"#NULO#";"#NULO#";"280001681612";"PARTIDO ISOLADO";"PDT";"N";"44";"Válido";"44";"4";"NÃO ELEITO"
"02/10/2026";"03:16:50";"2022";"2";"Eleição Ordinária";"1";"544";"ELEIÇÃO GERAL FEDERAL 2022";"02/10/2022";"F";"AC";"BR";"BRASIL";"1082";"RODRIGUES ALVES";"4";"1";"Presidente";"280001612393";"12";"CIRO FERREIRA GOMES";"CIRO GOMES";"#NULO";"12";"APTO";"2";"DEFERIDO";"-3";"#NE";"-3";"#NE";"-3";"#NE";"PARTIDO ISOLADO";"12";"PDT";"Partido Democrático Trabalhista";"-1";"#NULO#";"#NULO#";"#NULO#";"280001681612";"PARTIDO ISOLADO";"PDT";"N";"165";"Válido";"165";"4";"NÃO ELEITO"
"02/10/2026";"03:16:50";"2022";"2";"Eleição Ordinária";"1";"544";"ELEIÇÃO GERAL FEDERAL 2022";"02/10/2022";"F";"AC";"BR";"BRASIL";"1082";"RODRIGUES ALVES";"4";"1";"Presidente";"280001618036";"22";"JAIR MESSIAS BOLSONARO";"JAIR BOLSONARO";"#NULO";"12";"APTO";"2";"DEFERIDO";"-3";"#NE";"-3";"#NE";"-3";"#NE";"COLIGAÇÃO";"22";"PL";"Partido Liberal";"-1";"#NULO#";"#NULO#";"#NULO#";"280001682069";"PELO BEM DO BRASIL";"PP / REPUBLICANOS / PL";"N";"6551";"Válido";"6551";"6";"2º TURNO"
"02/10/2026";"03:16:50";"2022";"2";"Eleição Ordinária";"1";"544";"ELEIÇÃO GERAL FEDERAL 2022";"02/10/2022";"F";"AC";"BR";"BRASIL";"1112";"EPITACIOLÂNDIA";"6";"1";"Presidente";"280001734029";"14";"KELMON LUIS DA SILVA SOUZA";"PADRE KELMON";"#NULO";"12";"APTO";"2";"DEFERIDO";"-3";"#NE";"-3";"#NE";"-3";"#NE";"PARTIDO ISOLADO";"14";"PTB";"Partido Trabalhista Brasileiro";"-1";"#NULO#";"#NULO#";"#NULO#";"280001683500";"PARTIDO ISOLADO";"PTB";"N";"6";"Válido";"6";"4";"NÃO ELEITO"
"02/10/2026";"03:16:50";"2022";"2";"Eleição Ordinária";"1";"544";"ELEIÇÃO GERAL FEDERAL 2022";"02/10/2022";"F";"AC";"BR";"BRASIL";"1554";"MANOEL URBANO";"3";"1";"Presidente";"280001644128";"44";"SORAYA VIEIRA THRONICKE";"SORAYA THRONICKE";"#NULO";"12";"APTO";"2";"DEFERIDO";"-3";"#NE";"-3";"#NE";"-3";"#NE";"PARTIDO ISOLADO";"44";"UNIÃO";"UNIÃO BRASIL";"-1";"#NULO#";"#NULO#";"#NULO#";"280001683105";"PARTIDO ISOLADO";"UNIÃO";"N";"47";"Válido";"47";"4";"NÃO ELEITO"
"02/10/2026";"03:16:50";"2022";"2";"Eleição Ordinária";"1";"544";"ELEIÇÃO GERAL FEDERAL 2022";"02/10/2022";"F";"AC";"BR";"BRASIL";"1066";"PORTO WALTER";"4";"1";"Presidente";"280001618036";"22";"JAIR MESSIAS BOLSONARO";"JAIR BOLSONARO";"#NULO";"12";"APTO";"2";"DEFERIDO";"-3";"#NE";"-3";"#NE";"-3";"#NE";"COLIGAÇÃO";"22";"PL";"Partido Liberal";"-1";"#NULO#";"#NULO#";"#NULO#";"280001682069";"PELO BEM DO BRASIL";"PP / REPUBLICANOS / PL";"N";"2143";"Válido";"2143";"6";"2º TURNO"
"02/10/2026";"03:16:50";"2022";"2";"Eleição Ordinária";"1";"544";"ELEIÇÃO GERAL FEDERAL 2022";"02/10/2022";"F";"AC";"BR";"BRASIL";"1082";"RODRIGUES ALVES";"4";"1";"Presidente";"280001600167";"21";"SOFIA PADUA MANZANO";"SOFIA MANZANO";"#NULO";"12";"APTO";"2";"DEFERIDO";"-3";"#NE";"-3";"#NE";"-3";"#NE";"PARTIDO ISOLADO";"21";"PCB";"Partido Comunista Brasileiro";"-1";"#NULO#";"#NULO#";"#NULO#";"280001681036";"PARTIDO ISOLADO";"PCB";"N";"1";"Válido";"1";"4";"NÃO ELEITO"
"02/10/2026";"03:16:50";"2022";"2";"Eleição Ordinária";"1";"544";"ELEIÇÃO GERAL FEDERAL 2022";"02/10/2022";"F";"AC";"BR";"BRASIL";"1066";"PORTO WALTER";"4";"1";"Presidente";"280001607831";"16";"VERA LUCIA PEREIRA DA SILVA SALGADO";"VERA";"#NULO";"12";"APTO";"2";"DEFERIDO";"-3";"#NE";"-3";"#NE";"-3";"#NE";"PARTIDO ISOLADO";"16";"PSTU";"Partido Socialista dos Trabalhadores Unificado";"-1";"#NULO#";"#NULO#";"#NULO#";"280001681360";"PARTIDO ISOLADO";"PSTU";"N";"0";"Válido";"0";"4";"NÃO ELEITO"
"02/10/2026";"03:16:50";"2022";"2";"Eleição Ordinária";"1";"544";"ELEIÇÃO GERAL FEDERAL 2022";"02/10/2022";"F";"AC";"BR";"BRASIL";"1066";"PORTO WALTER";"4";"1";"Presidente";"280001600167";"21";"SOFIA PADUA MANZANO";"SOFIA MANZANO";"#NULO";"12";"APTO";"2";"DEFERIDO";"-3";"#NE";"-3";"#NE";"-3";"#NE";"PARTIDO ISOLADO";"21";"PCB";"Partido Comunista Brasileiro";"-1";"#NULO#";"#NULO#";"#NULO#";"280001681036";"PARTIDO ISOLADO";"PCB";"N";"1";"Válido";"1";"4";"NÃO ELEITO"
"02/10/2026";"03:16:50";"2022";"2";"Eleição Ordinária";"1";"544";"ELEIÇÃO GERAL FEDERAL 2022";"02/10/2022";"F";"AC";"BR";"BRASIL";"1490";"XAPURI";"2";"1";"Presidente";"280001600167";"21";"SOFIA PADUA MANZANO";"SOFIA MANZANO";"#NULO";"12";"APTO";"2";"DEFERIDO";"-3";"#NE";"-3";"#NE";"-3";"#NE";"PARTIDO ISOLADO";"21";"PCB";"Partido Comunista Brasileiro";"-1";"#NULO#";"#NULO#";"#NULO#";"280001681036";"PARTIDO ISOLADO";"PCB";"N";"3";"Válido";"3";"4";"NÃO ELEITO"
"02/10/2026";"03:16:50";"2022";"2";"Eleição Ordinária";"1";"544";"ELEIÇÃO GERAL FEDERAL 2022";"02/10/2022";"F";"AC";"BR";"BRASIL";"1554";"MANOEL URBANO";"3";"1";"Presidente";"280001600167";"21";"SOFIA PADUA MANZANO";"SOFIA MANZANO";"#NULO";"12";"APTO";"2";"DEFERIDO";"-3";"#NE";"-3";"#NE";"-3";"#NE";"PARTIDO ISOLADO";"21";"PCB";"Partido Comunista Brasileiro";"-1";"#NULO#";"#NULO#";"#NULO#";"280001681036";"PARTIDO ISOLADO";"PCB";"N";"5";"Válido";"5";"4";"NÃO ELEITO"
"02/10/2026";"03:16:50";"2022";"2";"Eleição Ordinária";"1";"544";"ELEIÇÃO GERAL FEDERAL 2022";"02/10/2022";"F";"AC";"BR";"BRASIL";"1538";"SENADOR GUIOMARD";"8";"1";"Presidente";"280001600167";"21";"SOFIA PADUA MANZANO";"SOFIA MANZANO";"#NULO";"12";"APTO";"2";"DEFERIDO";"-3";"#NE";"-3";"#NE";"-3";"#NE";"PARTIDO ISOLADO";"21";"PCB";"Partido Comunista Brasileiro";"-1";"#NULO#";"#NULO#";"#NULO#";"280001681036";"PARTIDO ISOLADO";"PCB";"N";"2";"Válido";"2";"4";"NÃO ELEITO"
"02/10/2026";"03:16:50";"2022";"2";"Eleição Ordinária";"1";"544";"ELEIÇÃO GERAL FEDERAL 2022";"02/10/2022";"F";"AC";"BR";"BRASIL";"1554";"MANOEL URBANO";"3";"1";"Presidente";"280001612393";"12";"CIRO FERREIRA GOMES";"CIRO GOMES";"#NULO";"12";"APTO";"2";"DEFERIDO";"-3";"#NE";"-3";"#NE";"-3";"#NE";"PARTIDO ISOLADO";"12";"PDT";"Partido Democrático Trabalhista";"-1";"#NULO#";"#NULO#";"#NULO#";"280001681612";"PARTIDO ISOLADO";"PDT";"N";"114";"Válido";"114";"4";"NÃO ELEITO"
"02/10/2026";"03:16:50";"2022";"2";"Eleição Ordinária";"1";"544";"ELEIÇÃO GERAL FEDERAL 2022";"02/10/2022";"F";"AC";"BR";"BRASIL";"1015";"CAPIXABA";"2";"1";"Presidente";"280001600167";"21";"SOFIA PADUA MANZANO";"SOFIA MANZANO";"#NULO";"12";"APTO";"2";"DEFERIDO";"-3";"#NE";"-3";"#NE";"-3";"#NE";"PARTIDO ISOLADO";"21";"PCB";"Partido Comunista Brasileiro";"-1";"#NULO#";"#NULO#";"#NULO#";"280001681036";"PARTIDO ISOLADO";"PCB";"N";"1";"Válido";"1";"4";"NÃO ELEITO"
"02/10/2026";"03:16:50";"2022";"2";"Eleição Ordinária";"1";"544";"ELEIÇÃO GERAL FEDERAL 2022";"02/10/2022";"F";"AC";"BR";"BRASIL";"1511";"PLÁCIDO DE CASTRO";"8";"1";"Presidente";"280001734029";"14";"KELMON LUIS DA SILVA SOUZA";"PADRE KELMON";"#NULO";"12";"APTO";"2";"DEFERIDO";"-3";"#NE";"-3";"#NE";"-3";"#NE";"PARTIDO ISOLADO";"14";"PTB";"Partido Trabalhista Brasileiro";"-1";"#NULO#";"#NULO#";"#NULO#";"280001683500";"PARTIDO ISOLADO";"PTB";"N";"6";"Válido";"6";"4";"NÃO ELEITO"
"02/10/2026";"03:16:50";"2022";"2";"Eleição Ordinária";"1";"544";"ELEIÇÃO GERAL FEDERAL 2022";"02/10/2022";"F";"AC";"BR";"BRASIL";"1120";"ACRELÂNDIA";"8";"1";"Presidente";"280001618036";"22";"JAIR MESSIAS BOLSONARO";"JAIR BOLSONARO";"#NULO";"12";"APTO";"2";"DEFERIDO";"-3";"#NE";"-3";"#NE";"-3";"#NE";"COLIGAÇÃO";"22";"PL";"Partido Liberal";"-1";"#NULO#";"#NULO#";"#NULO#";"280001682069";"PELO BEM DO BRASIL";"PP / REPUBLICANOS / PL";"N";"5238";"Válido";"5238";"6";"2º TURNO"
"02/10/2026";"03:16:50";"2022";"2";"Eleição Ordinária";"1";"544";"ELEIÇÃO GERAL FEDERAL 2022";"02/10/2022";"F";"AC";"BR";"BRASIL";"1023";"PORTO ACRE";"1";"1";"Presidente";"280001618036";"22";"JAIR MESSIAS BOLSONARO";"JAIR BOLSONARO";"#NULO";"12";"APTO";"2";"DEFERIDO";"-3";"#NE";"-3";"#NE";"-3";"#NE";"COLIGAÇÃO";"22";"PL";"Partido Liberal";"-1";"#NULO#";"#NULO#";"#NULO#";"280001682069";"PELO BEM DO BRASIL";"PP / REPUBLICANOS / PL";"N";"7062";"Válido";"7062";"6";"2º TURNO"
"02/10/2026";"03:16:50";"2022";"2";"Eleição Ordinária";"1";"544";"ELEIÇÃO GERAL FEDERAL 2022";"02/10/2022";"F";"AC";"BR";"BRASIL";"1031";"SANTA ROSA DO PURUS";"3";"1";"Presidente";"280001607831";"16";"VERA LUCIA PEREIRA DA SILVA SALGADO";"VERA";"#NULO";"12";"APTO";"2";"DEFERIDO";"-3";"#NE";"-3";"#NE";"-3";"#NE";"PARTIDO ISOLADO";"16";"PSTU";"Partido Socialista dos Trabalhadores Unificado";"-1";"#NULO#";"#NULO#";"#NULO#";"280001681360";"PARTIDO ISOLADO";"PSTU";"N";"0";"Válido";"0";"4";"NÃO ELEITO"
"02/10/2026";"03:16:50";"2022";"2";"Eleição Ordinária";"1";"544";"ELEIÇÃO GERAL FEDERAL 2022";"02/10/2022";"F";"AC";"BR";"BRASIL";"1066";"PORTO WALTER";"4";"1";"Presidente";"280001644128";"44";"SORAYA VIEIRA THRONICKE";"SORAYA THRONICKE";"#NULO";"12";"APTO";"2";"DEFERIDO";"-3";"#NE";"-3";"#NE";"-3";"#NE";"PARTIDO ISOLADO";"44";"UNIÃO";"UNIÃO BRASIL";"-1";"#NULO#";"#NULO#";"#NULO#";"280001683105";"PARTIDO ISOLADO";"UNIÃO";"N";"27";"Válido";"27";"4";"NÃO ELEITO"
"02/10/2026";"03:16:50";"2022";"2";"Eleição Ordinária";"1";"544";"ELEIÇÃO GERAL FEDERAL 2022";"02/10/2022";"F";"AC";"BR";"BRASIL";"1031";"SANTA ROSA DO PURUS";"3";"1";"Presidente";"280001600167";"21";"SOFIA PADUA MANZANO";"SOFIA MANZANO";"#NULO";"12";"APTO";"2";"DEFERIDO";"-3";"#NE";"-3";"#NE";"-3";"#NE";"PARTIDO ISOLADO";"21";"PCB";"Partido Comunista Brasileiro";"-1";"#NULO#";"#NULO#";"#NULO#";"280001681036";"PARTIDO ISOLADO";"PCB";"N";"0";"Válido";"0";"4";"NÃO ELEITO"
"02/10/2026";"03:16:50";"2022";"2";"Eleição Ordinária";"1";"544";"ELEIÇÃO GERAL FEDERAL 2022";"02/10/2022";"F";"AC";"BR";"BRASIL";"1554";"MANOEL URBANO";"3";"1";"Presidente";"280001607831";"16";"VERA LUCIA PEREIRA DA SILVA SALGADO";"VERA";"#NULO";"12";"APTO";"2";"DEFERIDO";"-3";"#NE";"-3";"#NE";"-3";"#NE";"PARTIDO ISOLADO";"16";"PSTU";"Partido Socialista dos Trabalhadores Unificado";"-1";"#NULO#";"#NULO#";"#NULO#";"280001681360";"PARTIDO ISOLADO";"PSTU";"N";"0";"Válido";"0";"4";"NÃO ELEITO"
"02/10/2026";"03:16:50";"2022";"2";"Eleição Ordinária";"1";"544";"ELEIÇÃO GERAL FEDERAL 2022";"02/10/2022";"F";"AC";"BR";"BRASIL";"1023";"PORTO ACRE";"1";"1";"Presidente";"280001644128";"44";"SORAYA VIEIRA THRONICKE";"SORAYA THRONICKE";"#NULO";"12";"APTO";"2";"DEFERIDO";"-3";"#NE";"-3";"#NE";"-3";"#NE";"PARTIDO ISOLADO";"44";"UNIÃO";"UNIÃO BRASIL";"-1";"#NULO#";"#NULO#";"#NULO#";"280001683105";"PARTIDO ISOLADO";"UNIÃO";"N";"53";"Válido";"53";"4";"NÃO ELEITO"
"02/10/2026";"03:16:50";"2022";"2";"Eleição Ordinária";"1";"544";"ELEIÇÃO GERAL FEDERAL 2022";"02/10/2022";"F";"AC";"BR";"BRASIL";"1074";"CRUZEIRO DO SUL";"4";"1";"Presidente";"280001600167";"21";"SOFIA PADUA MANZANO";"SOFIA MANZANO";"#NULO";"12";"APTO";"2";"DEFERIDO";"-3";"#NE";"-3";"#NE";"-3";"#NE";"PARTIDO ISOLADO";"21";"PCB";"Partido Comunista Brasileiro";"-1";"#NULO#";"#NULO#";"#NULO#";"280001681036";"PARTIDO ISOLADO";"PCB";"N";"18";"Válido";"18";"4";"NÃO ELEITO"
"02/10/2026";"03:16:50";"2022";"2";"Eleição Ordinária";"1";"544";"ELEIÇÃO GERAL FEDERAL 2022";"02/10/2022";"F";"AC";"BR";"BRASIL";"1007";"BUJARI";"9";"1";"Presidente";"280001644128";"44";"SORAYA VIEIRA THRONICKE";"SORAYA THRONICKE";"#NULO";"12";"APTO";"2";"DEFERIDO";"-3";"#NE";"-3";"#NE";"-3";"#NE";"PARTIDO ISOLADO";"44";"UNIÃO";"UNIÃO BRASIL";"-1";"#NULO#";"#NULO#";"#NULO#";"280001683105";"PARTIDO ISOLADO";"UNIÃO";"N";"58";"Válido";"58";"4";"NÃO ELEITO"
"02/10/2026";"03:16:50";"2022";"2";"Eleição Ordinária";"1";"544";"ELEIÇÃO GERAL FEDERAL 2022";"02/10/2022";"F";"AC";"BR";"BRASIL";"1023";"PORTO ACRE";"1";"1";"Presidente";"280001612393";"12";"CIRO FERREIRA GOMES";"CIRO GOMES";"#NULO";"12";"APTO";"2";"DEFERIDO";"-3";"#NE";"-3";"#NE";"-3";"#NE";"PARTIDO ISOLADO";"12";"PDT";"Partido Democrático Trabalhista";"-1";"#NULO#";"#NULO#";"#NULO#";"280001681612";"PARTIDO ISOLADO";"PDT";"N";"168";"Válido";"168";"4";"NÃO ELEITO"
"02/10/2026";"03:16:50";"2022";"2";"Eleição Ordinária";"1";"544";"ELEIÇÃO GERAL FEDERAL 2022";"02/10/2022";"F";"AC";"BR";"BRASIL";"1007";"BUJARI";"9";"1";"Presidente";"280001618036";"22";"JAIR MESSIAS BOLSONARO";"JAIR BOLSONARO";"#NULO";"12";"APTO";"2";"DEFERIDO";"-3";"#NE";"-3";"#NE";"-3";"#NE";"COLIGAÇÃO";"22";"PL";"Partido Liberal";"-1";"#NULO#";"#NULO#";"#NULO#";"280001682069";"PELO BEM DO BRASIL";"PP / REPUBLICANOS / PL";"N";"4505";"Válido";"4505";"6";"2º TURNO"
"02/10/2026";"03:16:50";"2022";"2";"Eleição Ordinária";"1";"544";"ELEIÇÃO GERAL FEDERAL 2022";"02/10/2022";"F";"AC";"BR";"BRASIL";"1120";"ACRELÂNDIA";"8";"1";"Presidente";"280001607831";"16";"VERA LUCIA PEREIRA DA SILVA SALGADO";"VERA";"#NULO";"12";"APTO";"2";"DEFERIDO";"-3";"#NE";"-3";"#NE";"-3";"#NE";"PARTIDO ISOLADO";"16";"PSTU";"Partido Socialista dos Trabalhadores Unificado";"-1";"#NULO#";"#NULO#";"#NULO#";"280001681360";"PARTIDO ISOLADO";"PSTU";"N";"1";"Válido";"1";"4";"NÃO ELEITO"
"02/10/2026";"03:16:50";"2022";"2";"Eleição Ordinária";"1";"544";"ELEIÇÃO GERAL FEDERAL 2022";"02/10/2022";"F";"AC";"BR";"BRASIL";"1538";"SENADOR GUIOMARD";"8";"1";"Presidente";"280001677435";"27";"JOSE MARIA EYMAEL";"CONSTITUINTE EYMAEL";"#NULO";"12";"APTO";"2";"DEFERIDO";"-3";"#NE";"-3";"#NE";"-3";"#NE";"PARTIDO ISOLADO";"27";"DC";"Democracia Cristã";"-1";"#NULO#";"#NULO#";"#NULO#";"280001684145";"PARTIDO ISOLADO";"DC";"N";"1";"Válido";"1";"4";"NÃO ELEITO"
"02/10/2026";"03:16:50";"2022";"2";"Eleição Ordinária";"1";"544";"ELEIÇÃO GERAL FEDERAL 2022";"02/10/2022";"F";"AC";"BR";"BRASIL";"1104";"JORDÃO";"5";"1";"Presidente";"280001600167";"21";"SOFIA PADUA MANZANO";"SOFIA MANZANO";"#NULO";"12";"APTO";"2";"DEFERIDO";"-3";"#NE";"-3";"#NE";"-3";"#NE";"PARTIDO ISOLADO";"21";"PCB";"Partido Comunista Brasileiro";"-1";"#NULO#";"#NULO#";"#NULO#";"280001681036";"PARTIDO ISOLADO";"PCB";"N";"2";"Válido";"2";"4";"NÃO ELEITO"
"02/10/2026";"03:16:50";"2022";"2";"Eleição Ordinária";"1";"544";"ELEIÇÃO GERAL FEDERAL 2022";"02/10/2022";"F";"AC";"BR";"BRASIL";"1007";"BUJARI";"9";"1";"Presidente";"280001612393";"12";"CIRO FERREIRA GOMES";"CIRO GOMES";"#NULO";"12";"APTO";"2";"DEFERIDO";"-3";"#NE";"-3";"#NE";"-3";"#NE";"PARTIDO ISOLADO";"12";"PDT";"Partido Democrático Trabalhista";"-1";"#NULO#";"#NULO#";"#NULO#";"280001681612";"PARTIDO ISOLADO";"PDT";"N";"197";"Válido";"197";"4";"NÃO ELEITO"
"02/10/2026";"03:16:50";"2022";"2";"Eleição Ordinária";"1";"544";"ELEIÇÃO GERAL FEDERAL 2022";"02/10/2022";"F";"AC";"BR";"BRASIL";"1120";"ACRELÂNDIA";"8";"1";"Presidente";"280001612393";"12";"CIRO FERREIRA GOMES";"CIRO GOMES";"#NULO";"12";"APTO";"2";"DEFERIDO";"-3";"#NE";"-3";"#NE";"-3";"#NE";"PARTIDO ISOLADO";"12";"PDT";"Partido Democrático Trabalhista";"-1";"#NULO#";"#NULO#";"#NULO#";"280001681612";"PARTIDO ISOLADO";"PDT";"N";"117";"Válido";"117";"4";"NÃO ELEITO"
"02/10/2026";"03:16:50";"2022";"2";"Eleição Ordinária";"1";"544";"ELEIÇÃO GERAL FEDERAL 2022";"02/10/2022";"F";"AC";"BR";"BRASIL";"1490";"XAPURI";"2";"1";"Presidente";"280001677435";"27";"JOSE MARIA EYMAEL";"CONSTITUINTE EYMAEL";"#NULO";"12";"APTO";"2";"DEFERIDO";"-3";"#NE";"-3";"#NE";"-3";"#NE";"PARTIDO ISOLADO";"27";"DC";"Democracia Cristã";"-1";"#NULO#";"#NULO#";"#NULO#";"280001684145";"PARTIDO ISOLADO";"DC";"N";"0";"Válido";"0";"4";"NÃO ELEITO"
"02/10/2026";"03:16:50";"2022";"2";"Eleição Ordinária";"1";"544";"ELEIÇÃO GERAL FEDERAL 2022";"02/10/2022";"F";"AC";"BR";"BRASIL";"1023";"PORTO ACRE";"1";"1";"Presidente";"280001607831";"16";"VERA LUCIA PEREIRA DA SILVA SALGADO";"VERA";"#NULO";"12";"APTO";"2";"DEFERIDO";"-3";"#NE";"-3";"#NE";"-3";"#NE";"PARTIDO ISOLADO";"16";"PSTU";"Partido Socialista dos Trabalhadores Unificado";"-1";"#NULO#";"#NULO#";"#NULO#";"280001681360";"PARTIDO ISOLADO";"PSTU";"N";"1";"Válido";"1";"4";"NÃO ELEITO"
"02/10/2026";"03:16:50";"2022";"2";"Eleição Ordinária";"1";"544";"ELEIÇÃO GERAL FEDERAL 2022";"02/10/2022";"F";"AC";"BR";"BRASIL";"1007";"BUJARI";"9";"1";"Presidente";"280001607831";"16";"VERA LUCIA PEREIRA DA SILVA SALGADO";"VERA";"#NULO";"12";"APTO";"2";"DEFERIDO";"-3";"#NE";"-3";"#NE";"-3";"#NE";"PARTIDO ISOLADO";"16";"PSTU";"Partido Socialista dos Trabalhadores Unificado";"-1";"#NULO#";"#NULO#";"#NULO#";"280001681360";"PARTIDO ISOLADO";"PSTU";"N";"1";"Válido";"1";"4";"NÃO ELEITO"
"02/10/2026";"03:16:50";"2022";"2";"Eleição Ordinária";"1";"544";"ELEIÇÃO GERAL FEDERAL 2022";"02/10/2022";"F";"AC";"BR";"BRASIL";"1120";"ACRELÂNDIA";"8";"1";"Presidente";"280001644128";"44";"SORAYA VIEIRA THRONICKE";"SORAYA THRONICKE";"#NULO";"12";"APTO";"2";"DEFERIDO";"-3";"#NE";"-3";"#NE";"-3";"#NE";"PARTIDO ISOLADO";"44";"UNIÃO";"UNIÃO BRASIL";"-1";"#NULO#";"#NULO#";"#NULO#";"280001683105";"PARTIDO ISOLADO";"UNIÃO";"N";"37";"Válido";"37";"4";"NÃO ELEITO"
"02/10/2026";"03:16:50";"2022";"2";"Eleição Ordinária";"1";"544";"ELEIÇÃO GERAL FEDERAL 2022";"02/10/2022";"F";"AC";"BR";"BRASIL";"1015";"CAPIXABA";"2";"1";"Presidente";"280001677435";"27";"JOSE MARIA EYMAEL";"CONSTITUINTE EYMAEL";"#NULO";"12";"APTO";"2";"DEFERIDO";"-3";"#NE";"-3";"#NE";"-3";"#NE";"PARTIDO ISOLADO";"27";"DC";"Democracia Cristã";"-1";"#NULO#";"#NULO#";"#NULO#";"280001684145";"PARTIDO ISOLADO";"DC";"N";"0";"Válido";"0";"4";"NÃO ELEITO"
"02/10/2026";"03:16:50";"2022";"2";"Eleição Ordinária";"1";"544";"ELEIÇÃO GERAL FEDERAL 2022";"02/10/2022";"F";"AC";"BR";"BRASIL";"1490";"XAPURI";"2";"1";"Presidente";"280001618036";"22";"JAIR MESSIAS BOLSONARO";"JAIR BOLSONARO";"#NULO";"12";"APTO";"2";"DEFERIDO";"-3";"#NE";"-3";"#NE";"-3";"#NE";"COLIGAÇÃO";"22";"PL";"Partido Liberal";"-1";"#NULO#";"#NULO#";"#NULO#";"280001682069";"PELO BEM DO BRASIL";"PP / REPUBLICANOS / PL";"N";"5142";"Válido";"5142";"6";"2º TURNO"
"02/10/2026";"03:16:50";"2022";"2";"Eleição Ordinária";"1";"544";"ELEIÇÃO GERAL FEDERAL 2022";"02/10/2022";"F";"AC";"BR";"BRASIL";"1074";"CRUZEIRO DO SUL";"4";"1";"Presidente";"280001677435";"27";"JOSE MARIA EYMAEL";"CONSTITUINTE EYMAEL";"#NULO";"12";"APTO";"2";"DEFERIDO";"-3";"#NE";"-3";"#NE";"-3";"#NE";"PARTIDO ISOLADO";"27";"DC";"Democracia Cristã";"-1";"#NULO#";"#NULO#";"#NULO#";"280001684145";"PARTIDO ISOLADO";"DC";"N";"2";"Válido";"2";"4";"NÃO ELEITO"
"02/10/2026";"03:16:50";"2022";"2";"Eleição Ordinária";"1";"544";"ELEIÇÃO GERAL FEDERAL 2022";"02/10/2022";"F";"AC";"BR";"BRASIL";"1490";"XAPURI";"2";"1";"Presidente";"280001612393";"12";"CIRO FERREIRA GOMES";"CIRO GOMES";"#NULO";"12";"APTO";"2";"DEFERIDO";"-3";"#NE";"-3";"#NE";"-3";"#NE";"PARTIDO ISOLADO";"12";"PDT";"Partido Democrático Trabalhista";"-1";"#NULO#";"#NULO#";"#NULO#";"280001681612";"PARTIDO ISOLADO";"PDT";"N";"168";"Válido";"168";"4";"NÃO ELEITO"
"02/10/2026";"03:16:50";"2022";"2";"Eleição Ordinária";"1";"544";"ELEIÇÃO GERAL FEDERAL 2022";"02/10/2022";"F";"AC";"BR";"BRASIL";"1538";"SENADOR GUIOMARD";"8";"1";"Presidente";"280001612393";"12";"CIRO FERREIRA GOMES";"CIRO GOMES";"#NULO";"12";"APTO";"2";"DEFERIDO";"-3";"#NE";"-3";"#NE";"-3";"#NE";"PARTIDO ISOLADO";"12";"PDT";"Partido Democrático Trabalhista";"-1";"#NULO#";"#NULO#";"#NULO#";"280001681612";"PARTIDO ISOLADO";"PDT";"N";"349";"Válido";"349";"4";"NÃO ELEITO"
"02/10/2026";"03:16:50";"2022";"2";"Eleição Ordinária";"1";"544";"ELEIÇÃO GERAL FEDERAL 2022";"02/10/2022";"F";"AC";"BR";"BRASIL";"1392";"RIO BRANCO";"1";"1";"Presidente";"280001600167";"21";"SOFIA PADUA MANZANO";"SOFIA MANZANO";"#NULO";"12";"APTO";"2";"DEFERIDO";"-3";"#NE";"-3";"#NE";"-3";"#NE";"PARTIDO ISOLADO";"21";"PCB";"Partido Comunista Brasileiro";"-1";"#NULO#";"#NULO#";"#NULO#";"280001681036";"PARTIDO ISOLADO";"PCB";"N";"28";"Válido";"28";"4";"NÃO ELEITO"
"02/10/2026";"03:16:50";"2022";"2";"Eleição Ordinária";"1";"544";"ELEIÇÃO GERAL FEDERAL 2022";"02/10/2022";"F";"AC";"BR";"BRASIL";"1090";"MÂNCIO LIMA";"4";"1";"Presidente";"280001600167";"21";"SOFIA PADUA MANZANO";"SOFIA MANZANO";"#NULO";"12";"APTO";"2";"DEFERIDO";"-3";"#NE";"-3";"#NE";"-3";"#NE";"PARTIDO ISOLADO";"21";"PCB";"Partido Comunista Brasileiro";"-1";"#NULO#";"#NULO#";"#NULO#";"280001681036";"PARTIDO ISOLADO";"PCB";"N";"4";"Válido";"4";"4";"NÃO ELEITO"
"02/10/2026";"03:16:50";"2022";"2";"Eleição Ordinária";"1";"544";"ELEIÇÃO GERAL FEDERAL 2022";"02/10/2022";"F";"AC";"BR";"BRASIL";"1015";"CAPIXABA";"2";"1";"Presidente";"280001644128";"44";"SORAYA VIEIRA THRONICKE";"SORAYA THRONICKE";"#NULO";"12";"APTO";"2";"DEFERIDO";"-3";"#NE";"-3";"#NE";"-3";"#NE";"PARTIDO ISOLADO";"44";"UNIÃO";"UNIÃO BRASIL";"-1";"#NULO#";"#NULO#";"#NULO#";"280001683105";"PARTIDO ISOLADO";"UNIÃO";"N";"46";"Válido";"46";"4";"NÃO ELEITO"
"02/10/2026";"03:16:50";"2022";"2";"Eleição Ordinária";"1";"544";"ELEIÇÃO GERAL FEDERAL 2022";"02/10/2022";"F";"AC";"BR";"BRASIL";"1490";"XAPURI";"2";"1";"Presidente";"280001644128";"44";"SORAYA VIEIRA THRONICKE";"SORAYA THRONICKE";"#NULO";"12";"APTO";"2";"DEFERIDO";"-3";"#NE";"-3";"#NE";"-3";"#NE";"PARTIDO ISOLADO";"44";"UNIÃO";"UNIÃO BRASIL";"-1";"#NULO#";"#NULO#";"#NULO#";"280001683105";"PARTIDO ISOLADO";"UNIÃO";"N";"44";"Válido";"44";"4";"NÃO ELEITO"
"02/10/2026";"03:16:50";"2022";"2";"Eleição Ordinária";"1";"544";"ELEIÇÃO GERAL FEDERAL 2022";"02/10/2022";"F";"AC";"BR";"BRASIL";"1015";"CAPIXABA";"2";"1";"Presidente";"280001612393";"12";"CIRO FERREIRA GOMES";"CIRO GOMES";"#NULO";"12";"APTO";"2";"DEFERIDO";"-3";"#NE";"-3";"#NE";"-3";"#NE";"PARTIDO ISOLADO";"12";"PDT";"Partido Democrático Trabalhista";"-1";"#NULO#";"#NULO#";"#NULO#";"280001681612";"PARTIDO ISOLADO";"PDT";"N";"120";"Válido";"120";"4";"NÃO ELEITO"
"02/10/2026";"03:16:50";"2022";"2";"Eleição Ordinária";"1";"544";"ELEIÇÃO GERAL FEDERAL 2022";"02/10/2022";"F";"AC";"BR";"BRASIL";"1139";"FEIJÓ";"7";"1";"Presidente";"280001677435";"27";"JOSE MARIA EYMAEL";"CONSTITUINTE EYMAEL";"#NULO";"12";"APTO";"2";"DEFERIDO";"-3";"#NE";"-3";"#NE";"-3";"#NE";"PARTIDO ISOLADO";"27";"DC";"Democracia Cristã";"-1";"#NULO#";"#NULO#";"#NULO#";"280001684145";"PARTIDO ISOLADO";"DC";"N";"0";"Válido";"0";"4";"NÃO ELEITO"
"02/10/2026";"03:16:50";"2022";"2";"Eleição Ordinária";"1";"544";"ELEIÇÃO GERAL FEDERAL 2022";"02/10/2022";"F";"AC";"BR";"BRASIL";"1570";"ASSIS BRASIL";"6";"1";"Presidente";"280001677435";"27";"JOSE MARIA EYMAEL";"CONSTITUINTE EYMAEL";"#NULO";"12";"APTO";"2";"DEFERIDO";"-3";"#NE";"-3";"#NE";"-3";"#NE";"PARTIDO ISOLADO";"27";"DC";"Democracia Cristã";"-1";"#NULO#";"#NULO#";"#NULO#";"280001684145";"PARTIDO ISOLADO";"DC";"N";"0";"Válido";"0";"4";"NÃO ELEITO"
"02/10/2026";"03:16:50";"2022";"2";"Eleição Ordinária";"1";"544";"ELEIÇÃO GERAL FEDERAL 2022";"02/10/2022";"F";"AC";"BR";"BRASIL";"1015";"CAPIXABA";"2";"1";"Presidente";"280001618036";"22";"JAIR MESSIAS BOLSONARO";"JAIR BOLSONARO";"#NULO";"12";"APTO";"2";"DEFERIDO";"-3";"#NE";"-3";"#NE";"-3";"#NE";"COLIGAÇÃO";"22";"PL";"Partido Liberal";"-1";"#NULO#";"#NULO#";"#NULO#";"280001682069";"PELO BEM DO BRASIL";"PP / REPUBLICANOS / PL";"N";"3944";"Válido";"3944";"6";"2º TURNO"
"02/10/2026";"03:16:50";"2022";"2";"Eleição Ordinária";"1";"544";"ELEIÇÃO GERAL FEDERAL 2022";"02/10/2022";"F";"AC";"BR";"BRASIL";"1457";"SENA MADUREIRA";"3";"1";"Presidente";"280001677435";"27";"JOSE MARIA EYMAEL";"CONSTITUINTE EYMAEL";"#NULO";"12";"APTO";"2";"DEFERIDO";"-3";"#NE";"-3";"#NE";"-3";"#NE";"PARTIDO ISOLADO";"27";"DC";"Democracia Cristã";"-1";"#NULO#";"#NULO#";"#NULO#";"280001684145";"PARTIDO ISOLADO";"DC";"N";"2";"Válido";"2";"4";"NÃO ELEITO"
"02/10/2026";"03:16:50";"2022";"2";"Eleição Ordinária";"1";"544";"ELEIÇÃO GERAL FEDERAL 2022";"02/10/2022";"F";"AC";"BR";"BRASIL";"1538";"SENADOR GUIOMARD";"8";"1";"Presidente";"280001618036";"22";"JAIR MESSIAS BOLSONARO";"JAIR BOLSONARO";"#NULO";"12";"APTO";"2";"DEFERIDO";"-3";"#NE";"-3";"#NE";"-3";"#NE";"COLIGAÇÃO";"22";"PL";"Partido Liberal";"-1";"#NULO#";"#NULO#";"#NULO#";"280001682069";"PELO BEM DO BRASIL";"PP / REPUBLICANOS / PL";"N";"9134";"Válido";"9134";"6";"2º TURNO"
"02/10/2026";"03:16:50";"2022";"2";"Eleição Ordinária";"1";"544";"ELEIÇÃO GERAL FEDERAL 2022";"02/10/2022";"F";"AC";"BR";"BRASIL";"1015";"CAPIXABA";"2";"1";"Presidente";"280001607831";"16";"VERA LUCIA PEREIRA DA SILVA SALGADO";"VERA";"#NULO";"12";"APTO";"2";"DEFERIDO";"-3";"#NE";"-3";"#NE";"-3";"#NE";"PARTIDO ISOLADO";"16";"PSTU";"Partido Socialista dos Trabalhadores Unificado";"-1";"#NULO#";"#NULO#";"#NULO#";"280001681360";"PARTIDO ISOLADO";"PSTU";"N";"0";"Válido";"0";"4";"NÃO ELEITO"
"02/10/2026";"03:16:50";"2022";"2";"Eleição Ordinária";"1";"544";"ELEIÇÃO GERAL FEDERAL 2022";"02/10/2022";"F";"AC";"BR";"BRASIL";"1538";"SENADOR GUIOMARD";"8";"1";"Presidente";"280001644128";"44";"SORAYA VIEIRA THRONICKE";"SORAYA THRONICKE";"#NULO";"12";"APTO";"2";"DEFERIDO";"-3";"#NE";"-3";"#NE";"-3";"#NE";"PARTIDO ISOLADO";"44";"UNIÃO";"UNIÃO BRASIL";"-1";"#NULO#";"#NULO#";"#NULO#";"280001683105";"PARTIDO ISOLADO";"UNIÃO";"N";"75";"Válido";"75";"4";"NÃO ELEITO"
"02/10/2026";"03:16:50";"2022";"2";"Eleição Ordinária";"1";"544";"ELEIÇÃO GERAL FEDERAL 2022";"02/10/2022";"F";"AC";"BR";"BRASIL";"1392";"RIO BRANCO";"9";"1";"Presidente";"280001600167";"21";"SOFIA PADUA MANZANO";"SOFIA MANZANO";"#NULO";"12";"APTO";"2";"DEFERIDO";"-3";"#NE";"-3";"#NE";"-3";"#NE";"PARTIDO ISOLADO";"21";"PCB";"Partido Comunista Brasileiro";"-1";"#NULO#";"#NULO#";"#NULO#";"280001681036";"PARTIDO ISOLADO";"PCB";"N";"52";"Válido";"52";"4";"NÃO ELEITO"
"02/10/2026";"03:16:50";"2022";"2";"Eleição Ordinária";"1";"544";"ELEIÇÃO GERAL FEDERAL 2022";"02/10/2022";"F";"AC";"BR";"BRASIL";"1104";"JORDÃO";"5";"1";"Presidente";"280001677435";"27";"JOSE MARIA EYMAEL";"CONSTITUINTE EYMAEL";"#NULO";"12";"APTO";"2";"DEFERIDO";"-3";"#NE";"-3";"#NE";"-3";"#NE";"PARTIDO ISOLADO";"27";"DC";"Democracia Cristã";"-1";"#NULO#";"#NULO#";"#NULO#";"280001684145";"PARTIDO ISOLADO";"DC";"N";"0";"Válido";"0";"4";"NÃO ELEITO"
"02/10/2026";"03:16:50";"2022";"2";"Eleição Ordinária";"1";"544";"ELEIÇÃO GERAL FEDERAL 2022";"02/10/2022";"F";"AC";"BR";"BRASIL";"1058";"BRASILÉIA";"6";"1";"Presidente";"280001677435";"27";"JOSE MARIA EYMAEL";"CONSTITUINTE EYMAEL";"#NULO";"12";"APTO";"2";"DEFERIDO";"-3";"#NE";"-3";"#NE";"-3";"#NE";"PARTIDO ISOLADO";"27";"DC";"Democracia Cristã";"-1";"#NULO#";"#NULO#";"#NULO#";"280001684145";"PARTIDO ISOLADO";"DC";"N";"3";"Válido";"3";"4";"NÃO ELEITO"
"02/10/2026";"03:16:50";"2022";"2";"Eleição Ordinária";"1";"544";"ELEIÇÃO GERAL FEDERAL 2022";"02/10/2022";"F";"AC";"BR";"BRASIL";"1074";"CRUZEIRO DO SUL";"4";"1";"Presidente";"280001612393";"12";"CIRO FERREIRA GOMES";"CIRO GOMES";"#NULO";"12";"APTO";"2";"DEFERIDO";"-3";"#NE";"-3";"#NE";"-3";"#NE";"PARTIDO ISOLADO";"12";"PDT";"Partido Democrático Trabalhista";"-1";"#NULO#";"#NULO#";"#NULO#";"280001681612";"PARTIDO ISOLADO";"PDT";"N";"1267";"Válido";"1267";"4";"NÃO ELEITO"
"02/10/2026";"03:16:50";"2022";"2";"Eleição Ordinária";"1";"544";"ELEIÇÃO GERAL FEDERAL 2022";"02/10/2022";"F";"AC";"BR";"BRASIL";"1490";"XAPURI";"2";"1";"Presidente";"280001607831";"16";"VERA LUCIA PEREIRA DA SILVA SALGADO";"VERA";"#NULO";"12";"APTO";"2";"DEFERIDO";"-3";"#NE";"-3";"#NE";"-3";"#NE";"PARTIDO ISOLADO";"16";"PSTU";"Partido Socialista dos Trabalhadores Unificado";"-1";"#NULO#";"#NULO#";"#NULO#";"280001681360";"PARTIDO ISOLADO";"PSTU";"N";"1";"Válido";"1";"4";"NÃO ELEITO"
"02/10/2026";"03:16:50";"2022";"2";"Eleição Ordinária";"1";"544";"ELEIÇÃO GERAL FEDERAL 2022";"02/10/2022";"F";"AC";"BR";"BRASIL";"1040";"MARECHAL THAUMATURGO";"4";"1";"Presidente";"280001600167";"21";"SOFIA PADUA MANZANO";"SOFIA MANZANO";"#NULO";"12";"APTO";"2";"DEFERIDO";"-3";"#NE";"-3";"#NE";"-3";"#NE";"PARTIDO ISOLADO";"21";"PCB";"Partido Comunista Brasileiro";"-1";"#NULO#";"#NULO#";"#NULO#";"280001681036";"PARTIDO ISOLADO";"PCB";"N";"1";"Válido";"1";"4";"NÃO ELEITO"
"02/10/2026";"03:16:50";"2022";"2";"Eleição Ordinária";"1";"544";"ELEIÇÃO GERAL FEDERAL 2022";"02/10/2022";"F";"AC";"BR";"BRASIL";"1074";"CRUZEIRO DO SUL";"4";"1";"Presidente";"280001618036";"22";"JAIR MESSIAS BOLSONARO";"JAIR BOLSONARO";"#NULO";"12";"APTO";"2";"DEFERIDO";"-3";"#NE";"-3";"#NE";"-3";"#NE";"COLIGAÇÃO";"22";"PL";"Partido Liberal";"-1";"#NULO#";"#NULO#";"#NULO#";"280001682069";"PELO BEM DO BRASIL";"PP / REPUBLICANOS / PL";"N";"30977";"Válido";"30977";"6";"2º TURNO"
"02/10/2026";"03:16:50";"2022";"2";"Eleição Ordinária";"1";"544";"ELEIÇÃO GERAL FEDERAL 2022";"02/10/2022";"F";"AC";"BR";"BRASIL";"1538";"SENADOR GUIOMARD";"8";"1";"Presidente";"280001607831";"16";"VERA LUCIA PEREIRA DA SILVA SALGADO";"VERA";"#NULO";"12";"APTO";"2";"DEFERIDO";"-3";"#NE";"-3";"#NE";"-3";"#NE";"PARTIDO ISOLADO";"16";"PSTU";"Partido Socialista dos Trabalhadores Unificado";"-1";"#NULO#";"#NULO#";"#NULO#";"280001681360";"PARTIDO ISOLADO";"PSTU";"N";"0";"Válido";"0";"4";"NÃO ELEITO"
"02/10/2026";"03:16:50";"2022";"2";"Eleição Ordinária";"1";"544";"ELEIÇÃO GERAL FEDERAL 2022";"02/10/2022";"F";"AC";"BR";"BRASIL";"1074";"CRUZEIRO DO SUL";"4";"1";"Presidente";"280001644128";"44";"SORAYA VIEIRA THRONICKE";"SORAYA THRONICKE";"#NULO";"12";"APTO";"2";"DEFERIDO";"-3";"#NE";"-3";"#NE";"-3";"#NE";"PARTIDO ISOLADO";"44";"UNIÃO";"UNIÃO BRASIL";"-1";"#NULO#";"#NULO#";"#NULO#";"280001683105";"PARTIDO ISOLADO";"UNIÃO";"N";"171";"Válido";"171";"4";"NÃO ELEITO"
"02/10/2026";"03:16:50";"2022";"2";"Eleição Ordinária";"1";"544";"ELEIÇÃO GERAL FEDERAL 2022";"02/10/2022";"F";"AC";"BR";"BRASIL";"1392";"RIO BRANCO";"1";"1";"Presidente";"280001677435";"27";"JOSE MARIA EYMAEL";"CONSTITUINTE EYMAEL";"#NULO";"12";"APTO";"2";"DEFERIDO";"-3";"#NE";"-3";"#NE";"-3";"#NE";"PARTIDO ISOLADO";"27";"DC";"Democracia Cristã";"-1";"#NULO#";"#NULO#";"#NULO#";"280001684145";"PARTIDO ISOLADO";"DC";"N";"22";"Válido";"22";"4";"NÃO ELEITO"
"02/10/2026";"03:16:50";"2022";"2";"Eleição Ordinária";"1";"544";"ELEIÇÃO GERAL FEDERAL 2022";"02/10/2022";"F";"AC";"BR";"BRASIL";"1554";"MANOEL URBANO";"3";"1";"Presidente";"280001677435";"27";"JOSE MARIA EYMAEL";"CONSTITUINTE EYMAEL";"#NULO";"12";"APTO";"2";"DEFERIDO";"-3";"#NE";"-3";"#NE";"-3";"#NE";"PARTIDO ISOLADO";"27";"DC";"Democracia Cristã";"-1";"#NULO#";"#NULO#";"#NULO#";"280001684145";"PARTIDO ISOLADO";"DC";"N";"1";"Válido";"1";"4";"NÃO ELEITO"
"02/10/2026";"03:16:50";"2022";"2";"Eleição Ordinária";"1";"544";"ELEIÇÃO GERAL FEDERAL 2022";"02/10/2022";"F";"AC";"BR";"BRASIL";"1392";"RIO BRANCO";"1";"1";"Presidente";"280001612393";"12";"CIRO FERREIRA GOMES";"CIRO GOMES";"#NULO";"12";"APTO";"2";"DEFERIDO";"-3";"#NE";"-3";"#NE";"-3";"#NE";"PARTIDO ISOLADO";"12";"PDT";"Partido Democrático Trabalhista";"-1";"#NULO#";"#NULO#";"#NULO#";"280001681612";"PARTIDO ISOLADO";"PDT";"N";"3271";"Válido";"3271";"4";"NÃO ELEITO"
"02/10/2026";"03:16:50";"2022";"2";"Eleição Ordinária";"1";"544";"ELEIÇÃO GERAL FEDERAL 2022";"02/10/2022";"F";"AC";"BR";"BRASIL";"1392";"RIO BRANCO";"9";"1";"Presidente";"280001612393";"12";"CIRO FERREIRA GOMES";"CIRO GOMES";"#NULO";"12";"APTO";"2";"DEFERIDO";"-3";"#NE";"-3";"#NE";"-3";"#NE";"PARTIDO ISOLADO";"12";"PDT";"Partido Democrático Trabalhista";"-1";"#NULO#";"#NULO#";"#NULO#";"280001681612";"PARTIDO ISOLADO";"PDT";"N";"3607";"Válido";"3607";"4";"NÃO ELEITO"
"02/10/2026";"03:16:50";"2022";"2";"Eleição Ordinária";"1";"544";"ELEIÇÃO GERAL FEDERAL 2022";"02/10/2022";"F";"AC";"BR";"BRASIL";"1392";"RIO BRANCO";"9";"1";"Presidente";"280001677435";"27";"JOSE MARIA EYMAEL";"CONSTITUINTE EYMAEL";"#NULO";"12";"APTO";"2";"DEFERIDO";"-3";"#NE";"-3";"#NE";"-3";"#NE";"PARTIDO ISOLADO";"27";"DC";"Democracia Cristã";"-1";"#NULO#";"#NULO#";"#NULO#";"280001684145";"PARTIDO ISOLADO";"DC";"N";"9";"Válido";"9";"4";"NÃO ELEITO"
"02/10/2026";"03:16:50";"2022";"2";"Eleição Ordinária";"1";"544";"ELEIÇÃO GERAL FEDERAL 2022";"02/10/2022";"F";"AC";"BR";"BRASIL";"1104";"JORDÃO";"5";"1";"Presidente";"280001644128";"44";"SORAYA VIEIRA THRONICKE";"SORAYA THRONICKE";"#NULO";"12";"APTO";"2";"DEFERIDO";"-3";"#NE";"-3";"#NE";"-3";"#NE";"PARTIDO ISOLADO";"44";"UNIÃO";"UNIÃO BRASIL";"-1";"#NULO#";"#NULO#";"#NULO#";"280001683105";"PARTIDO ISOLADO";"UNIÃO";"N";"6";"Válido";"6";"4";"NÃO ELEITO"
"02/10/2026";"03:16:50";"2022";"2";"Eleição Ordinária";"1";"544";"ELEIÇÃO GERAL FEDERAL 2022";"02/10/2022";"F";"AC";"BR";"BRASIL";"1031";"SANTA ROSA DO PURUS";"3";"1";"Presidente";"280001677435";"27";"JOSE MARIA EYMAEL";"CONSTITUINTE EYMAEL";"#NULO";"12";"APTO";"2";"DEFERIDO";"-3";"#NE";"-3";"#NE";"-3";"#NE";"PARTIDO ISOLADO";"27";"DC";"Democracia Cristã";"-1";"#NULO#";"#NULO#";"#NULO#";"280001684145";"PARTIDO ISOLADO";"DC";"N";"0";"Válido";"0";"4";"NÃO ELEITO"
"02/10/2026";"03:16:50";"2022";"2";"Eleição Ordinária";"1";"544";"ELEIÇÃO GERAL FEDERAL 2022";"02/10/2022";"F";"AC";"BR";"BRASIL";"1104";"JORDÃO";"5";"1";"Presidente";"280001618036";"22";"JAIR MESSIAS BOLSONARO";"JAIR BOLSONARO";"#NULO";"12";"APTO";"2";"DEFERIDO";"-3";"#NE";"-3";"#NE";"-3";"#NE";"COLIGAÇÃO";"22";"PL";"Partido Liberal";"-1";"#NULO#";"#NULO#";"#NULO#";"280001682069";"PELO BEM DO BRASIL";"PP / REPUBLICANOS / PL";"N";"1515";"Válido";"1515";"6";"2º TURNO"
"02/10/2026";"03:16:50";"2022";"2";"Eleição Ordinária";"1";"544";"ELEIÇÃO GERAL FEDERAL 2022";"02/10/2022";"F";"AC";"BR";"BRASIL";"1074";"CRUZEIRO DO SUL";"4";"1";"Presidente";"280001607831";"16";"VERA LUCIA PEREIRA DA SILVA SALGADO";"VERA";"#NULO";"12";"APTO";"2";"DEFERIDO";"-3";"#NE";"-3";"#NE";"-3";"#NE";"PARTIDO ISOLADO";"16";"PSTU";"Partido Socialista dos Trabalhadores Unificado";"-1";"#NULO#";"#NULO#";"#NULO#";"280001681360";"PARTIDO ISOLADO";"PSTU";"N";"6";"Válido";"6";"4";"NÃO ELEITO"
"02/10/2026";"03:16:50";"2022";"2";"Eleição Ordinária";"1";"544";"ELEIÇÃO GERAL FEDERAL 2022";"02/10/2022";"F";"AC";"BR";"BRASIL";"1066";"PORTO WALTER";"4";"1";"Presidente";"280001677435";"27";"JOSE MARIA EYMAEL";"CONSTITUINTE EYMAEL";"#NULO";"12";"APTO";"2";"DEFERIDO";"-3";"#NE";"-3";"#NE";"-3";"#NE";"PARTIDO ISOLADO";"27";"DC";"Democracia Cristã";"-1";"#NULO#";"#NULO#";"#NULO#";"280001684145";"PARTIDO ISOLADO";"DC";"N";"0";"Válido";"0";"4";"NÃO ELEITO"
"02/10/2026";"03:16:50";"2022";"2";"Eleição Ordinária";"1";"544";"ELEIÇÃO GERAL FEDERAL 2022";"02/10/2022";"F";"AC";"BR";"BRASIL";"1090";"MÂNCIO LIMA";"4";"1";"Presidente";"280001677435";"27";"JOSE MARIA EYMAEL";"CONSTITUINTE EYMAEL";"#NULO";"12";"APTO";"2";"DEFERIDO";"-3";"#NE";"-3";"#NE";"-3";"#NE";"PARTIDO ISOLADO";"27";"DC";"Democracia Cristã";"-1";"#NULO#";"#NULO#";"#NULO#";"280001684145";"PARTIDO ISOLADO";"DC";"N";"1";"Válido";"1";"4";"NÃO ELEITO"
"02/10/2026";"03:16:50";"2022";"2";"Eleição Ordinária";"1";"544";"ELEIÇÃO GERAL FEDERAL 2022";"02/10/2022";"F";"AC";"BR";"BRASIL";"1090";"MÂNCIO LIMA";"4";"1";"Presidente";"280001644128";"44";"SORAYA VIEIRA THRONICKE";"SORAYA THRONICKE";"#NULO";"12";"APTO";"2";"DEFERIDO";"-3";"#NE";"-3";"#NE";"-3";"#NE";"PARTIDO ISOLADO";"44";"UNIÃO";"UNIÃO BRASIL";"-1";"#NULO#";"#NULO#";"#NULO#";"280001683105";"PARTIDO ISOLADO";"UNIÃO";"N";"32";"Válido";"32";"4";"NÃO ELEITO"
"02/10/2026";"03:16:50";"2022";"2";"Eleição Ordinária";"1";"544";"ELEIÇÃO GERAL FEDERAL 2022";"02/10/2022";"F";"AC";"BR";"BRASIL";"1090";"MÂNCIO LIMA";"4";"1";"Presidente";"280001612393";"12";"CIRO FERREIRA GOMES";"CIRO GOMES";"#NULO";"12";"APTO";"2";"DEFERIDO";"-3";"#NE";"-3";"#NE";"-3";"#NE";"PARTIDO ISOLADO";"12";"PDT";"Partido Democrático Trabalhista";"-1";"#NULO#";"#NULO#";"#NULO#";"280001681612";"PARTIDO ISOLADO";"PDT";"N";"155";"Válido";"155";"4";"NÃO ELEITO"
"02/10/2026";"03:16:50";"2022";"2";"Eleição Ordinária";"1";"544";"ELEIÇÃO GERAL FEDERAL 2022";"02/10/2022";"F";"AC";"BR";"BRASIL";"1082";"RODRIGUES ALVES";"4";"1";"Presidente";"280001677435";"27";"JOSE MARIA EYMAEL";"CONSTITUINTE EYMAEL";"#NULO";"12";"APTO";"2";"DEFERIDO";"-3";"#NE";"-3";"#NE";"-3";"#NE";"PARTIDO ISOLADO";"27";"DC";"Democracia Cristã";"-1";"#NULO#";"#NULO#";"#NULO#";"280001684145";"PARTIDO ISOLADO";"DC";"N";"1";"Válido";"1";"4";"NÃO ELEITO"
"02/10/2026";"03:16:50";"2022";"2";"Eleição Ordinária";"1";"544";"ELEIÇÃO GERAL FEDERAL 2022";"02/10/2022";"F";"AC";"BR";"BRASIL";"1473";"TARAUACÁ";"5";"1";"Presidente";"280001600167";"21";"SOFIA PADUA MANZANO";"SOFIA MANZANO";"#NULO";"12";"APTO";"2";"DEFERIDO";"-3";"#NE";"-3";"#NE";"-3";"#NE";"PARTIDO ISOLADO";"21";"PCB";"Partido Comunista Brasileiro";"-1";"#NULO#";"#NULO#";"#NULO#";"280001681036";"PARTIDO ISOLADO";"PCB";"N";"4";"Válido";"4";"4";"NÃO ELEITO"
"02/10/2026";"03:16:50";"2022";"2";"Eleição Ordinária";"1";"544";"ELEIÇÃO GERAL FEDERAL 2022";"02/10/2022";"F";"AC";"BR";"BRASIL";"1392";"RIO BRANCO";"1";"1";"Presidente";"280001644128";"44";"SORAYA VIEIRA THRONICKE";"SORAYA THRONICKE";"#NULO";"12";"APTO";"2";"DEFERIDO";"-3";"#NE";"-3";"#NE";"-3";"#NE";"PARTIDO ISOLADO";"44";"UNIÃO";"UNIÃO BRASIL";"-1";"#NULO#";"#NULO#";"#NULO#";"280001683105";"PARTIDO ISOLADO";"UNIÃO";"N";"646";"Válido";"646";"4";"NÃO ELEITO"
"02/10/2026";"03:16:50";"2022";"2";"Eleição Ordinária";"1";"544";"ELEIÇÃO GERAL FEDERAL 2022";"02/10/2022";"F";"AC";"BR";"BRASIL";"1392";"RIO BRANCO";"9";"1";"Presidente";"280001618036";"22";"JAIR MESSIAS BOLSONARO";"JAIR BOLSONARO";"#NULO";"12";"APTO";"2";"DEFERIDO";"-3";"#NE";"-3";"#NE";"-3";"#NE";"COLIGAÇÃO";"22";"PL";"Partido Liberal";"-1";"#NULO#";"#NULO#";"#NULO#";"280001682069";"PELO BEM DO BRASIL";"PP / REPUBLICANOS / PL";"N";"64721";"Válido";"64721";"6";"2º TURNO"
"02/10/2026";"03:16:50";"2022";"2";"Eleição Ordinária";"1";"544";"ELEIÇÃO GERAL FEDERAL 2022";"02/10/2022";"F";"AC";"BR";"BRASIL";"1392";"RIO BRANCO";"9";"1";"Presidente";"280001644128";"44";"SORAYA VIEIRA THRONICKE";"SORAYA THRONICKE";"#NULO";"12";"APTO";"2";"DEFERIDO";"-3";"#NE";"-3";"#NE";"-3";"#NE";"PARTIDO ISOLADO";"44";"UNIÃO";"UNIÃO BRASIL";"-1";"#NULO#";"#NULO#";"#NULO#";"280001683105";"PARTIDO ISOLADO";"UNIÃO";"N";"668";"Válido";"668";"4";"NÃO ELEITO"
"02/10/2026";"03:16:50";"2022";"2";"Eleição Ordinária";"1";"544";"ELEIÇÃO GERAL FEDERAL 2022";"02/10/2022";"F";"AC";"BR";"BRASIL";"1104";"JORDÃO";"5";"1";"Presidente";"280001607831";"16";"VERA LUCIA PEREIRA DA SILVA SALGADO";"VERA";"#NULO";"12";"APTO";"2";"DEFERIDO";"-3";"#NE";"-3";"#NE";"-3";"#NE";"PARTIDO ISOLADO";"16";"PSTU";"Partido Socialista dos Trabalhadores Unificado";"-1";"#NULO#";"#NULO#";"#NULO#";"280001681360";"PARTIDO ISOLADO";"PSTU";"N";"1";"Válido";"1";"4";"NÃO ELEITO"
"02/10/2026";"03:16:50";"2022";"2";"Eleição Ordinária";"1";"544";"ELEIÇÃO GERAL FEDERAL 2022";"02/10/2022";"F";"AC";"BR";"BRASIL";"1120";"ACRELÂNDIA";"8";"1";"Presidente";"280001677435";"27";"JOSE MARIA EYMAEL";"CONSTITUINTE EYMAEL";"#NULO";"12";"APTO";"2";"DEFERIDO";"-3";"#NE";"-3";"#NE";"-3";"#NE";"PARTIDO ISOLADO";"27";"DC";"Democracia Cristã";"-1";"#NULO#";"#NULO#";"#NULO#";"280001684145";"PARTIDO ISOLADO";"DC";"N";"0";"Válido";"0";"4";"NÃO ELEITO"
"02/10/2026";"03:16:50";"2022";"2";"Eleição Ordinária";"1";"544";"ELEIÇÃO GERAL FEDERAL 2022";"02/10/2022";"F";"AC";"BR";"BRASIL";"1007";"BUJARI";"9";"1";"Presidente";"280001677435";"27";"JOSE MARIA EYMAEL";"CONSTITUINTE EYMAEL";"#NULO";"12";"APTO";"2";"DEFERIDO";"-3";"#NE";"-3";"#NE";"-3";"#NE";"PARTIDO ISOLADO";"27";"DC";"Democracia Cristã";"-1";"#NULO#";"#NULO#";"#NULO#";"280001684145";"PARTIDO ISOLADO";"DC";"N";"0";"Válido";"0";"4";"NÃO ELEITO"
"02/10/2026";"03:16:50";"2022";"2";"Eleição Ordinária";"1";"544";"ELEIÇÃO GERAL FEDERAL 2022";"02/10/2022";"F";"AC";"BR";"BRASIL";"1392";"RIO BRANCO";"9";"1";"Presidente";"280001607831";"16";"VERA LUCIA PEREIRA DA SILVA SALGADO";"VERA";"#NULO";"12";"APTO";"2";"DEFERIDO";"-3";"#NE";"-3";"#NE";"-3";"#NE";"PARTIDO ISOLADO";"16";"PSTU";"Partido Socialista dos Trabalhadores Unificado";"-1";"#NULO#";"#NULO#";"#NULO#";"280001681360";"PARTIDO ISOLADO";"PSTU";"N";"18";"Válido";"18";"4";"NÃO ELEITO"
"02/10/2026";"03:16:50";"2022";"2";"Eleição Ordinária";"1";"544";"ELEIÇÃO GERAL FEDERAL 2022";"02/10/2022";"F";"AC";"BR";"BRASIL";"1090";"MÂNCIO LIMA";"4";"1";"Presidente";"280001618036";"22";"JAIR MESSIAS BOLSONARO";"JAIR BOLSONARO";"#NULO";"12";"APTO";"2";"DEFERIDO";"-3";"#NE";"-3";"#NE";"-3";"#NE";"COLIGAÇÃO";"22";"PL";"Partido Liberal";"-1";"#NULO#";"#NULO#";"#NULO#";"280001682069";"PELO BEM DO BRASIL";"PP / REPUBLICANOS / PL";"N";"6469";"Válido";"6469";"6";"2º TURNO"
"02/10/2026";"03:16:50";"2022";"2";"Eleição Ordinária";"1";"544";"ELEIÇÃO GERAL FEDERAL 2022";"02/10/2022";"F";"AC";"BR";"BRASIL";"1040";"MARECHAL THAUMATURGO";"4";"1";"Presidente";"280001677435";"27";"JOSE MARIA EYMAEL";"CONSTITUINTE EYMAEL";"#NULO";"12";"APTO";"2";"DEFERIDO";"-3";"#NE";"-3";"#NE";"-3";"#NE";"PARTIDO ISOLADO";"27";"DC";"Democracia Cristã";"-1";"#NULO#";"#NULO#";"#NULO#";"280001684145";"PARTIDO ISOLADO";"DC";"N";"0";"Válido";"0";"4";"NÃO ELEITO"
"02/10/2026";"03:16:50";"2022";"2";"Eleição Ordinária";"1";"544";"ELEIÇÃO GERAL FEDERAL 2022";"02/10/2022";"F";"AC";"BR";"BRASIL";"1112";"EPITACIOLÂNDIA";"6";"1";"Presidente";"280001600167";"21";"SOFIA PADUA MANZANO";"SOFIA MANZANO";"#NULO";"12";"APTO";"2";"DEFERIDO";"-3";"#NE";"-3";"#NE";"-3";"#NE";"PARTIDO ISOLADO";"21";"PCB";"Partido Comunista Brasileiro";"-1";"#NULO#";"#NULO#";"#NULO#";"280001681036";"PARTIDO ISOLADO";"PCB";"N";"2";"Válido";"2";"4";"NÃO ELEITO"
"02/10/2026";"03:16:50";"2022";"2";"Eleição Ordinária";"1";"544";"ELEIÇÃO GERAL FEDERAL 2022";"02/10/2022";"F";"AC";"BR";"BRASIL";"1392";"RIO BRANCO";"1";"1";"Presidente";"280001618036";"22";"JAIR MESSIAS BOLSONARO";"JAIR BOLSONARO";"#NULO";"12";"APTO";"2";"DEFERIDO";"-3";"#NE";"-3";"#NE";"-3";"#NE";"COLIGAÇÃO";"22";"PL";"Partido Liberal";"-1";"#NULO#";"#NULO#";"#NULO#";"280001682069";"PELO BEM DO BRASIL";"PP / REPUBLICANOS / PL";"N";"65672";"Válido";"65672";"6";"2º TURNO"
"02/10/2026";"03:16:50";"2022";"2";"Eleição Ordinária";"1";"544";"ELEIÇÃO GERAL FEDERAL 2022";"02/10/2022";"F";"AC";"BR";"BRASIL";"1473";"TARAUACÁ";"5";"1";"Presidente";"280001677435";"27";"JOSE MARIA EYMAEL";"CONSTITUINTE EYMAEL";"#NULO";"12";"APTO";"2";"DEFERIDO";"-3";"#NE";"-3";"#NE";"-3";"#NE";"PARTIDO ISOLADO";"27";"DC";"Democracia Cristã";"-1";"#NULO#";"#NULO#";"#NULO#";"280001684145";"PARTIDO ISOLADO";"DC";"N";"1";"Válido";"1";"4";"NÃO ELEITO"
"02/10/2026";"03:16:50";"2022";"2";"Eleição Ordinária";"1";"544";"ELEIÇÃO GERAL FEDERAL 2022";"02/10/2022";"F";"AC";"BR";"BRASIL";"1112";"EPITACIOLÂNDIA";"6";"1";"Presidente";"280001677435";"27";"JOSE MARIA EYMAEL";"CONSTITUINTE EYMAEL";"#NULO";"12";"APTO";"2";"DEFERIDO";"-3";"#NE";"-3";"#NE";"-3";"#NE";"PARTIDO ISOLADO";"27";"DC";"Democracia Cristã";"-1";"#NULO#";"#NULO#";"#NULO#";"280001684145";"PARTIDO ISOLADO";"DC";"N";"0";"Válido";"0";"4";"NÃO ELEITO"
"02/10/2026";"03:16:50";"2022";"2";"Eleição Ordinária";"1";"544";"ELEIÇÃO GERAL FEDERAL 2022";"02/10/2022";"F";"AC";"BR";"BRASIL";"1511";"PLÁCIDO DE CASTRO";"8";"1";"Presidente";"280001600167";"21";"SOFIA PADUA MANZANO";"SOFIA MANZANO";"#NULO";"12";"APTO";"2";"DEFERIDO";"-3";"#NE";"-3";"#NE";"-3";"#NE";"PARTIDO ISOLADO";"21";"PCB";"Partido Comunista Brasileiro";"-1";"#NULO#";"#NULO#";"#NULO#";"280001681036";"PARTIDO ISOLADO";"PCB";"N";"1";"Válido";"1";"4";"NÃO ELEITO"
"02/10/2026";"03:16:50";"2022";"2";"Eleição Ordinária";"1";"544";"ELEIÇÃO GERAL FEDERAL 2022";"02/10/2022";"F";"AC";"BR";"BRASIL";"1473";"TARAUACÁ";"5";"1";"Presidente";"280001618036";"22";"JAIR MESSIAS BOLSONARO";"JAIR BOLSONARO";"#NULO";"12";"APTO";"2";"DEFERIDO";"-3";"#NE";"-3";"#NE";"-3";"#NE";"COLIGAÇÃO";"22";"PL";"Partido Liberal";"-1";"#NULO#";"#NULO#";"#NULO#";"280001682069";"PELO BEM DO BRASIL";"PP / REPUBLICANOS / PL";"N";"9146";"Válido";"9146";"6";"2º TURNO"
"02/10/2026";"03:16:50";"2022";"2";"Eleição Ordinária";"1";"544";"ELEIÇÃO GERAL FEDERAL 2022";"02/10/2022";"F";"AC";"BR";"BRASIL";"1023";"PORTO ACRE";"1";"1";"Presidente";"280001677435";"27";"JOSE MARIA EYMAEL";"CONSTITUINTE EYMAEL";"#NULO";"12";"APTO";"2";"DEFERIDO";"-3";"#NE";"-3";"#NE";"-3";"#NE";"PARTIDO ISOLADO";"27";"DC";"Democracia Cristã";"-1";"#NULO#";"#NULO#";"#NULO#";"280001684145";"PARTIDO ISOLADO";"DC";"N";"1";"Válido";"1";"4";"NÃO ELEITO"
"02/10/2026";"03:16:50";"2022";"2";"Eleição Ordinária";"1";"544";"ELEIÇÃO GERAL FEDERAL 2022";"02/10/2022";"F";"AC";"BR";"BRASIL";"1392";"RIO BRANCO";"1";"1";"Presidente";"280001607831";"16";"VERA LUCIA PEREIRA DA SILVA SALGADO";"VERA";"#NULO";"12";"APTO";"2";"DEFERIDO";"-3";"#NE";"-3";"#NE";"-3";"#NE";"PARTIDO ISOLADO";"16";"PSTU";"Partido Socialista dos Trabalhadores Unificado";"-1";"#NULO#";"#NULO#";"#NULO#";"280001681360";"PARTIDO ISOLADO";"PSTU";"N";"27";"Válido";"27";"4";"NÃO ELEITO"
"02/10/2026";"03:16:50";"2022";"2";"Eleição Ordinária";"1";"544";"ELEIÇÃO GERAL FEDERAL 2022";"02/10/2022";"F";"AC";"BR";"BRASIL";"1040";"MARECHAL THAUMATURGO";"4";"1";"Presidente";"280001618036";"22";"JAIR MESSIAS BOLSONARO";"JAIR BOLSONARO";"#NULO";"12";"APTO";"2";"DEFERIDO";"-3";"#NE";"-3";"#NE";"-3";"#NE";"COLIGAÇÃO";"22";"PL";"Partido Liberal";"-1";"#NULO#";"#NULO#";"#NULO#";"280001682069";"PELO BEM DO BRASIL";"PP / REPUBLICANOS / PL";"N";"4146";"Válido";"4146";"6";"2º TURNO"
"02/10/2026";"03:16:50";"2022";"2";"Eleição Ordinária";"1";"544";"ELEIÇÃO GERAL FEDERAL 2022";"02/10/2022";"F";"AC";"BR";"BRASIL";"1090";"MÂNCIO LIMA";"4";"1";"Presidente";"280001607831";"16";"VERA LUCIA PEREIRA DA SILVA SALGADO";"VERA";"#NULO";"12";"APTO";"2";"DEFERIDO";"-3";"#NE";"-3";"#NE";"-3";"#NE";"PARTIDO ISOLADO";"16";"PSTU";"Partido Socialista dos Trabalhadores Unificado";"-1";"#NULO#";"#NULO#";"#NULO#";"280001681360";"PARTIDO ISOLADO";"PSTU";"N";"1";"Válido";"1";"4";"NÃO ELEITO"
"02/10/2026";"03:16:50";"2022";"2";"Eleição Ordinária";"1";"544";"ELEIÇÃO GERAL FEDERAL 2022";"02/10/2022";"F";"AC";"BR";"BRASIL";"1040";"MARECHAL THAUMATURGO";"4";"1";"Presidente";"280001612393";"12";"CIRO FERREIRA GOMES";"CIRO GOMES";"#NULO";"12";"APTO";"2";"DEFERIDO";"-3";"#NE";"-3";"#NE";"-3";"#NE";"PARTIDO ISOLADO";"12";"PDT";"Partido Democrático Trabalhista";"-1";"#NULO#";"#NULO#";"#NULO#";"280001681612";"PARTIDO ISOLADO";"PDT";"N";"225";"Válido";"225";"4";"NÃO ELEITO"
"02/10/2026";"03:16:50";"2022";"2";"Eleição Ordinária";"1";"544";"ELEIÇÃO GERAL FEDERAL 2022";"02/10/2022";"F";"AC";"BR";"BRASIL";"1473";"TARAUACÁ";"5";"1";"Presidente";"280001612393";"12";"CIRO FERREIRA GOMES";"CIRO GOMES";"#NULO";"12";"APTO";"2";"DEFERIDO";"-3";"#NE";"-3";"#NE";"-3";"#NE";"PARTIDO ISOLADO";"12";"PDT";"Partido Democrático Trabalhista";"-1";"#NULO#";"#NULO#";"#NULO#";"280001681612";"PARTIDO ISOLADO";"PDT";"N";"543";"Válido";"543";"4";"NÃO ELEITO"
"02/10/2026";"03:16:50";"2022";"2";"Eleição Ordinária";"1";"544";"ELEIÇÃO GERAL FEDERAL 2022";"02/10/2022";"F";"AC";"BR";"BRASIL";"1040";"MARECHAL THAUMATURGO";"4";"1";"Presidente";"280001644128";"44";"SORAYA VIEIRA THRONICKE";"SORAYA THRONICKE";"#NULO";"12";"APTO";"2";"DEFERIDO";"-3";"#NE";"-3";"#NE";"-3";"#NE";"PARTIDO ISOLADO";"44";"UNIÃO";"UNIÃO BRASIL";"-1";"#NULO#";"#NULO#";"#NULO#";"280001683105";"PARTIDO ISOLADO";"UNIÃO";"N";"10";"Válido";"10";"4";"NÃO ELEITO"
"02/10/2026";"03:16:50";"2022";"2";"Eleição Ordinária";"1";"544";"ELEIÇÃO GERAL FEDERAL 2022";"02/10/2022";"F";"AC";"BR";"BRASIL";"1473";"TARAUACÁ";"5";"1";"Presidente";"280001644128";"44";"SORAYA VIEIRA THRONICKE";"SORAYA THRONICKE";"#NULO";"12";"APTO";"2";"DEFERIDO";"-3";"#NE";"-3";"#NE";"-3";"#NE";"PARTIDO ISOLADO";"44";"UNIÃO";"UNIÃO BRASIL";"-1";"#NULO#";"#NULO#";"#NULO#";"280001683105";"PARTIDO ISOLADO";"UNIÃO";"N";"78";"Válido";"78";"4";"NÃO ELEITO"
"02/10/2026";"03:16:50";"2022";"2";"Eleição Ordinária";"1";"544";"ELEIÇÃO GERAL FEDERAL 2022";"02/10/2022";"F";"AC";"BR";"BRASIL";"1112";"EPITACIOLÂNDIA";"6";"1";"Presidente";"280001612393";"12";"CIRO FERREIRA GOMES";"CIRO GOMES";"#NULO";"12";"APTO";"2";"DEFERIDO";"-3";"#NE";"-3";"#NE";"-3";"#NE";"PARTIDO ISOLADO";"12";"PDT";"Partido Democrático Trabalhista";"-1";"#NULO#";"#NULO#";"#NULO#";"280001681612";"PARTIDO ISOLADO";"PDT";"N";"142";"Válido";"142";"4";"NÃO ELEITO"
"02/10/2026";"03:16:50";"2022";"2";"Eleição Ordinária";"1";"544";"ELEIÇÃO GERAL FEDERAL 2022";"02/10/2022";"F";"AC";"BR";"BRASIL";"1511";"PLÁCIDO DE CASTRO";"8";"1";"Presidente";"280001677435";"27";"JOSE MARIA EYMAEL";"CONSTITUINTE EYMAEL";"#NULO";"12";"APTO";"2";"DEFERIDO";"-3";"#NE";"-3";"#NE";"-3";"#NE";"PARTIDO ISOLADO";"27";"DC";"Democracia Cristã";"-1";"#NULO#";"#NULO#";"#NULO#";"280001684145";"PARTIDO ISOLADO";"DC";"N";"0";"Válido";"0";"4";"NÃO ELEITO"
"02/10/2026";"03:16:50";"2022";"2";"Eleição Ordinária";"1";"544";"ELEIÇÃO GERAL FEDERAL 2022";"02/10/2022";"F";"AC";"BR";"BRASIL";"1058";"BRASILÉIA";"6";"1";"Presidente";"280001734029";"14";"KELMON LUIS DA SILVA SOUZA";"PADRE KELMON";"#NULO";"12";"APTO";"2";"DEFERIDO";"-3";"#NE";"-3";"#NE";"-3";"#NE";"PARTIDO ISOLADO";"14";"PTB";"Partido Trabalhista Brasileiro";"-1";"#NULO#";"#NULO#";"#NULO#";"280001683500";"PARTIDO ISOLADO";"PTB";"N";"4";"Válido";"4";"4";"NÃO ELEITO"
"02/10/2026";"03:16:50";"2022";"2";"Eleição Ordinária";"1";"544";"ELEIÇÃO GERAL FEDERAL 2022";"02/10/2022";"F";"AC";"BR";"BRASIL";"1570";"ASSIS BRASIL";"6";"1";"Presidente";"280001603612";"30";"LUIZ FELIPE CHAVES D AVILA";"FELIPE D AVILA";"#NULO";"12";"APTO";"2";"DEFERIDO";"-3";"#NE";"-3";"#NE";"-3";"#NE";"PARTIDO ISOLADO";"30";"NOVO";"Partido Novo";"-1";"#NULO#";"#NULO#";"#NULO#";"280001681210";"PARTIDO ISOLADO";"NOVO";"N";"2";"Válido";"2";"4";"NÃO ELEITO"
"02/10/2026";"03:16:50";"2022";"2";"Eleição Ordinária";"1";"544";"ELEIÇÃO GERAL FEDERAL 2022";"02/10/2022";"F";"AC";"BR";"BRASIL";"1511";"PLÁCIDO DE CASTRO";"8";"1";"Presidente";"280001618036";"22";"JAIR MESSIAS BOLSONARO";"JAIR BOLSONARO";"#NULO";"12";"APTO";"2";"DEFERIDO";"-3";"#NE";"-3";"#NE";"-3";"#NE";"COLIGAÇÃO";"22";"PL";"Partido Liberal";"-1";"#NULO#";"#NULO#";"#NULO#";"280001682069";"PELO BEM DO BRASIL";"PP / REPUBLICANOS / PL";"N";"6209";"Válido";"6209";"6";"2º TURNO"
"02/10/2026";"03:16:50";"2022";"2";"Eleição Ordinária";"1";"544";"ELEIÇÃO GERAL FEDERAL 2022";"02/10/2022";"F";"AC";"BR";"BRASIL";"1457";"SENA MADUREIRA";"3";"1";"Presidente";"280001734029";"14";"KELMON LUIS DA SILVA SOUZA";"PADRE KELMON";"#NULO";"12";"APTO";"2";"DEFERIDO";"-3";"#NE";"-3";"#NE";"-3";"#NE";"PARTIDO ISOLADO";"14";"PTB";"Partido Trabalhista Brasileiro";"-1";"#NULO#";"#NULO#";"#NULO#";"280001683500";"PARTIDO ISOLADO";"PTB";"N";"19";"Válido";"19";"4";"NÃO ELEITO"
"02/10/2026";"03:16:50";"2022";"2";"Eleição Ordinária";"1";"544";"ELEIÇÃO GERAL FEDERAL 2022";"02/10/2022";"F";"AC";"BR";"BRASIL";"1511";"PLÁCIDO DE CASTRO";"8";"1";"Presidente";"280001612393";"12";"CIRO FERREIRA GOMES";"CIRO GOMES";"#NULO";"12";"APTO";"2";"DEFERIDO";"-3";"#NE";"-3";"#NE";"-3";"#NE";"PARTIDO ISOLADO";"12";"PDT";"Partido Democrático Trabalhista";"-1";"#NULO#";"#NULO#";"#NULO#";"280001681612";"PARTIDO ISOLADO";"PDT";"N";"189";"Válido";"189";"4";"NÃO ELEITO"
"02/10/2026";"03:16:50";"2022";"2";"Eleição Ordinária";"1";"544";"ELEIÇÃO GERAL FEDERAL 2022";"02/10/2022";"F";"AC";"BR";"BRASIL";"1040";"MARECHAL THAUMATURGO";"4";"1";"Presidente";"280001607831";"16";"VERA LUCIA PEREIRA DA SILVA SALGADO";"VERA";"#NULO";"12";"APTO";"2";"DEFERIDO";"-3";"#NE";"-3";"#NE";"-3";"#NE";"PARTIDO ISOLADO";"16";"PSTU";"Partido Socialista dos Trabalhadores Unificado";"-1";"#NULO#";"#NULO#";"#NULO#";"280001681360";"PARTIDO ISOLADO";"PSTU";"N";"1";"Válido";"1";"4";"NÃO ELEITO"
"02/10/2026";"03:16:50";"2022";"2";"Eleição Ordinária";"1";"544";"ELEIÇÃO GERAL FEDERAL 2022";"02/10/2022";"F";"AC";"BR";"BRASIL";"1058";"BRASILÉIA";"6";"1";"Presidente";"280001603612";"30";"LUIZ FELIPE CHAVES D AVILA";"FELIPE D AVILA";"#NULO";"12";"APTO";"2";"DEFERIDO";"-3";"#NE";"-3";"#NE";"-3";"#NE";"PARTIDO ISOLADO";"30";"NOVO";"Partido Novo";"-1";"#NULO#";"#NULO#";"#NULO#";"280001681210";"PARTIDO ISOLADO";"NOVO";"N";"12";"Válido";"12";"4";"NÃO ELEITO"
"02/10/2026";"03:16:50";"2022";"2";"Eleição Ordinária";"1";"544";"ELEIÇÃO GERAL FEDERAL 2022";"02/10/2022";"F";"AC";"BR";"BRASIL";"1473";"TARAUACÁ";"5";"1";"Presidente";"280001607831";"16";"VERA LUCIA PEREIRA DA SILVA SALGADO";"VERA";"#NULO";"12";"APTO";"2";"DEFERIDO";"-3";"#NE";"-3";"#NE";"-3";"#NE";"PARTIDO ISOLADO";"16";"PSTU";"Partido Socialista dos Trabalhadores Unificado";"-1";"#NULO#";"#NULO#";"#NULO#";"280001681360";"PARTIDO ISOLADO";"PSTU";"N";"8";"Válido";"8";"4";"NÃO ELEITO"
"02/10/2026";"03:16:50";"2022";"2";"Eleição Ordinária";"1";"544";"ELEIÇÃO GERAL FEDERAL 2022";"02/10/2022";"F";"AC";"BR";"BRASIL";"1570";"ASSIS BRASIL";"6";"1";"Presidente";"280001607833";"15";"SIMONE NASSAR TEBET";"SIMONE TEBET";"#NULO";"12";"APTO";"2";"DEFERIDO";"-3";"#NE";"-3";"#NE";"-3";"#NE";"COLIGAÇÃO";"15";"MDB";"Movimento Democrático Brasileiro";"-1";"#NULO#";"#NULO#";"#NULO#";"280001681361";"COLIGAÇÃO BRASIL PARA TODOS";"MDB / Federação PSDB Cidadania (PSDB / CIDADANIA) / PODE";"N";"109";"Válido";"109";"4";"NÃO ELEITO"
"02/10/2026";"03:16:50";"2022";"2";"Eleição Ordinária";"1";"544";"ELEIÇÃO GERAL FEDERAL 2022";"02/10/2022";"F";"AC";"BR";"BRASIL";"1139";"FEIJÓ";"7";"1";"Presidente";"280001607833";"15";"SIMONE NASSAR TEBET";"SIMONE TEBET";"#NULO";"12";"APTO";"2";"DEFERIDO";"-3";"#NE";"-3";"#NE";"-3";"#NE";"COLIGAÇÃO";"15";"MDB";"Movimento Democrático Brasileiro";"-1";"#NULO#";"#NULO#";"#NULO#";"280001681361";"COLIGAÇÃO BRASIL PARA TODOS";"MDB / Federação PSDB Cidadania (PSDB / CIDADANIA) / PODE";"N";"635";"Válido";"635";"4";"NÃO ELEITO"
"02/10/2026";"03:16:50";"2022";"2";"Eleição Ordinária";"1";"544";"ELEIÇÃO GERAL FEDERAL 2022";"02/10/2022";"F";"AC";"BR";"BRASIL";"1511";"PLÁCIDO DE CASTRO";"8";"1";"Presidente";"280001644128";"44";"SORAYA VIEIRA THRONICKE";"SORAYA THRONICKE";"#NULO";"12";"APTO";"2";"DEFERIDO";"-3";"#NE";"-3";"#NE";"-3";"#NE";"PARTIDO ISOLADO";"44";"UNIÃO";"UNIÃO BRASIL";"-1";"#NULO#";"#NULO#";"#NULO#";"280001683105";"PARTIDO ISOLADO";"UNIÃO";"N";"43";"Válido";"43";"4";"NÃO ELEITO"
"02/10/2026";"03:16:50";"2022";"2";"Eleição Ordinária";"1";"544";"ELEIÇÃO GERAL FEDERAL 2022";"02/10/2022";"F";"AC";"BR";"BRASIL";"1112";"EPITACIOLÂNDIA";"6";"1";"Presidente";"280001644128";"44";"SORAYA VIEIRA THRONICKE";"SORAYA THRONICKE";"#NULO";"12";"APTO";"2";"DEFERIDO";"-3";"#NE";"-3";"#NE";"-3";"#NE";"PARTIDO ISOLADO";"44";"UNIÃO";"UNIÃO BRASIL";"-1";"#NULO#";"#NULO#";"#NULO#";"280001683105";"PARTIDO ISOLADO";"UNIÃO";"N";"46";"Válido";"46";"4";"NÃO ELEITO"
"02/10/2026";"03:16:50";"2022";"2";"Eleição Ordinária";"1";"544";"ELEIÇÃO GERAL FEDERAL 2022";"02/10/2022";"F";"AC";"BR";"BRASIL";"1112";"EPITACIOLÂNDIA";"6";"1";"Presidente";"280001618036";"22";"JAIR MESSIAS BOLSONARO";"JAIR BOLSONARO";"#NULO";"12";"APTO";"2";"DEFERIDO";"-3";"#NE";"-3";"#NE";"-3";"#NE";"COLIGAÇÃO";"22";"PL";"Partido Liberal";"-1";"#NULO#";"#NULO#";"#NULO#";"280001682069";"PELO BEM DO BRASIL";"PP / REPUBLICANOS / PL";"N";"6494";"Válido";"6494";"6";"2º TURNO"
"02/10/2026";"03:16:50";"2022";"2";"Eleição Ordinária";"1";"544";"ELEIÇÃO GERAL FEDERAL 2022";"02/10/2022";"F";"AC";"BR";"BRASIL";"1139";"FEIJÓ";"7";"1";"Presidente";"280001603612";"30";"LUIZ FELIPE CHAVES D AVILA";"FELIPE D AVILA";"#NULO";"12";"APTO";"2";"DEFERIDO";"-3";"#NE";"-3";"#NE";"-3";"#NE";"PARTIDO ISOLADO";"30";"NOVO";"Partido Novo";"-1";"#NULO#";"#NULO#";"#NULO#";"280001681210";"PARTIDO ISOLADO";"NOVO";"N";"11";"Válido";"11";"4";"NÃO ELEITO"
"02/10/2026";"03:16:50";"2022";"2";"Eleição Ordinária";"1";"544";"ELEIÇÃO GERAL FEDERAL 2022";"02/10/2022";"F";"AC";"BR";"BRASIL";"1139";"FEIJÓ";"7";"1";"Presidente";"280001734029";"14";"KELMON LUIS DA SILVA SOUZA";"PADRE KELMON";"#NULO";"12";"APTO";"2";"DEFERIDO";"-3";"#NE";"-3";"#NE";"-3";"#NE";"PARTIDO ISOLADO";"14";"PTB";"Partido Trabalhista Brasileiro";"-1";"#NULO#";"#NULO#";"#NULO#";"280001683500";"PARTIDO ISOLADO";"PTB";"N";"2";"Válido";"2";"4";"NÃO ELEITO"
"02/10/2026";"03:16:50";"2022";"2";"Eleição Ordinária";"1";"544";"ELEIÇÃO GERAL FEDERAL 2022";"02/10/2022";"F";"AC";"BR";"BRASIL";"1570";"ASSIS BRASIL";"6";"1";"Presidente";"280001734029";"14";"KELMON LUIS DA SILVA SOUZA";"PADRE KELMON";"#NULO";"12";"APTO";"2";"DEFERIDO";"-3";"#NE";"-3";"#NE";"-3";"#NE";"PARTIDO ISOLADO";"14";"PTB";"Partido Trabalhista Brasileiro";"-1";"#NULO#";"#NULO#";"#NULO#";"280001683500";"PARTIDO ISOLADO";"PTB";"N";"2";"Válido";"2";"4";"NÃO ELEITO"
"02/10/2026";"03:16:50";"2022";"2";"Eleição Ordinária";"1";"544";"ELEIÇÃO GERAL FEDERAL 2022";"02/10/2022";"F";"AC";"BR";"BRASIL";"1031";"SANTA ROSA DO PURUS";"3";"1";"Presidente";"280001734029";"14";"KELMON LUIS DA SILVA SOUZA";"PADRE KELMON";"#NULO";"12";"APTO";"2";"DEFERIDO";"-3";"#NE";"-3";"#NE";"-3";"#NE";"PARTIDO ISOLADO";"14";"PTB";"Partido Trabalhista Brasileiro";"-1";"#NULO#";"#NULO#";"#NULO#";"280001683500";"PARTIDO ISOLADO";"PTB";"N";"2";"Válido";"2";"4";"NÃO ELEITO"
"02/10/2026";"03:16:50";"2022";"2";"Eleição Ordinária";"1";"544";"ELEIÇÃO GERAL FEDERAL 2022";"02/10/2022";"F";"AC";"BR";"BRASIL";"1554";"MANOEL URBANO";"3";"1";"Presidente";"280001603612";"30";"LUIZ FELIPE CHAVES D AVILA";"FELIPE D AVILA";"#NULO";"12";"APTO";"2";"DEFERIDO";"-3";"#NE";"-3";"#NE";"-3";"#NE";"PARTIDO ISOLADO";"30";"NOVO";"Partido Novo";"-1";"#NULO#";"#NULO#";"#NULO#";"280001681210";"PARTIDO ISOLADO";"NOVO";"N";"3";"Válido";"3";"4";"NÃO ELEITO"
"02/10/2026";"03:16:50";"2022";"2";"Eleição Ordinária";"1";"544";"ELEIÇÃO GERAL FEDERAL 2022";"02/10/2022";"F";"AC";"BR";"BRASIL";"1031";"SANTA ROSA DO PURUS";"3";"1";"Presidente";"280001603612";"30";"LUIZ FELIPE CHAVES D AVILA";"FELIPE D AVILA";"#NULO";"12";"APTO";"2";"DEFERIDO";"-3";"#NE";"-3";"#NE";"-3";"#NE";"PARTIDO ISOLADO";"30";"NOVO";"Partido Novo";"-1";"#NULO#";"#NULO#";"#NULO#";"280001681210";"PARTIDO ISOLADO";"NOVO";"N";"3";"Válido";"3";"4";"NÃO ELEITO"
"02/10/2026";"03:16:50";"2022";"2";"Eleição Ordinária";"1";"544";"ELEIÇÃO GERAL FEDERAL 2022";"02/10/2022";"F";"AC";"BR";"BRASIL";"1066";"PORTO WALTER";"4";"1";"Presidente";"280001734029";"14";"KELMON LUIS DA SILVA SOUZA";"PADRE KELMON";"#NULO";"12";"APTO";"2";"DEFERIDO";"-3";"#NE";"-3";"#NE";"-3";"#NE";"PARTIDO ISOLADO";"14";"PTB";"Partido Trabalhista Brasileiro";"-1";"#NULO#";"#NULO#";"#NULO#";"280001683500";"PARTIDO ISOLADO";"PTB";"N";"6";"Válido";"6";"4";"NÃO ELEITO"
"02/10/2026";"03:16:50";"2022";"2";"Eleição Ordinária";"1";"544";"ELEIÇÃO GERAL FEDERAL 2022";"02/10/2022";"F";"AC";"BR";"BRASIL";"1457";"SENA MADUREIRA";"3";"1";"Presidente";"280001607833";"15";"SIMONE NASSAR TEBET";"SIMONE TEBET";"#NULO";"12";"APTO";"2";"DEFERIDO";"-3";"#NE";"-3";"#NE";"-3";"#NE";"COLIGAÇÃO";"15";"MDB";"Movimento Democrático Brasileiro";"-1";"#NULO#";"#NULO#";"#NULO#";"280001681361";"COLIGAÇÃO BRASIL PARA TODOS";"MDB / Federação PSDB Cidadania (PSDB / CIDADANIA) / PODE";"N";"973";"Válido";"973";"4";"NÃO ELEITO"
"02/10/2026";"03:16:50";"2022";"2";"Eleição Ordinária";"1";"544";"ELEIÇÃO GERAL FEDERAL 2022";"02/10/2022";"F";"AC";"BR";"BRASIL";"1570";"ASSIS BRASIL";"6";"1";"Presidente";"280001607829";"13";"LUIZ INÁCIO LULA DA SILVA";"LULA";"#NULO";"12";"APTO";"2";"DEFERIDO";"-3";"#NE";"-3";"#NE";"-3";"#NE";"COLIGAÇÃO";"13";"PT";"Partido dos Trabalhadores";"2";"Federação Brasil da Esperança - FE BRASIL";"PT/PC do B/PV";"PC do B / PT / PV";"280001681359";"COLIGAÇÃO BRASIL DA ESPERANÇA";"Federação Brasil da Esperança - FE BRASIL (PT / PC do B / PV) / SOLIDARIEDADE / Federação PSOL REDE (PSOL / REDE) / PSB / AGIR / AVANTE / PROS";"N";"2003";"Válido";"2003";"6";"2º TURNO"
"02/10/2026";"03:16:50";"2022";"2";"Eleição Ordinária";"1";"544";"ELEIÇÃO GERAL FEDERAL 2022";"02/10/2022";"F";"AC";"BR";"BRASIL";"1139";"FEIJÓ";"7";"1";"Presidente";"280001602702";"80";"LEONARDO PÉRICLES VIEIRA ROQUE";"LÉO PÉRICLES";"#NULO";"12";"APTO";"2";"DEFERIDO";"-3";"#NE";"-3";"#NE";"-3";"#NE";"PARTIDO ISOLADO";"80";"UP";"Unidade Popular";"-1";"#NULO#";"#NULO#";"#NULO#";"280001681181";"PARTIDO ISOLADO";"UP";"N";"2";"Válido";"2";"4";"NÃO ELEITO"
"02/10/2026";"03:16:50";"2022";"2";"Eleição Ordinária";"1";"544";"ELEIÇÃO GERAL FEDERAL 2022";"02/10/2022";"F";"AC";"BR";"BRASIL";"1058";"BRASILÉIA";"6";"1";"Presidente";"280001602702";"80";"LEONARDO PÉRICLES VIEIRA ROQUE";"LÉO PÉRICLES";"#NULO";"12";"APTO";"2";"DEFERIDO";"-3";"#NE";"-3";"#NE";"-3";"#NE";"PARTIDO ISOLADO";"80";"UP";"Unidade Popular";"-1";"#NULO#";"#NULO#";"#NULO#";"280001681181";"PARTIDO ISOLADO";"UP";"N";"1";"Válido";"1";"4";"NÃO ELEITO"
"02/10/2026";"03:16:50";"2022";"2";"Eleição Ordinária";"1";"544";"ELEIÇÃO GERAL FEDERAL 2022";"02/10/2022";"F";"AC";"BR";"BRASIL";"1554";"MANOEL URBANO";"3";"1";"Presidente";"280001734029";"14";"KELMON LUIS DA SILVA SOUZA";"PADRE KELMON";"#NULO";"12";"APTO";"2";"DEFERIDO";"-3";"#NE";"-3";"#NE";"-3";"#NE";"PARTIDO ISOLADO";"14";"PTB";"Partido Trabalhista Brasileiro";"-1";"#NULO#";"#NULO#";"#NULO#";"280001683500";"PARTIDO ISOLADO";"PTB";"N";"2";"Válido";"2";"4";"NÃO ELEITO"
"02/10/2026";"03:16:50";"2022";"2";"Eleição Ordinária";"1";"544";"ELEIÇÃO GERAL FEDERAL 2022";"02/10/2022";"F";"AC";"BR";"BRASIL";"1570";"ASSIS BRASIL";"6";"1";"Presidente";"280001602702";"80";"LEONARDO PÉRICLES VIEIRA ROQUE";"LÉO PÉRICLES";"#NULO";"12";"APTO";"2";"DEFERIDO";"-3";"#NE";"-3";"#NE";"-3";"#NE";"PARTIDO ISOLADO";"80";"UP";"Unidade Popular";"-1";"#NULO#";"#NULO#";"#NULO#";"280001681181";"PARTIDO ISOLADO";"UP";"N";"0";"Válido";"0";"4";"NÃO ELEITO"
"02/10/2026";"03:16:50";"2022";"2";"Eleição Ordinária";"1";"544";"ELEIÇÃO GERAL FEDERAL 2022";"02/10/2022";"F";"AC";"BR";"BRASIL";"1082";"RODRIGUES ALVES";"4";"1";"Presidente";"280001734029";"14";"KELMON LUIS DA SILVA SOUZA";"PADRE KELMON";"#NULO";"12";"APTO";"2";"DEFERIDO";"-3";"#NE";"-3";"#NE";"-3";"#NE";"PARTIDO ISOLADO";"14";"PTB";"Partido Trabalhista Brasileiro";"-1";"#NULO#";"#NULO#";"#NULO#";"280001683500";"PARTIDO ISOLADO";"PTB";"N";"3";"Válido";"3";"4";"NÃO ELEITO"
"02/10/2026";"03:16:50";"2022";"2";"Eleição Ordinária";"1";"544";"ELEIÇÃO GERAL FEDERAL 2022";"02/10/2022";"F";"AC";"BR";"BRASIL";"1112";"EPITACIOLÂNDIA";"6";"1";"Presidente";"280001607831";"16";"VERA LUCIA PEREIRA DA SILVA SALGADO";"VERA";"#NULO";"12";"APTO";"2";"DEFERIDO";"-3";"#NE";"-3";"#NE";"-3";"#NE";"PARTIDO ISOLADO";"16";"PSTU";"Partido Socialista dos Trabalhadores Unificado";"-1";"#NULO#";"#NULO#";"#NULO#";"280001681360";"PARTIDO ISOLADO";"PSTU";"N";"2";"Válido";"2";"4";"NÃO ELEITO"
"02/10/2026";"03:16:50";"2022";"2";"Eleição Ordinária";"1";"544";"ELEIÇÃO GERAL FEDERAL 2022";"02/10/2022";"F";"AC";"BR";"BRASIL";"1511";"PLÁCIDO DE CASTRO";"8";"1";"Presidente";"280001607831";"16";"VERA LUCIA PEREIRA DA SILVA SALGADO";"VERA";"#NULO";"12";"APTO";"2";"DEFERIDO";"-3";"#NE";"-3";"#NE";"-3";"#NE";"PARTIDO ISOLADO";"16";"PSTU";"Partido Socialista dos Trabalhadores Unificado";"-1";"#NULO#";"#NULO#";"#NULO#";"280001681360";"PARTIDO ISOLADO";"PSTU";"N";"0";"Válido";"0";"4";"NÃO ELEITO"
"02/10/2026";"03:16:50";"2022";"2";"Eleição Ordinária";"1";"544";"ELEIÇÃO GERAL FEDERAL 2022";"02/10/2022";"F";"AC";"BR";"BRASIL";"1058";"BRASILÉIA";"6";"1";"Presidente";"280001607833";"15";"SIMONE NASSAR TEBET";"SIMONE TEBET";"#NULO";"12";"APTO";"2";"DEFERIDO";"-3";"#NE";"-3";"#NE";"-3";"#NE";"COLIGAÇÃO";"15";"MDB";"Movimento Democrático Brasileiro";"-1";"#NULO#";"#NULO#";"#NULO#";"280001681361";"COLIGAÇÃO BRASIL PARA TODOS";"MDB / Federação PSDB Cidadania (PSDB / CIDADANIA) / PODE";"N";"496";"Válido";"496";"4";"NÃO ELEITO"
"02/10/2026";"03:16:50";"2022";"2";"Eleição Ordinária";"1";"544";"ELEIÇÃO GERAL FEDERAL 2022";"02/10/2022";"F";"AC";"BR";"BRASIL";"1066";"PORTO WALTER";"4";"1";"Presidente";"280001603612";"30";"LUIZ FELIPE CHAVES D AVILA";"FELIPE D AVILA";"#NULO";"12";"APTO";"2";"DEFERIDO";"-3";"#NE";"-3";"#NE";"-3";"#NE";"PARTIDO ISOLADO";"30";"NOVO";"Partido Novo";"-1";"#NULO#";"#NULO#";"#NULO#";"280001681210";"PARTIDO ISOLADO";"NOVO";"N";"1";"Válido";"1";"4";"NÃO ELEITO"
"02/10/2026";"03:16:50";"2022";"2";"Eleição Ordinária";"1";"544";"ELEIÇÃO GERAL FEDERAL 2022";"02/10/2022";"F";"AC";"BR";"BRASIL";"1082";"RODRIGUES ALVES";"4";"1";"Presidente";"280001603612";"30";"LUIZ FELIPE CHAVES D AVILA";"FELIPE D AVILA";"#NULO";"12";"APTO";"2";"DEFERIDO";"-3";"#NE";"-3";"#NE";"-3";"#NE";"PARTIDO ISOLADO";"30";"NOVO";"Partido Novo";"-1";"#NULO#";"#NULO#";"#NULO#";"280001681210";"PARTIDO ISOLADO";"NOVO";"N";"8";"Válido";"8";"4";"NÃO ELEITO"
"02/10/2026";"03:16:50";"2022";"2";"Eleição Ordinária";"1";"544";"ELEIÇÃO GERAL FEDERAL 2022";"02/10/2022";"F";"AC";"BR";"BRASIL";"1023";"PORTO ACRE";"1";"1";"Presidente";"280001603612";"30";"LUIZ FELIPE CHAVES D AVILA";"FELIPE D AVILA";"#NULO";"12";"APTO";"2";"DEFERIDO";"-3";"#NE";"-3";"#NE";"-3";"#NE";"PARTIDO ISOLADO";"30";"NOVO";"Partido Novo";"-1";"#NULO#";"#NULO#";"#NULO#";"280001681210";"PARTIDO ISOLADO";"NOVO";"N";"12";"Válido";"12";"4";"NÃO ELEITO"
"02/10/2026";"03:16:50";"2022";"2";"Eleição Ordinária";"1";"544";"ELEIÇÃO GERAL FEDERAL 2022";"02/10/2022";"F";"AC";"BR";"BRASIL";"1007";"BUJARI";"9";"1";"Presidente";"280001734029";"14";"KELMON LUIS DA SILVA SOUZA";"PADRE KELMON";"#NULO";"12";"APTO";"2";"DEFERIDO";"-3";"#NE";"-3";"#NE";"-3";"#NE";"PARTIDO ISOLADO";"14";"PTB";"Partido Trabalhista Brasileiro";"-1";"#NULO#";"#NULO#";"#NULO#";"280001683500";"PARTIDO ISOLADO";"PTB";"N";"9";"Válido";"9";"4";"NÃO ELEITO"
"02/10/2026";"03:16:50";"2022";"2";"Eleição Ordinária";"1";"544";"ELEIÇÃO GERAL FEDERAL 2022";"02/10/2022";"F";"AC";"BR";"BRASIL";"1457";"SENA MADUREIRA";"3";"1";"Presidente";"280001602702";"80";"LEONARDO PÉRICLES VIEIRA ROQUE";"LÉO PÉRICLES";"#NULO";"12";"APTO";"2";"DEFERIDO";"-3";"#NE";"-3";"#NE";"-3";"#NE";"PARTIDO ISOLADO";"80";"UP";"Unidade Popular";"-1";"#NULO#";"#NULO#";"#NULO#";"280001681181";"PARTIDO ISOLADO";"UP";"N";"1";"Válido";"1";"4";"NÃO ELEITO"
"02/10/2026";"03:16:50";"2022";"2";"Eleição Ordinária";"1";"544";"ELEIÇÃO GERAL FEDERAL 2022";"02/10/2022";"F";"AC";"BR";"BRASIL";"1104";"JORDÃO";"5";"1";"Presidente";"280001612393";"12";"CIRO FERREIRA GOMES";"CIRO GOMES";"#NULO";"12";"APTO";"2";"DEFERIDO";"-3";"#NE";"-3";"#NE";"-3";"#NE";"PARTIDO ISOLADO";"12";"PDT";"Partido Democrático Trabalhista";"-1";"#NULO#";"#NULO#";"#NULO#";"280001681612";"PARTIDO ISOLADO";"PDT";"N";"120";"Válido";"120";"4";"NÃO ELEITO"
"02/10/2026";"03:16:50";"2022";"2";"Eleição Ordinária";"1";"544";"ELEIÇÃO GERAL FEDERAL 2022";"02/10/2022";"F";"AC";"BR";"BRASIL";"1554";"MANOEL URBANO";"3";"1";"Presidente";"280001607833";"15";"SIMONE NASSAR TEBET";"SIMONE TEBET";"#NULO";"12";"APTO";"2";"DEFERIDO";"-3";"#NE";"-3";"#NE";"-3";"#NE";"COLIGAÇÃO";"15";"MDB";"Movimento Democrático Brasileiro";"-1";"#NULO#";"#NULO#";"#NULO#";"280001681361";"COLIGAÇÃO BRASIL PARA TODOS";"MDB / Federação PSDB Cidadania (PSDB / CIDADANIA) / PODE";"N";"126";"Válido";"126";"4";"NÃO ELEITO"
"02/10/2026";"03:16:50";"2022";"2";"Eleição Ordinária";"1";"544";"ELEIÇÃO GERAL FEDERAL 2022";"02/10/2022";"F";"AC";"BR";"BRASIL";"1007";"BUJARI";"9";"1";"Presidente";"280001603612";"30";"LUIZ FELIPE CHAVES D AVILA";"FELIPE D AVILA";"#NULO";"12";"APTO";"2";"DEFERIDO";"-3";"#NE";"-3";"#NE";"-3";"#NE";"PARTIDO ISOLADO";"30";"NOVO";"Partido Novo";"-1";"#NULO#";"#NULO#";"#NULO#";"280001681210";"PARTIDO ISOLADO";"NOVO";"N";"5";"Válido";"5";"4";"NÃO ELEITO"
"02/10/2026";"03:16:50";"2022";"2";"Eleição Ordinária";"1";"544";"ELEIÇÃO GERAL FEDERAL 2022";"02/10/2022";"F";"AC";"BR";"BRASIL";"1031";"SANTA ROSA DO PURUS";"3";"1";"Presidente";"280001602702";"80";"LEONARDO PÉRICLES VIEIRA ROQUE";"LÉO PÉRICLES";"#NULO";"12";"APTO";"2";"DEFERIDO";"-3";"#NE";"-3";"#NE";"-3";"#NE";"PARTIDO ISOLADO";"80";"UP";"Unidade Popular";"-1";"#NULO#";"#NULO#";"#NULO#";"280001681181";"PARTIDO ISOLADO";"UP";"N";"0";"Válido";"0";"4";"NÃO ELEITO"
"02/10/2026";"03:16:50";"2022";"2";"Eleição Ordinária";"1";"544";"ELEIÇÃO GERAL FEDERAL 2022";"02/10/2022";"F";"AC";"BR";"BRASIL";"1139";"FEIJÓ";"7";"1";"Presidente";"280001607829";"13";"LUIZ INÁCIO LULA DA SILVA";"LULA";"#NULO";"12";"APTO";"2";"DEFERIDO";"-3";"#NE";"-3";"#NE";"-3";"#NE";"COLIGAÇÃO";"13";"PT";"Partido dos Trabalhadores";"2";"Federação Brasil da Esperança - FE BRASIL";"PT/PC do B/PV";"PC do B / PT / PV";"280001681359";"COLIGAÇÃO BRASIL DA ESPERANÇA";"Federação Brasil da Esperança - FE BRASIL (PT / PC do B / PV) / SOLIDARIEDADE / Federação PSOL REDE (PSOL / REDE) / PSB / AGIR / AVANTE / PROS";"N";"7930";"Válido";"7930";"6";"2º TURNO"
"02/10/2026";"03:16:50";"2022";"2";"Eleição Ordinária";"1";"544";"ELEIÇÃO GERAL FEDERAL 2022";"02/10/2022";"F";"AC";"BR";"BRASIL";"1058";"BRASILÉIA";"6";"1";"Presidente";"280001607829";"13";"LUIZ INÁCIO LULA DA SILVA";"LULA";"#NULO";"12";"APTO";"2";"DEFERIDO";"-3";"#NE";"-3";"#NE";"-3";"#NE";"COLIGAÇÃO";"13";"PT";"Partido dos Trabalhadores";"2";"Federação Brasil da Esperança - FE BRASIL";"PT/PC do B/PV";"PC do B / PT / PV";"280001681359";"COLIGAÇÃO BRASIL DA ESPERANÇA";"Federação Brasil da Esperança - FE BRASIL (PT / PC do B / PV) / SOLIDARIEDADE / Federação PSOL REDE (PSOL / REDE) / PSB / AGIR / AVANTE / PROS";"N";"4171";"Válido";"4171";"6";"2º TURNO"
"02/10/2026";"03:16:50";"2022";"2";"Eleição Ordinária";"1";"544";"ELEIÇÃO GERAL FEDERAL 2022";"02/10/2022";"F";"AC";"BR";"BRASIL";"1066";"PORTO WALTER";"4";"1";"Presidente";"280001602702";"80";"LEONARDO PÉRICLES VIEIRA ROQUE";"LÉO PÉRICLES";"#NULO";"12";"APTO";"2";"DEFERIDO";"-3";"#NE";"-3";"#NE";"-3";"#NE";"PARTIDO ISOLADO";"80";"UP";"Unidade Popular";"-1";"#NULO#";"#NULO#";"#NULO#";"280001681181";"PARTIDO ISOLADO";"UP";"N";"0";"Válido";"0";"4";"NÃO ELEITO"
"02/10/2026";"03:16:50";"2022";"2";"Eleição Ordinária";"1";"544";"ELEIÇÃO GERAL FEDERAL 2022";"02/10/2022";"F";"AC";"BR";"BRASIL";"1120";"ACRELÂNDIA";"8";"1";"Presidente";"280001603612";"30";"LUIZ FELIPE CHAVES D AVILA";"FELIPE D AVILA";"#NULO";"12";"APTO";"2";"DEFERIDO";"-3";"#NE";"-3";"#NE";"-3";"#NE";"PARTIDO ISOLADO";"30";"NOVO";"Partido Novo";"-1";"#NULO#";"#NULO#";"#NULO#";"280001681210";"PARTIDO ISOLADO";"NOVO";"N";"11";"Válido";"11";"4";"NÃO ELEITO"
"02/10/2026";"03:16:50";"2022";"2";"Eleição Ordinária";"1";"544";"ELEIÇÃO GERAL FEDERAL 2022";"02/10/2022";"F";"AC";"BR";"BRASIL";"1082";"RODRIGUES ALVES";"4";"1";"Presidente";"280001607833";"15";"SIMONE NASSAR TEBET";"SIMONE TEBET";"#NULO";"12";"APTO";"2";"DEFERIDO";"-3";"#NE";"-3";"#NE";"-3";"#NE";"COLIGAÇÃO";"15";"MDB";"Movimento Democrático Brasileiro";"-1";"#NULO#";"#NULO#";"#NULO#";"280001681361";"COLIGAÇÃO BRASIL PARA TODOS";"MDB / Federação PSDB Cidadania (PSDB / CIDADANIA) / PODE";"N";"263";"Válido";"263";"4";"NÃO ELEITO"
"02/10/2026";"03:16:50";"2022";"2";"Eleição Ordinária";"1";"544";"ELEIÇÃO GERAL FEDERAL 2022";"02/10/2022";"F";"AC";"BR";"BRASIL";"1082";"RODRIGUES ALVES";"4";"1";"Presidente";"280001602702";"80";"LEONARDO PÉRICLES VIEIRA ROQUE";"LÉO PÉRICLES";"#NULO";"12";"APTO";"2";"DEFERIDO";"-3";"#NE";"-3";"#NE";"-3";"#NE";"PARTIDO ISOLADO";"80";"UP";"Unidade Popular";"-1";"#NULO#";"#NULO#";"#NULO#";"280001681181";"PARTIDO ISOLADO";"UP";"N";"0";"Válido";"0";"4";"NÃO ELEITO"
"02/10/2026";"03:16:50";"2022";"2";"Eleição Ordinária";"1";"544";"ELEIÇÃO GERAL FEDERAL 2022";"02/10/2022";"F";"AC";"BR";"BRASIL";"1457";"SENA MADUREIRA";"3";"1";"Presidente";"280001607829";"13";"LUIZ INÁCIO LULA DA SILVA";"LULA";"#NULO";"12";"APTO";"2";"DEFERIDO";"-3";"#NE";"-3";"#NE";"-3";"#NE";"COLIGAÇÃO";"13";"PT";"Partido dos Trabalhadores";"2";"Federação Brasil da Esperança - FE BRASIL";"PT/PC do B/PV";"PC do B / PT / PV";"280001681359";"COLIGAÇÃO BRASIL DA ESPERANÇA";"Federação Brasil da Esperança - FE BRASIL (PT / PC do B / PV) / SOLIDARIEDADE / Federação PSOL REDE (PSOL / REDE) / PSB / AGIR / AVANTE / PROS";"N";"5811";"Válido";"5811";"6";"2º TURNO"
"02/10/2026";"03:16:50";"2022";"2";"Eleição Ordinária";"1";"544";"ELEIÇÃO GERAL FEDERAL 2022";"02/10/2022";"F";"AC";"BR";"BRASIL";"1066";"PORTO WALTER";"4";"1";"Presidente";"280001607833";"15";"SIMONE NASSAR TEBET";"SIMONE TEBET";"#NULO";"12";"APTO";"2";"DEFERIDO";"-3";"#NE";"-3";"#NE";"-3";"#NE";"COLIGAÇÃO";"15";"MDB";"Movimento Democrático Brasileiro";"-1";"#NULO#";"#NULO#";"#NULO#";"280001681361";"COLIGAÇÃO BRASIL PARA TODOS";"MDB / Federação PSDB Cidadania (PSDB / CIDADANIA) / PODE";"N";"451";"Válido";"451";"4";"NÃO ELEITO"
"02/10/2026";"03:16:50";"2022";"2";"Eleição Ordinária";"1";"544";"ELEIÇÃO GERAL FEDERAL 2022";"02/10/2022";"F";"AC";"BR";"BRASIL";"1538";"SENADOR GUIOMARD";"8";"1";"Presidente";"280001603612";"30";"LUIZ FELIPE CHAVES D AVILA";"FELIPE D AVILA";"#NULO";"12";"APTO";"2";"DEFERIDO";"-3";"#NE";"-3";"#NE";"-3";"#NE";"PARTIDO ISOLADO";"30";"NOVO";"Partido Novo";"-1";"#NULO#";"#NULO#";"#NULO#";"280001681210";"PARTIDO ISOLADO";"NOVO";"N";"14";"Válido";"14";"4";"NÃO ELEITO"
"02/10/2026";"03:16:50";"2022";"2";"Eleição Ordinária";"1";"544";"ELEIÇÃO GERAL FEDERAL 2022";"02/10/2022";"F";"AC";"BR";"BRASIL";"1023";"PORTO ACRE";"1";"1";"Presidente";"280001734029";"14";"KELMON LUIS DA SILVA SOUZA";"PADRE KELMON";"#NULO";"12";"APTO";"2";"DEFERIDO";"-3";"#NE";"-3";"#NE";"-3";"#NE";"PARTIDO ISOLADO";"14";"PTB";"Partido Trabalhista Brasileiro";"-1";"#NULO#";"#NULO#";"#NULO#";"280001683500";"PARTIDO ISOLADO";"PTB";"N";"6";"Válido";"6";"4";"NÃO ELEITO"
"02/10/2026";"03:16:50";"2022";"2";"Eleição Ordinária";"1";"544";"ELEIÇÃO GERAL FEDERAL 2022";"02/10/2022";"F";"AC";"BR";"BRASIL";"1120";"ACRELÂNDIA";"8";"1";"Presidente";"280001734029";"14";"KELMON LUIS DA SILVA SOUZA";"PADRE KELMON";"#NULO";"12";"APTO";"2";"DEFERIDO";"-3";"#NE";"-3";"#NE";"-3";"#NE";"PARTIDO ISOLADO";"14";"PTB";"Partido Trabalhista Brasileiro";"-1";"#NULO#";"#NULO#";"#NULO#";"280001683500";"PARTIDO ISOLADO";"PTB";"N";"6";"Válido";"6";"4";"NÃO ELEITO"
"02/10/2026";"03:16:50";"2022";"2";"Eleição Ordinária";"1";"544";"ELEIÇÃO GERAL FEDERAL 2022";"02/10/2022";"F";"AC";"BR";"BRASIL";"1490";"XAPURI";"2";"1";"Presidente";"280001603612";"30";"LUIZ FELIPE CHAVES D AVILA";"FELIPE D AVILA";"#NULO";"12";"APTO";"2";"DEFERIDO";"-3";"#NE";"-3";"#NE";"-3";"#NE";"PARTIDO ISOLADO";"30";"NOVO";"Partido Novo";"-1";"#NULO#";"#NULO#";"#NULO#";"280001681210";"PARTIDO ISOLADO";"NOVO";"N";"6";"Válido";"6";"4";"NÃO ELEITO"
"02/10/2026";"03:16:50";"2022";"2";"Eleição Ordinária";"1";"544";"ELEIÇÃO GERAL FEDERAL 2022";"02/10/2022";"F";"AC";"BR";"BRASIL";"1031";"SANTA ROSA DO PURUS";"3";"1";"Presidente";"280001607833";"15";"SIMONE NASSAR TEBET";"SIMONE TEBET";"#NULO";"12";"APTO";"2";"DEFERIDO";"-3";"#NE";"-3";"#NE";"-3";"#NE";"COLIGAÇÃO";"15";"MDB";"Movimento Democrático Brasileiro";"-1";"#NULO#";"#NULO#";"#NULO#";"280001681361";"COLIGAÇÃO BRASIL PARA TODOS";"MDB / Federação PSDB Cidadania (PSDB / CIDADANIA) / PODE";"N";"58";"Válido";"58";"4";"NÃO ELEITO"
"02/10/2026";"03:16:50";"2022";"2";"Eleição Ordinária";"1";"544";"ELEIÇÃO GERAL FEDERAL 2022";"02/10/2022";"F";"AC";"BR";"BRASIL";"1538";"SENADOR GUIOMARD";"8";"1";"Presidente";"280001734029";"14";"KELMON LUIS DA SILVA SOUZA";"PADRE KELMON";"#NULO";"12";"APTO";"2";"DEFERIDO";"-3";"#NE";"-3";"#NE";"-3";"#NE";"PARTIDO ISOLADO";"14";"PTB";"Partido Trabalhista Brasileiro";"-1";"#NULO#";"#NULO#";"#NULO#";"280001683500";"PARTIDO ISOLADO";"PTB";"N";"3";"Válido";"3";"4";"NÃO ELEITO"
"02/10/2026";"03:16:50";"2022";"2";"Eleição Ordinária";"1";"544";"ELEIÇÃO GERAL FEDERAL 2022";"02/10/2022";"F";"AC";"BR";"BRASIL";"1023";"PORTO ACRE";"1";"1";"Presidente";"280001607833";"15";"SIMONE NASSAR TEBET";"SIMONE TEBET";"#NULO";"12";"APTO";"2";"DEFERIDO";"-3";"#NE";"-3";"#NE";"-3";"#NE";"COLIGAÇÃO";"15";"MDB";"Movimento Democrático Brasileiro";"-1";"#NULO#";"#NULO#";"#NULO#";"280001681361";"COLIGAÇÃO BRASIL PARA TODOS";"MDB / Federação PSDB Cidadania (PSDB / CIDADANIA) / PODE";"N";"463";"Válido";"463";"4";"NÃO ELEITO"
"02/10/2026";"03:16:50";"2022";"2";"Eleição Ordinária";"1";"544";"ELEIÇÃO GERAL FEDERAL 2022";"02/10/2022";"F";"AC";"BR";"BRASIL";"1554";"MANOEL URBANO";"3";"1";"Presidente";"280001602702";"80";"LEONARDO PÉRICLES VIEIRA ROQUE";"LÉO PÉRICLES";"#NULO";"12";"APTO";"2";"DEFERIDO";"-3";"#NE";"-3";"#NE";"-3";"#NE";"PARTIDO ISOLADO";"80";"UP";"Unidade Popular";"-1";"#NULO#";"#NULO#";"#NULO#";"280001681181";"PARTIDO ISOLADO";"UP";"N";"0";"Válido";"0";"4";"NÃO ELEITO"
"02/10/2026";"03:16:50";"2022";"2";"Eleição Ordinária";"1";"544";"ELEIÇÃO GERAL FEDERAL 2022";"02/10/2022";"F";"AC";"BR";"BRASIL";"1066";"PORTO WALTER";"4";"1";"Presidente";"280001607829";"13";"LUIZ INÁCIO LULA DA SILVA";"LULA";"#NULO";"12";"APTO";"2";"DEFERIDO";"-3";"#NE";"-3";"#NE";"-3";"#NE";"COLIGAÇÃO";"13";"PT";"Partido dos Trabalhadores";"2";"Federação Brasil da Esperança - FE BRASIL";"PT/PC do B/PV";"PC do B / PT / PV";"280001681359";"COLIGAÇÃO BRASIL DA ESPERANÇA";"Federação Brasil da Esperança - FE BRASIL (PT / PC do B / PV) / SOLIDARIEDADE / Federação PSOL REDE (PSOL / REDE) / PSB / AGIR / AVANTE / PROS";"N";"2660";"Válido";"2660";"6";"2º TURNO"
"02/10/2026";"03:16:50";"2022";"2";"Eleição Ordinária";"1";"544";"ELEIÇÃO GERAL FEDERAL 2022";"02/10/2022";"F";"AC";"BR";"BRASIL";"1082";"RODRIGUES ALVES";"4";"1";"Presidente";"280001607829";"13";"LUIZ INÁCIO LULA DA SILVA";"LULA";"#NULO";"12";"APTO";"2";"DEFERIDO";"-3";"#NE";"-3";"#NE";"-3";"#NE";"COLIGAÇÃO";"13";"PT";"Partido dos Trabalhadores";"2";"Federação Brasil da Esperança - FE BRASIL";"PT/PC do B/PV";"PC do B / PT / PV";"280001681359";"COLIGAÇÃO BRASIL DA ESPERANÇA";"Federação Brasil da Esperança - FE BRASIL (PT / PC do B / PV) / SOLIDARIEDADE / Federação PSOL REDE (PSOL / REDE) / PSB / AGIR / AVANTE / PROS";"N";"1839";"Válido";"1839";"6";"2º TURNO"
"02/10/2026";"03:16:50";"2022";"2";"Eleição Ordinária";"1";"544";"ELEIÇÃO GERAL FEDERAL 2022";"02/10/2022";"F";"AC";"BR";"BRASIL";"1007";"BUJARI";"9";"1";"Presidente";"280001607833";"15";"SIMONE NASSAR TEBET";"SIMONE TEBET";"#NULO";"12";"APTO";"2";"DEFERIDO";"-3";"#NE";"-3";"#NE";"-3";"#NE";"COLIGAÇÃO";"15";"MDB";"Movimento Democrático Brasileiro";"-1";"#NULO#";"#NULO#";"#NULO#";"280001681361";"COLIGAÇÃO BRASIL PARA TODOS";"MDB / Federação PSDB Cidadania (PSDB / CIDADANIA) / PODE";"N";"356";"Válido";"356";"4";"NÃO ELEITO"
"02/10/2026";"03:16:50";"2022";"2";"Eleição Ordinária";"1";"544";"ELEIÇÃO GERAL FEDERAL 2022";"02/10/2022";"F";"AC";"BR";"BRASIL";"1015";"CAPIXABA";"2";"1";"Presidente";"280001603612";"30";"LUIZ FELIPE CHAVES D AVILA";"FELIPE D AVILA";"#NULO";"12";"APTO";"2";"DEFERIDO";"-3";"#NE";"-3";"#NE";"-3";"#NE";"PARTIDO ISOLADO";"30";"NOVO";"Partido Novo";"-1";"#NULO#";"#NULO#";"#NULO#";"280001681210";"PARTIDO ISOLADO";"NOVO";"N";"6";"Válido";"6";"4";"NÃO ELEITO"
"02/10/2026";"03:16:50";"2022";"2";"Eleição Ordinária";"1";"544";"ELEIÇÃO GERAL FEDERAL 2022";"02/10/2022";"F";"AC";"BR";"BRASIL";"1074";"CRUZEIRO DO SUL";"4";"1";"Presidente";"280001603612";"30";"LUIZ FELIPE CHAVES D AVILA";"FELIPE D AVILA";"#NULO";"12";"APTO";"2";"DEFERIDO";"-3";"#NE";"-3";"#NE";"-3";"#NE";"PARTIDO ISOLADO";"30";"NOVO";"Partido Novo";"-1";"#NULO#";"#NULO#";"#NULO#";"280001681210";"PARTIDO ISOLADO";"NOVO";"N";"72";"Válido";"72";"4";"NÃO ELEITO"
"02/10/2026";"03:16:50";"2022";"2";"Eleição Ordinária";"1";"544";"ELEIÇÃO GERAL FEDERAL 2022";"02/10/2022";"F";"AC";"BR";"BRASIL";"1007";"BUJARI";"9";"1";"Presidente";"280001602702";"80";"LEONARDO PÉRICLES VIEIRA ROQUE";"LÉO PÉRICLES";"#NULO";"12";"APTO";"2";"DEFERIDO";"-3";"#NE";"-3";"#NE";"-3";"#NE";"PARTIDO ISOLADO";"80";"UP";"Unidade Popular";"-1";"#NULO#";"#NULO#";"#NULO#";"280001681181";"PARTIDO ISOLADO";"UP";"N";"0";"Válido";"0";"4";"NÃO ELEITO"
"02/10/2026";"03:16:50";"2022";"2";"Eleição Ordinária";"1";"544";"ELEIÇÃO GERAL FEDERAL 2022";"02/10/2022";"F";"AC";"BR";"BRASIL";"1015";"CAPIXABA";"2";"1";"Presidente";"280001734029";"14";"KELMON LUIS DA SILVA SOUZA";"PADRE KELMON";"#NULO";"12";"APTO";"2";"DEFERIDO";"-3";"#NE";"-3";"#NE";"-3";"#NE";"PARTIDO ISOLADO";"14";"PTB";"Partido Trabalhista Brasileiro";"-1";"#NULO#";"#NULO#";"#NULO#";"280001683500";"PARTIDO ISOLADO";"PTB";"N";"0";"Válido";"0";"4";"NÃO ELEITO"
"02/10/2026";"03:16:50";"2022";"2";"Eleição Ordinária";"1";"544";"ELEIÇÃO GERAL FEDERAL 2022";"02/10/2022";"F";"AC";"BR";"BRASIL";"1120";"ACRELÂNDIA";"8";"1";"Presidente";"280001602702";"80";"LEONARDO PÉRICLES VIEIRA ROQUE";"LÉO PÉRICLES";"#NULO";"12";"APTO";"2";"DEFERIDO";"-3";"#NE";"-3";"#NE";"-3";"#NE";"PARTIDO ISOLADO";"80";"UP";"Unidade Popular";"-1";"#NULO#";"#NULO#";"#NULO#";"280001681181";"PARTIDO ISOLADO";"UP";"N";"0";"Válido";"0";"4";"NÃO ELEITO"
"02/10/2026";"03:16:50";"2022";"2";"Eleição Ordinária";"1";"544";"ELEIÇÃO GERAL FEDERAL 2022";"02/10/2022";"F";"AC";"BR";"BRASIL";"1490";"XAPURI";"2";"1";"Presidente";"280001734029";"14";"KELMON LUIS DA SILVA SOUZA";"PADRE KELMON";"#NULO";"12";"APTO";"2";"DEFERIDO";"-3";"#NE";"-3";"#NE";"-3";"#NE";"PARTIDO ISOLADO";"14";"PTB";"Partido Trabalhista Brasileiro";"-1";"#NULO#";"#NULO#";"#NULO#";"280001683500";"PARTIDO ISOLADO";"PTB";"N";"2";"Válido";"2";"4";"NÃO ELEITO"
"02/10/2026";"03:16:50";"2022";"2";"Eleição Ordinária";"1";"544";"ELEIÇÃO GERAL FEDERAL 2022";"02/10/2022";"F";"AC";"BR";"BRASIL";"1031";"SANTA ROSA DO PURUS";"3";"1";"Presidente";"280001607829";"13";"LUIZ INÁCIO LULA DA SILVA";"LULA";"#NULO";"12";"APTO";"2";"DEFERIDO";"-3";"#NE";"-3";"#NE";"-3";"#NE";"COLIGAÇÃO";"13";"PT";"Partido dos Trabalhadores";"2";"Federação Brasil da Esperança - FE BRASIL";"PT/PC do B/PV";"PC do B / PT / PV";"280001681359";"COLIGAÇÃO BRASIL DA ESPERANÇA";"Federação Brasil da Esperança - FE BRASIL (PT / PC do B / PV) / SOLIDARIEDADE / Federação PSOL REDE (PSOL / REDE) / PSB / AGIR / AVANTE / PROS";"N";"1357";"Válido";"1357";"6";"2º TURNO"
"02/10/2026";"03:16:50";"2022";"2";"Eleição Ordinária";"1";"544";"ELEIÇÃO GERAL FEDERAL 2022";"02/10/2022";"F";"AC";"BR";"BRASIL";"1120";"ACRELÂNDIA";"8";"1";"Presidente";"280001607833";"15";"SIMONE NASSAR TEBET";"SIMONE TEBET";"#NULO";"12";"APTO";"2";"DEFERIDO";"-3";"#NE";"-3";"#NE";"-3";"#NE";"COLIGAÇÃO";"15";"MDB";"Movimento Democrático Brasileiro";"-1";"#NULO#";"#NULO#";"#NULO#";"280001681361";"COLIGAÇÃO BRASIL PARA TODOS";"MDB / Federação PSDB Cidadania (PSDB / CIDADANIA) / PODE";"N";"192";"Válido";"192";"4";"NÃO ELEITO"
"02/10/2026";"03:16:50";"2022";"2";"Eleição Ordinária";"1";"544";"ELEIÇÃO GERAL FEDERAL 2022";"02/10/2022";"F";"AC";"BR";"BRASIL";"1554";"MANOEL URBANO";"3";"1";"Presidente";"280001607829";"13";"LUIZ INÁCIO LULA DA SILVA";"LULA";"#NULO";"12";"APTO";"2";"DEFERIDO";"-3";"#NE";"-3";"#NE";"-3";"#NE";"COLIGAÇÃO";"13";"PT";"Partido dos Trabalhadores";"2";"Federação Brasil da Esperança - FE BRASIL";"PT/PC do B/PV";"PC do B / PT / PV";"280001681359";"COLIGAÇÃO BRASIL DA ESPERANÇA";"Federação Brasil da Esperança - FE BRASIL (PT / PC do B / PV) / SOLIDARIEDADE / Federação PSOL REDE (PSOL / REDE) / PSB / AGIR / AVANTE / PROS";"N";"2095";"Válido";"2095";"6";"2º TURNO"
"02/10/2026";"03:16:50";"2022";"2";"Eleição Ordinária";"1";"544";"ELEIÇÃO GERAL FEDERAL 2022";"02/10/2022";"F";"AC";"BR";"BRASIL";"1074";"CRUZEIRO DO SUL";"4";"1";"Presidente";"280001734029";"14";"KELMON LUIS DA SILVA SOUZA";"PADRE KELMON";"#NULO";"12";"APTO";"2";"DEFERIDO";"-3";"#NE";"-3";"#NE";"-3";"#NE";"PARTIDO ISOLADO";"14";"PTB";"Partido Trabalhista Brasileiro";"-1";"#NULO#";"#NULO#";"#NULO#";"280001683500";"PARTIDO ISOLADO";"PTB";"N";"31";"Válido";"31";"4";"NÃO ELEITO"
"02/10/2026";"03:16:50";"2022";"2";"Eleição Ordinária";"1";"544";"ELEIÇÃO GERAL FEDERAL 2022";"02/10/2022";"F";"AC";"BR";"BRASIL";"1023";"PORTO ACRE";"1";"1";"Presidente";"280001602702";"80";"LEONARDO PÉRICLES VIEIRA ROQUE";"LÉO PÉRICLES";"#NULO";"12";"APTO";"2";"DEFERIDO";"-3";"#NE";"-3";"#NE";"-3";"#NE";"PARTIDO ISOLADO";"80";"UP";"Unidade Popular";"-1";"#NULO#";"#NULO#";"#NULO#";"280001681181";"PARTIDO ISOLADO";"UP";"N";"0";"Válido";"0";"4";"NÃO ELEITO"
"02/10/2026";"03:16:50";"2022";"2";"Eleição Ordinária";"1";"544";"ELEIÇÃO GERAL FEDERAL 2022";"02/10/2022";"F";"AC";"BR";"BRASIL";"1104";"JORDÃO";"5";"1";"Presidente";"280001603612";"30";"LUIZ FELIPE CHAVES D AVILA";"FELIPE D AVILA";"#NULO";"12";"APTO";"2";"DEFERIDO";"-3";"#NE";"-3";"#NE";"-3";"#NE";"PARTIDO ISOLADO";"30";"NOVO";"Partido Novo";"-1";"#NULO#";"#NULO#";"#NULO#";"280001681210";"PARTIDO ISOLADO";"NOVO";"N";"2";"Válido";"2";"4";"NÃO ELEITO"
"02/10/2026";"03:16:50";"2022";"2";"Eleição Ordinária";"1";"544";"ELEIÇÃO GERAL FEDERAL 2022";"02/10/2022";"F";"AC";"BR";"BRASIL";"1104";"JORDÃO";"5";"1";"Presidente";"280001734029";"14";"KELMON LUIS DA SILVA SOUZA";"PADRE KELMON";"#NULO";"12";"APTO";"2";"DEFERIDO";"-3";"#NE";"-3";"#NE";"-3";"#NE";"PARTIDO ISOLADO";"14";"PTB";"Partido Trabalhista Brasileiro";"-1";"#NULO#";"#NULO#";"#NULO#";"280001683500";"PARTIDO ISOLADO";"PTB";"N";"2";"Válido";"2";"4";"NÃO ELEITO"
"02/10/2026";"03:16:50";"2022";"2";"Eleição Ordinária";"1";"544";"ELEIÇÃO GERAL FEDERAL 2022";"02/10/2022";"F";"AC";"BR";"BRASIL";"1538";"SENADOR GUIOMARD";"8";"1";"Presidente";"280001607833";"15";"SIMONE NASSAR TEBET";"SIMONE TEBET";"#NULO";"12";"APTO";"2";"DEFERIDO";"-3";"#NE";"-3";"#NE";"-3";"#NE";"COLIGAÇÃO";"15";"MDB";"Movimento Democrático Brasileiro";"-1";"#NULO#";"#NULO#";"#NULO#";"280001681361";"COLIGAÇÃO BRASIL PARA TODOS";"MDB / Federação PSDB Cidadania (PSDB / CIDADANIA) / PODE";"N";"654";"Válido";"654";"4";"NÃO ELEITO"
"02/10/2026";"03:16:50";"2022";"2";"Eleição Ordinária";"1";"544";"ELEIÇÃO GERAL FEDERAL 2022";"02/10/2022";"F";"AC";"BR";"BRASIL";"1015";"CAPIXABA";"2";"1";"Presidente";"280001607833";"15";"SIMONE NASSAR TEBET";"SIMONE TEBET";"#NULO";"12";"APTO";"2";"DEFERIDO";"-3";"#NE";"-3";"#NE";"-3";"#NE";"COLIGAÇÃO";"15";"MDB";"Movimento Democrático Brasileiro";"-1";"#NULO#";"#NULO#";"#NULO#";"280001681361";"COLIGAÇÃO BRASIL PARA TODOS";"MDB / Federação PSDB Cidadania (PSDB / CIDADANIA) / PODE";"N";"264";"Válido";"264";"4";"NÃO ELEITO"
"02/10/2026";"03:16:50";"2022";"2";"Eleição Ordinária";"1";"544";"ELEIÇÃO GERAL FEDERAL 2022";"02/10/2022";"F";"AC";"BR";"BRASIL";"1490";"XAPURI";"2";"1";"Presidente";"280001607833";"15";"SIMONE NASSAR TEBET";"SIMONE TEBET";"#NULO";"12";"APTO";"2";"DEFERIDO";"-3";"#NE";"-3";"#NE";"-3";"#NE";"COLIGAÇÃO";"15";"MDB";"Movimento Democrático Brasileiro";"-1";"#NULO#";"#NULO#";"#NULO#";"280001681361";"COLIGAÇÃO BRASIL PARA TODOS";"MDB / Federação PSDB Cidadania (PSDB / CIDADANIA) / PODE";"N";"219";"Válido";"219";"4";"NÃO ELEITO"
"02/10/2026";"03:16:50";"2022";"2";"Eleição Ordinária";"1";"544";"ELEIÇÃO GERAL FEDERAL 2022";"02/10/2022";"F";"AC";"BR";"BRASIL";"1392";"RIO BRANCO";"9";"1";"Presidente";"280001603612";"30";"LUIZ FELIPE CHAVES D AVILA";"FELIPE D AVILA";"#NULO";"12";"APTO";"2";"DEFERIDO";"-3";"#NE";"-3";"#NE";"-3";"#NE";"PARTIDO ISOLADO";"30";"NOVO";"Partido Novo";"-1";"#NULO#";"#NULO#";"#NULO#";"280001681210";"PARTIDO ISOLADO";"NOVO";"N";"325";"Válido";"325";"4";"NÃO ELEITO"
"02/10/2026";"03:16:50";"2022";"2";"Eleição Ordinária";"1";"544";"ELEIÇÃO GERAL FEDERAL 2022";"02/10/2022";"F";"AC";"BR";"BRASIL";"1120";"ACRELÂNDIA";"8";"1";"Presidente";"280001607829";"13";"LUIZ INÁCIO LULA DA SILVA";"LULA";"#NULO";"12";"APTO";"2";"DEFERIDO";"-3";"#NE";"-3";"#NE";"-3";"#NE";"COLIGAÇÃO";"13";"PT";"Partido dos Trabalhadores";"2";"Federação Brasil da Esperança - FE BRASIL";"PT/PC do B/PV";"PC do B / PT / PV";"280001681359";"COLIGAÇÃO BRASIL DA ESPERANÇA";"Federação Brasil da Esperança - FE BRASIL (PT / PC do B / PV) / SOLIDARIEDADE / Federação PSOL REDE (PSOL / REDE) / PSB / AGIR / AVANTE / PROS";"N";"1516";"Válido";"1516";"6";"2º TURNO"
"02/10/2026";"03:16:50";"2022";"2";"Eleição Ordinária";"1";"544";"ELEIÇÃO GERAL FEDERAL 2022";"02/10/2022";"F";"AC";"BR";"BRASIL";"1007";"BUJARI";"9";"1";"Presidente";"280001607829";"13";"LUIZ INÁCIO LULA DA SILVA";"LULA";"#NULO";"12";"APTO";"2";"DEFERIDO";"-3";"#NE";"-3";"#NE";"-3";"#NE";"COLIGAÇÃO";"13";"PT";"Partido dos Trabalhadores";"2";"Federação Brasil da Esperança - FE BRASIL";"PT/PC do B/PV";"PC do B / PT / PV";"280001681359";"COLIGAÇÃO BRASIL DA ESPERANÇA";"Federação Brasil da Esperança - FE BRASIL (PT / PC do B / PV) / SOLIDARIEDADE / Federação PSOL REDE (PSOL / REDE) / PSB / AGIR / AVANTE / PROS";"N";"2130";"Válido";"2130";"6";"2º TURNO"
"02/10/2026";"03:16:50";"2022";"2";"Eleição Ordinária";"1";"544";"ELEIÇÃO GERAL FEDERAL 2022";"02/10/2022";"F";"AC";"BR";"BRASIL";"1023";"PORTO ACRE";"1";"1";"Presidente";"280001607829";"13";"LUIZ INÁCIO LULA DA SILVA";"LULA";"#NULO";"12";"APTO";"2";"DEFERIDO";"-3";"#NE";"-3";"#NE";"-3";"#NE";"COLIGAÇÃO";"13";"PT";"Partido dos Trabalhadores";"2";"Federação Brasil da Esperança - FE BRASIL";"PT/PC do B/PV";"PC do B / PT / PV";"280001681359";"COLIGAÇÃO BRASIL DA ESPERANÇA";"Federação Brasil da Esperança - FE BRASIL (PT / PC do B / PV) / SOLIDARIEDADE / Federação PSOL REDE (PSOL / REDE) / PSB / AGIR / AVANTE / PROS";"N";"2490";"Válido";"2490";"6";"2º TURNO"
"02/10/2026";"03:16:50";"2022";"2";"Eleição Ordinária";"1";"544";"ELEIÇÃO GERAL FEDERAL 2022";"02/10/2022";"F";"AC";"BR";"BRASIL";"1538";"SENADOR GUIOMARD";"8";"1";"Presidente";"280001602702";"80";"LEONARDO PÉRICLES VIEIRA ROQUE";"LÉO PÉRICLES";"#NULO";"12";"APTO";"2";"DEFERIDO";"-3";"#NE";"-3";"#NE";"-3";"#NE";"PARTIDO ISOLADO";"80";"UP";"Unidade Popular";"-1";"#NULO#";"#NULO#";"#NULO#";"280001681181";"PARTIDO ISOLADO";"UP";"N";"0";"Válido";"0";"4";"NÃO ELEITO"
"02/10/2026";"03:16:50";"2022";"2";"Eleição Ordinária";"1";"544";"ELEIÇÃO GERAL FEDERAL 2022";"02/10/2022";"F";"AC";"BR";"BRASIL";"1392";"RIO BRANCO";"1";"1";"Presidente";"280001603612";"30";"LUIZ FELIPE CHAVES D AVILA";"FELIPE D AVILA";"#NULO";"12";"APTO";"2";"DEFERIDO";"-3";"#NE";"-3";"#NE";"-3";"#NE";"PARTIDO ISOLADO";"30";"NOVO";"Partido Novo";"-1";"#NULO#";"#NULO#";"#NULO#";"280001681210";"PARTIDO ISOLADO";"NOVO";"N";"275";"Válido";"275";"4";"NÃO ELEITO"
"02/10/2026";"03:16:50";"2022";"2";"Eleição Ordinária";"1";"544";"ELEIÇÃO GERAL FEDERAL 2022";"02/10/2022";"F";"AC";"BR";"BRASIL";"1490";"XAPURI";"2";"1";"Presidente";"280001602702";"80";"LEONARDO PÉRICLES VIEIRA ROQUE";"LÉO PÉRICLES";"#NULO";"12";"APTO";"2";"DEFERIDO";"-3";"#NE";"-3";"#NE";"-3";"#NE";"PARTIDO ISOLADO";"80";"UP";"Unidade Popular";"-1";"#NULO#";"#NULO#";"#NULO#";"280001681181";"PARTIDO ISOLADO";"UP";"N";"1";"Válido";"1";"4";"NÃO ELEITO"
"02/10/2026";"03:16:50";"2022";"2";"Eleição Ordinária";"1";"544";"ELEIÇÃO GERAL FEDERAL 2022";"02/10/2022";"F";"AC";"BR";"BRASIL";"1090";"MÂNCIO LIMA";"4";"1";"Presidente";"280001603612";"30";"LUIZ FELIPE CHAVES D AVILA";"FELIPE D AVILA";"#NULO";"12";"APTO";"2";"DEFERIDO";"-3";"#NE";"-3";"#NE";"-3";"#NE";"PARTIDO ISOLADO";"30";"NOVO";"Partido Novo";"-1";"#NULO#";"#NULO#";"#NULO#";"280001681210";"PARTIDO ISOLADO";"NOVO";"N";"8";"Válido";"8";"4";"NÃO ELEITO"
"02/10/2026";"03:16:50";"2022";"2";"Eleição Ordinária";"1";"544";"ELEIÇÃO GERAL FEDERAL 2022";"02/10/2022";"F";"AC";"BR";"BRASIL";"1392";"RIO BRANCO";"9";"1";"Presidente";"280001734029";"14";"KELMON LUIS DA SILVA SOUZA";"PADRE KELMON";"#NULO";"12";"APTO";"2";"DEFERIDO";"-3";"#NE";"-3";"#NE";"-3";"#NE";"PARTIDO ISOLADO";"14";"PTB";"Partido Trabalhista Brasileiro";"-1";"#NULO#";"#NULO#";"#NULO#";"280001683500";"PARTIDO ISOLADO";"PTB";"N";"79";"Válido";"79";"4";"NÃO ELEITO"
"02/10/2026";"03:16:50";"2022";"2";"Eleição Ordinária";"1";"544";"ELEIÇÃO GERAL FEDERAL 2022";"02/10/2022";"F";"AC";"BR";"BRASIL";"1015";"CAPIXABA";"2";"1";"Presidente";"280001602702";"80";"LEONARDO PÉRICLES VIEIRA ROQUE";"LÉO PÉRICLES";"#NULO";"12";"APTO";"2";"DEFERIDO";"-3";"#NE";"-3";"#NE";"-3";"#NE";"PARTIDO ISOLADO";"80";"UP";"Unidade Popular";"-1";"#NULO#";"#NULO#";"#NULO#";"280001681181";"PARTIDO ISOLADO";"UP";"N";"0";"Válido";"0";"4";"NÃO ELEITO"
"02/10/2026";"03:16:50";"2022";"2";"Eleição Ordinária";"1";"544";"ELEIÇÃO GERAL FEDERAL 2022";"02/10/2022";"F";"AC";"BR";"BRASIL";"1104";"JORDÃO";"5";"1";"Presidente";"280001602702";"80";"LEONARDO PÉRICLES VIEIRA ROQUE";"LÉO PÉRICLES";"#NULO";"12";"APTO";"2";"DEFERIDO";"-3";"#NE";"-3";"#NE";"-3";"#NE";"PARTIDO ISOLADO";"80";"UP";"Unidade Popular";"-1";"#NULO#";"#NULO#";"#NULO#";"280001681181";"PARTIDO ISOLADO";"UP";"N";"0";"Válido";"0";"4";"NÃO ELEITO"
"02/10/2026";"03:16:50";"2022";"2";"Eleição Ordinária";"1";"544";"ELEIÇÃO GERAL FEDERAL 2022";"02/10/2022";"F";"AC";"BR";"BRASIL";"1074";"CRUZEIRO DO SUL";"4";"1";"Presidente";"280001607833";"15";"SIMONE NASSAR TEBET";"SIMONE TEBET";"#NULO";"12";"APTO";"2";"DEFERIDO";"-3";"#NE";"-3";"#NE";"-3";"#NE";"COLIGAÇÃO";"15";"MDB";"Movimento Democrático Brasileiro";"-1";"#NULO#";"#NULO#";"#NULO#";"280001681361";"COLIGAÇÃO BRASIL PARA TODOS";"MDB / Federação PSDB Cidadania (PSDB / CIDADANIA) / PODE";"N";"1883";"Válido";"1883";"4";"NÃO ELEITO"
"02/10/2026";"03:16:50";"2022";"2";"Eleição Ordinária";"1";"544";"ELEIÇÃO GERAL FEDERAL 2022";"02/10/2022";"F";"AC";"BR";"BRASIL";"1104";"JORDÃO";"5";"1";"Presidente";"280001607833";"15";"SIMONE NASSAR TEBET";"SIMONE TEBET";"#NULO";"12";"APTO";"2";"DEFERIDO";"-3";"#NE";"-3";"#NE";"-3";"#NE";"COLIGAÇÃO";"15";"MDB";"Movimento Democrático Brasileiro";"-1";"#NULO#";"#NULO#";"#NULO#";"280001681361";"COLIGAÇÃO BRASIL PARA TODOS";"MDB / Federação PSDB Cidadania (PSDB / CIDADANIA) / PODE";"N";"157";"Válido";"157";"4";"NÃO ELEITO"
"02/10/2026";"03:16:50";"2022";"2";"Eleição Ordinária";"1";"544";"ELEIÇÃO GERAL FEDERAL 2022";"02/10/2022";"F";"AC";"BR";"BRASIL";"1392";"RIO BRANCO";"1";"1";"Presidente";"280001734029";"14";"KELMON LUIS DA SILVA SOUZA";"PADRE KELMON";"#NULO";"12";"APTO";"2";"DEFERIDO";"-3";"#NE";"-3";"#NE";"-3";"#NE";"PARTIDO ISOLADO";"14";"PTB";"Partido Trabalhista Brasileiro";"-1";"#NULO#";"#NULO#";"#NULO#";"280001683500";"PARTIDO ISOLADO";"PTB";"N";"75";"Válido";"75";"4";"NÃO ELEITO"
"02/10/2026";"03:16:50";"2022";"2";"Eleição Ordinária";"1";"544";"ELEIÇÃO GERAL FEDERAL 2022";"02/10/2022";"F";"AC";"BR";"BRASIL";"1473";"TARAUACÁ";"5";"1";"Presidente";"280001603612";"30";"LUIZ FELIPE CHAVES D AVILA";"FELIPE D AVILA";"#NULO";"12";"APTO";"2";"DEFERIDO";"-3";"#NE";"-3";"#NE";"-3";"#NE";"PARTIDO ISOLADO";"30";"NOVO";"Partido Novo";"-1";"#NULO#";"#NULO#";"#NULO#";"280001681210";"PARTIDO ISOLADO";"NOVO";"N";"10";"Válido";"10";"4";"NÃO ELEITO"
"02/10/2026";"03:16:50";"2022";"2";"Eleição Ordinária";"1";"544";"ELEIÇÃO GERAL FEDERAL 2022";"02/10/2022";"F";"AC";"BR";"BRASIL";"1538";"SENADOR GUIOMARD";"8";"1";"Presidente";"280001607829";"13";"LUIZ INÁCIO LULA DA SILVA";"LULA";"#NULO";"12";"APTO";"2";"DEFERIDO";"-3";"#NE";"-3";"#NE";"-3";"#NE";"COLIGAÇÃO";"13";"PT";"Partido dos Trabalhadores";"2";"Federação Brasil da Esperança - FE BRASIL";"PT/PC do B/PV";"PC do B / PT / PV";"280001681359";"COLIGAÇÃO BRASIL DA ESPERANÇA";"Federação Brasil da Esperança - FE BRASIL (PT / PC do B / PV) / SOLIDARIEDADE / Federação PSOL REDE (PSOL / REDE) / PSB / AGIR / AVANTE / PROS";"N";"3523";"Válido";"3523";"6";"2º TURNO"
"02/10/2026";"03:16:50";"2022";"2";"Eleição Ordinária";"1";"544";"ELEIÇÃO GERAL FEDERAL 2022";"02/10/2022";"F";"AC";"BR";"BRASIL";"1074";"CRUZEIRO DO SUL";"4";"1";"Presidente";"280001602702";"80";"LEONARDO PÉRICLES VIEIRA ROQUE";"LÉO PÉRICLES";"#NULO";"12";"APTO";"2";"DEFERIDO";"-3";"#NE";"-3";"#NE";"-3";"#NE";"PARTIDO ISOLADO";"80";"UP";"Unidade Popular";"-1";"#NULO#";"#NULO#";"#NULO#";"280001681181";"PARTIDO ISOLADO";"UP";"N";"4";"Válido";"4";"4";"NÃO ELEITO"
"02/10/2026";"03:16:50";"2022";"2";"Eleição Ordinária";"1";"544";"ELEIÇÃO GERAL FEDERAL 2022";"02/10/2022";"F";"AC";"BR";"BRASIL";"1040";"MARECHAL THAUMATURGO";"4";"1";"Presidente";"280001603612";"30";"LUIZ FELIPE CHAVES D AVILA";"FELIPE D AVILA";"#NULO";"12";"APTO";"2";"DEFERIDO";"-3";"#NE";"-3";"#NE";"-3";"#NE";"PARTIDO ISOLADO";"30";"NOVO";"Partido Novo";"-1";"#NULO#";"#NULO#";"#NULO#";"280001681210";"PARTIDO ISOLADO";"NOVO";"N";"1";"Válido";"1";"4";"NÃO ELEITO"
"02/10/2026";"03:16:50";"2022";"2";"Eleição Ordinária";"1";"544";"ELEIÇÃO GERAL FEDERAL 2022";"02/10/2022";"F";"AC";"BR";"BRASIL";"1090";"MÂNCIO LIMA";"4";"1";"Presidente";"280001607833";"15";"SIMONE NASSAR TEBET";"SIMONE TEBET";"#NULO";"12";"APTO";"2";"DEFERIDO";"-3";"#NE";"-3";"#NE";"-3";"#NE";"COLIGAÇÃO";"15";"MDB";"Movimento Democrático Brasileiro";"-1";"#NULO#";"#NULO#";"#NULO#";"280001681361";"COLIGAÇÃO BRASIL PARA TODOS";"MDB / Federação PSDB Cidadania (PSDB / CIDADANIA) / PODE";"N";"331";"Válido";"331";"4";"NÃO ELEITO"
"02/10/2026";"03:16:50";"2022";"2";"Eleição Ordinária";"1";"544";"ELEIÇÃO GERAL FEDERAL 2022";"02/10/2022";"F";"AC";"BR";"BRASIL";"1392";"RIO BRANCO";"1";"1";"Presidente";"280001607833";"15";"SIMONE NASSAR TEBET";"SIMONE TEBET";"#NULO";"12";"APTO";"2";"DEFERIDO";"-3";"#NE";"-3";"#NE";"-3";"#NE";"COLIGAÇÃO";"15";"MDB";"Movimento Democrático Brasileiro";"-1";"#NULO#";"#NULO#";"#NULO#";"280001681361";"COLIGAÇÃO BRASIL PARA TODOS";"MDB / Federação PSDB Cidadania (PSDB / CIDADANIA) / PODE";"N";"5376";"Válido";"5376";"4";"NÃO ELEITO"
"02/10/2026";"03:16:50";"2022";"2";"Eleição Ordinária";"1";"544";"ELEIÇÃO GERAL FEDERAL 2022";"02/10/2022";"F";"AC";"BR";"BRASIL";"1090";"MÂNCIO LIMA";"4";"1";"Presidente";"280001602702";"80";"LEONARDO PÉRICLES VIEIRA ROQUE";"LÉO PÉRICLES";"#NULO";"12";"APTO";"2";"DEFERIDO";"-3";"#NE";"-3";"#NE";"-3";"#NE";"PARTIDO ISOLADO";"80";"UP";"Unidade Popular";"-1";"#NULO#";"#NULO#";"#NULO#";"280001681181";"PARTIDO ISOLADO";"UP";"N";"1";"Válido";"1";"4";"NÃO ELEITO"
"02/10/2026";"03:16:50";"2022";"2";"Eleição Ordinária";"1";"544";"ELEIÇÃO GERAL FEDERAL 2022";"02/10/2022";"F";"AC";"BR";"BRASIL";"1490";"XAPURI";"2";"1";"Presidente";"280001607829";"13";"LUIZ INÁCIO LULA DA SILVA";"LULA";"#NULO";"12";"APTO";"2";"DEFERIDO";"-3";"#NE";"-3";"#NE";"-3";"#NE";"COLIGAÇÃO";"13";"PT";"Partido dos Trabalhadores";"2";"Federação Brasil da Esperança - FE BRASIL";"PT/PC do B/PV";"PC do B / PT / PV";"280001681359";"COLIGAÇÃO BRASIL DA ESPERANÇA";"Federação Brasil da Esperança - FE BRASIL (PT / PC do B / PV) / SOLIDARIEDADE / Federação PSOL REDE (PSOL / REDE) / PSB / AGIR / AVANTE / PROS";"N";"3774";"Válido";"3774";"6";"2º TURNO"
"02/10/2026";"03:16:50";"2022";"2";"Eleição Ordinária";"1";"544";"ELEIÇÃO GERAL FEDERAL 2022";"02/10/2022";"F";"AC";"BR";"BRASIL";"1015";"CAPIXABA";"2";"1";"Presidente";"280001607829";"13";"LUIZ INÁCIO LULA DA SILVA";"LULA";"#NULO";"12";"APTO";"2";"DEFERIDO";"-3";"#NE";"-3";"#NE";"-3";"#NE";"COLIGAÇÃO";"13";"PT";"Partido dos Trabalhadores";"2";"Federação Brasil da Esperança - FE BRASIL";"PT/PC do B/PV";"PC do B / PT / PV";"280001681359";"COLIGAÇÃO BRASIL DA ESPERANÇA";"Federação Brasil da Esperança - FE BRASIL (PT / PC do B / PV) / SOLIDARIEDADE / Federação PSOL REDE (PSOL / REDE) / PSB / AGIR / AVANTE / PROS";"N";"1630";"Válido";"1630";"6";"2º TURNO"
"02/10/2026";"03:16:50";"2022";"2";"Eleição Ordinária";"1";"544";"ELEIÇÃO GERAL FEDERAL 2022";"02/10/2022";"F";"AC";"BR";"BRASIL";"1392";"RIO BRANCO";"9";"1";"Presidente";"280001607833";"15";"SIMONE NASSAR TEBET";"SIMONE TEBET";"#NULO";"12";"APTO";"2";"DEFERIDO";"-3";"#NE";"-3";"#NE";"-3";"#NE";"COLIGAÇÃO";"15";"MDB";"Movimento Democrático Brasileiro";"-1";"#NULO#";"#NULO#";"#NULO#";"280001681361";"COLIGAÇÃO BRASIL PARA TODOS";"MDB / Federação PSDB Cidadania (PSDB / CIDADANIA) / PODE";"N";"5146";"Válido";"5146";"4";"NÃO ELEITO"
"02/10/2026";"03:16:50";"2022";"2";"Eleição Ordinária";"1";"544";"ELEIÇÃO GERAL FEDERAL 2022";"02/10/2022";"F";"AC";"BR";"BRASIL";"1112";"EPITACIOLÂNDIA";"6";"1";"Presidente";"280001603612";"30";"LUIZ FELIPE CHAVES D AVILA";"FELIPE D AVILA";"#NULO";"12";"APTO";"2";"DEFERIDO";"-3";"#NE";"-3";"#NE";"-3";"#NE";"PARTIDO ISOLADO";"30";"NOVO";"Partido Novo";"-1";"#NULO#";"#NULO#";"#NULO#";"280001681210";"PARTIDO ISOLADO";"NOVO";"N";"4";"Válido";"4";"4";"NÃO ELEITO"
"02/10/2026";"03:16:50";"2022";"2";"Eleição Ordinária";"1";"544";"ELEIÇÃO GERAL FEDERAL 2022";"02/10/2022";"F";"AC";"BR";"BRASIL";"1392";"RIO BRANCO";"9";"1";"Presidente";"280001602702";"80";"LEONARDO PÉRICLES VIEIRA ROQUE";"LÉO PÉRICLES";"#NULO";"12";"APTO";"2";"DEFERIDO";"-3";"#NE";"-3";"#NE";"-3";"#NE";"PARTIDO ISOLADO";"80";"UP";"Unidade Popular";"-1";"#NULO#";"#NULO#";"#NULO#";"280001681181";"PARTIDO ISOLADO";"UP";"N";"24";"Válido";"24";"4";"NÃO ELEITO"
"02/10/2026";"03:16:50";"2022";"2";"Eleição Ordinária";"1";"544";"ELEIÇÃO GERAL FEDERAL 2022";"02/10/2022";"F";"AC";"BR";"BRASIL";"1392";"RIO BRANCO";"1";"1";"Presidente";"280001602702";"80";"LEONARDO PÉRICLES VIEIRA ROQUE";"LÉO PÉRICLES";"#NULO";"12";"APTO";"2";"DEFERIDO";"-3";"#NE";"-3";"#NE";"-3";"#NE";"PARTIDO ISOLADO";"80";"UP";"Unidade Popular";"-1";"#NULO#";"#NULO#";"#NULO#";"280001681181";"PARTIDO ISOLADO";"UP";"N";"28";"Válido";"28";"4";"NÃO ELEITO"
"02/10/2026";"03:16:50";"2022";"2";"Eleição Ordinária";"1";"544";"ELEIÇÃO GERAL FEDERAL 2022";"02/10/2022";"F";"AC";"BR";"BRASIL";"1511";"PLÁCIDO DE CASTRO";"8";"1";"Presidente";"280001603612";"30";"LUIZ FELIPE CHAVES D AVILA";"FELIPE D AVILA";"#NULO";"12";"APTO";"2";"DEFERIDO";"-3";"#NE";"-3";"#NE";"-3";"#NE";"PARTIDO ISOLADO";"30";"NOVO";"Partido Novo";"-1";"#NULO#";"#NULO#";"#NULO#";"280001681210";"PARTIDO ISOLADO";"NOVO";"N";"11";"Válido";"11";"4";"NÃO ELEITO"
"02/10/2026";"03:16:50";"2022";"2";"Eleição Ordinária";"1";"544";"ELEIÇÃO GERAL FEDERAL 2022";"02/10/2022";"F";"AC";"BR";"BRASIL";"1473";"TARAUACÁ";"5";"1";"Presidente";"280001602702";"80";"LEONARDO PÉRICLES VIEIRA ROQUE";"LÉO PÉRICLES";"#NULO";"12";"APTO";"2";"DEFERIDO";"-3";"#NE";"-3";"#NE";"-3";"#NE";"PARTIDO ISOLADO";"80";"UP";"Unidade Popular";"-1";"#NULO#";"#NULO#";"#NULO#";"280001681181";"PARTIDO ISOLADO";"UP";"N";"0";"Válido";"0";"4";"NÃO ELEITO"
"02/10/2026";"03:16:50";"2022";"2";"Eleição Ordinária";"1";"544";"ELEIÇÃO GERAL FEDERAL 2022";"02/10/2022";"F";"AC";"BR";"BRASIL";"1457";"SENA MADUREIRA";"3";"1";"Presidente";"280001603612";"30";"LUIZ FELIPE CHAVES D AVILA";"FELIPE D AVILA";"#NULO";"12";"APTO";"2";"DEFERIDO";"-3";"#NE";"-3";"#NE";"-3";"#NE";"PARTIDO ISOLADO";"30";"NOVO";"Partido Novo";"-1";"#NULO#";"#NULO#";"#NULO#";"280001681210";"PARTIDO ISOLADO";"NOVO";"N";"23";"Válido";"23";"4";"NÃO ELEITO"
"02/10/2026";"03:16:50";"2022";"2";"Eleição Ordinária";"1";"544";"ELEIÇÃO GERAL FEDERAL 2022";"02/10/2022";"F";"AC";"BR";"BRASIL";"1074";"CRUZEIRO DO SUL";"4";"1";"Presidente";"280001607829";"13";"LUIZ INÁCIO LULA DA SILVA";"LULA";"#NULO";"12";"APTO";"2";"DEFERIDO";"-3";"#NE";"-3";"#NE";"-3";"#NE";"COLIGAÇÃO";"13";"PT";"Partido dos Trabalhadores";"2";"Federação Brasil da Esperança - FE BRASIL";"PT/PC do B/PV";"PC do B / PT / PV";"280001681359";"COLIGAÇÃO BRASIL DA ESPERANÇA";"Federação Brasil da Esperança - FE BRASIL (PT / PC do B / PV) / SOLIDARIEDADE / Federação PSOL REDE (PSOL / REDE) / PSB / AGIR / AVANTE / PROS";"N";"10770";"Válido";"10770";"6";"2º TURNO"
"02/10/2026";"03:16:50";"2022";"2";"Eleição Ordinária";"1";"544";"ELEIÇÃO GERAL FEDERAL 2022";"02/10/2022";"F";"AC";"BR";"BRASIL";"1040";"MARECHAL THAUMATURGO";"4";"1";"Presidente";"280001607833";"15";"SIMONE NASSAR TEBET";"SIMONE TEBET";"#NULO";"12";"APTO";"2";"DEFERIDO";"-3";"#NE";"-3";"#NE";"-3";"#NE";"COLIGAÇÃO";"15";"MDB";"Movimento Democrático Brasileiro";"-1";"#NULO#";"#NULO#";"#NULO#";"280001681361";"COLIGAÇÃO BRASIL PARA TODOS";"MDB / Federação PSDB Cidadania (PSDB / CIDADANIA) / PODE";"N";"433";"Válido";"433";"4";"NÃO ELEITO"
"02/10/2026";"03:16:50";"2022";"2";"Eleição Ordinária";"1";"544";"ELEIÇÃO GERAL FEDERAL 2022";"02/10/2022";"F";"AC";"BR";"BRASIL";"1104";"JORDÃO";"5";"1";"Presidente";"280001607829";"13";"LUIZ INÁCIO LULA DA SILVA";"LULA";"#NULO";"12";"APTO";"2";"DEFERIDO";"-3";"#NE";"-3";"#NE";"-3";"#NE";"COLIGAÇÃO";"13";"PT";"Partido dos Trabalhadores";"2";"Federação Brasil da Esperança - FE BRASIL";"PT/PC do B/PV";"PC do B / PT / PV";"280001681359";"COLIGAÇÃO BRASIL DA ESPERANÇA";"Federação Brasil da Esperança - FE BRASIL (PT / PC do B / PV) / SOLIDARIEDADE / Federação PSOL REDE (PSOL / REDE) / PSB / AGIR / AVANTE / PROS";"N";"2213";"Válido";"2213";"6";"2º TURNO"
"02/10/2026";"03:16:50";"2022";"2";"Eleição Ordinária";"1";"544";"ELEIÇÃO GERAL FEDERAL 2022";"02/10/2022";"F";"AC";"BR";"BRASIL";"1473";"TARAUACÁ";"5";"1";"Presidente";"280001607833";"15";"SIMONE NASSAR TEBET";"SIMONE TEBET";"#NULO";"12";"APTO";"2";"DEFERIDO";"-3";"#NE";"-3";"#NE";"-3";"#NE";"COLIGAÇÃO";"15";"MDB";"Movimento Democrático Brasileiro";"-1";"#NULO#";"#NULO#";"#NULO#";"280001681361";"COLIGAÇÃO BRASIL PARA TODOS";"MDB / Federação PSDB Cidadania (PSDB / CIDADANIA) / PODE";"N";"671";"Válido";"671";"4";"NÃO ELEITO"
"02/10/2026";"03:16:50";"2022";"2";"Eleição Ordinária";"1";"544";"ELEIÇÃO GERAL FEDERAL 2022";"02/10/2022";"F";"AC";"BR";"BRASIL";"1040";"MARECHAL THAUMATURGO";"4";"1";"Presidente";"280001602702";"80";"LEONARDO PÉRICLES VIEIRA ROQUE";"LÉO PÉRICLES";"#NULO";"12";"APTO";"2";"DEFERIDO";"-3";"#NE";"-3";"#NE";"-3";"#NE";"PARTIDO ISOLADO";"80";"UP";"Unidade Popular";"-1";"#NULO#";"#NULO#";"#NULO#";"280001681181";"PARTIDO ISOLADO";"UP";"N";"1";"Válido";"1";"4";"NÃO ELEITO"
"02/10/2026";"03:16:50";"2022";"2";"Eleição Ordinária";"1";"544";"ELEIÇÃO GERAL FEDERAL 2022";"02/10/2022";"F";"AC";"BR";"BRASIL";"1511";"PLÁCIDO DE CASTRO";"8";"1";"Presidente";"280001602702";"80";"LEONARDO PÉRICLES VIEIRA ROQUE";"LÉO PÉRICLES";"#NULO";"12";"APTO";"2";"DEFERIDO";"-3";"#NE";"-3";"#NE";"-3";"#NE";"PARTIDO ISOLADO";"80";"UP";"Unidade Popular";"-1";"#NULO#";"#NULO#";"#NULO#";"280001681181";"PARTIDO ISOLADO";"UP";"N";"0";"Válido";"0";"4";"NÃO ELEITO"
"02/10/2026";"03:16:50";"2022";"2";"Eleição Ordinária";"1";"544";"ELEIÇÃO GERAL FEDERAL 2022";"02/10/2022";"F";"AC";"BR";"BRASIL";"1511";"PLÁCIDO DE CASTRO";"8";"1";"Presidente";"280001607833";"15";"SIMONE NASSAR TEBET";"SIMONE TEBET";"#NULO";"12";"APTO";"2";"DEFERIDO";"-3";"#NE";"-3";"#NE";"-3";"#NE";"COLIGAÇÃO";"15";"MDB";"Movimento Democrático Brasileiro";"-1";"#NULO#";"#NULO#";"#NULO#";"280001681361";"COLIGAÇÃO BRASIL PARA TODOS";"MDB / Federação PSDB Cidadania (PSDB / CIDADANIA) / PODE";"N";"489";"Válido";"489";"4";"NÃO ELEITO"
"02/10/2026";"03:16:50";"2022";"2";"Eleição Ordinária";"1";"544";"ELEIÇÃO GERAL FEDERAL 2022";"02/10/2022";"F";"AC";"BR";"BRASIL";"1112";"EPITACIOLÂNDIA";"6";"1";"Presidente";"280001607833";"15";"SIMONE NASSAR TEBET";"SIMONE TEBET";"#NULO";"12";"APTO";"2";"DEFERIDO";"-3";"#NE";"-3";"#NE";"-3";"#NE";"COLIGAÇÃO";"15";"MDB";"Movimento Democrático Brasileiro";"-1";"#NULO#";"#NULO#";"#NULO#";"280001681361";"COLIGAÇÃO BRASIL PARA TODOS";"MDB / Federação PSDB Cidadania (PSDB / CIDADANIA) / PODE";"N";"377";"Válido";"377";"4";"NÃO ELEITO"
"02/10/2026";"03:16:50";"2022";"2";"Eleição Ordinária";"1";"544";"ELEIÇÃO GERAL FEDERAL 2022";"02/10/2022";"F";"AC";"BR";"BRASIL";"1392";"RIO BRANCO";"1";"1";"Presidente";"280001607829";"13";"LUIZ INÁCIO LULA DA SILVA";"LULA";"#NULO";"12";"APTO";"2";"DEFERIDO";"-3";"#NE";"-3";"#NE";"-3";"#NE";"COLIGAÇÃO";"13";"PT";"Partido dos Trabalhadores";"2";"Federação Brasil da Esperança - FE BRASIL";"PT/PC do B/PV";"PC do B / PT / PV";"280001681359";"COLIGAÇÃO BRASIL DA ESPERANÇA";"Federação Brasil da Esperança - FE BRASIL (PT / PC do B / PV) / SOLIDARIEDADE / Federação PSOL REDE (PSOL / REDE) / PSB / AGIR / AVANTE / PROS";"N";"27010";"Válido";"27010";"6";"2º TURNO"
"02/10/2026";"03:16:50";"2022";"2";"Eleição Ordinária";"1";"544";"ELEIÇÃO GERAL FEDERAL 2022";"02/10/2022";"F";"AC";"BR";"BRASIL";"1112";"EPITACIOLÂNDIA";"6";"1";"Presidente";"280001602702";"80";"LEONARDO PÉRICLES VIEIRA ROQUE";"LÉO PÉRICLES";"#NULO";"12";"APTO";"2";"DEFERIDO";"-3";"#NE";"-3";"#NE";"-3";"#NE";"PARTIDO ISOLADO";"80";"UP";"Unidade Popular";"-1";"#NULO#";"#NULO#";"#NULO#";"280001681181";"PARTIDO ISOLADO";"UP";"N";"1";"Válido";"1";"4";"NÃO ELEITO"
"02/10/2026";"03:16:50";"2022";"2";"Eleição Ordinária";"1";"544";"ELEIÇÃO GERAL FEDERAL 2022";"02/10/2022";"F";"AC";"BR";"BRASIL";"1392";"RIO BRANCO";"9";"1";"Presidente";"280001607829";"13";"LUIZ INÁCIO LULA DA SILVA";"LULA";"#NULO";"12";"APTO";"2";"DEFERIDO";"-3";"#NE";"-3";"#NE";"-3";"#NE";"COLIGAÇÃO";"13";"PT";"Partido dos Trabalhadores";"2";"Federação Brasil da Esperança - FE BRASIL";"PT/PC do B/PV";"PC do B / PT / PV";"280001681359";"COLIGAÇÃO BRASIL DA ESPERANÇA";"Federação Brasil da Esperança - FE BRASIL (PT / PC do B / PV) / SOLIDARIEDADE / Federação PSOL REDE (PSOL / REDE) / PSB / AGIR / AVANTE / PROS";"N";"26550";"Válido";"26550";"6";"2º TURNO"
"02/10/2026";"03:16:50";"2022";"2";"Eleição Ordinária";"1";"544";"ELEIÇÃO GERAL FEDERAL 2022";"02/10/2022";"F";"AC";"BR";"BRASIL";"1090";"MÂNCIO LIMA";"4";"1";"Presidente";"280001607829";"13";"LUIZ INÁCIO LULA DA SILVA";"LULA";"#NULO";"12";"APTO";"2";"DEFERIDO";"-3";"#NE";"-3";"#NE";"-3";"#NE";"COLIGAÇÃO";"13";"PT";"Partido dos Trabalhadores";"2";"Federação Brasil da Esperança - FE BRASIL";"PT/PC do B/PV";"PC do B / PT / PV";"280001681359";"COLIGAÇÃO BRASIL DA ESPERANÇA";"Federação Brasil da Esperança - FE BRASIL (PT / PC do B / PV) / SOLIDARIEDADE / Federação PSOL REDE (PSOL / REDE) / PSB / AGIR / AVANTE / PROS";"N";"3236";"Válido";"3236";"6";"2º TURNO"
"02/10/2026";"03:16:50";"2022";"2";"Eleição Ordinária";"1";"544";"ELEIÇÃO GERAL FEDERAL 2022";"02/10/2022";"F";"AC";"BR";"BRASIL";"1040";"MARECHAL THAUMATURGO";"4";"1";"Presidente";"280001607829";"13";"LUIZ INÁCIO LULA DA SILVA";"LULA";"#NULO";"12";"APTO";"2";"DEFERIDO";"-3";"#NE";"-3";"#NE";"-3";"#NE";"COLIGAÇÃO";"13";"PT";"Partido dos Trabalhadores";"2";"Federação Brasil da Esperança - FE BRASIL";"PT/PC do B/PV";"PC do B / PT / PV";"280001681359";"COLIGAÇÃO BRASIL DA ESPERANÇA";"Federação Brasil da Esperança - FE BRASIL (PT / PC do B / PV) / SOLIDARIEDADE / Federação PSOL REDE (PSOL / REDE) / PSB / AGIR / AVANTE / PROS";"N";"3238";"Válido";"3238";"6";"2º TURNO"
"02/10/2026";"03:16:50";"2022";"2";"Eleição Ordinária";"1";"544";"ELEIÇÃO GERAL FEDERAL 2022";"02/10/2022";"F";"AC";"BR";"BRASIL";"1473";"TARAUACÁ";"5";"1";"Presidente";"280001607829";"13";"LUIZ INÁCIO LULA DA SILVA";"LULA";"#NULO";"12";"APTO";"2";"DEFERIDO";"-3";"#NE";"-3";"#NE";"-3";"#NE";"COLIGAÇÃO";"13";"PT";"Partido dos Trabalhadores";"2";"Federação Brasil da Esperança - FE BRASIL";"PT/PC do B/PV";"PC do B / PT / PV";"280001681359";"COLIGAÇÃO BRASIL DA ESPERANÇA";"Federação Brasil da Esperança - FE BRASIL (PT / PC do B / PV) / SOLIDARIEDADE / Federação PSOL REDE (PSOL / REDE) / PSB / AGIR / AVANTE / PROS";"N";"8042";"Válido";"8042";"6";"2º TURNO"
"02/10/2026";"03:16:50";"2022";"2";"Eleição Ordinária";"1";"544";"ELEIÇÃO GERAL FEDERAL 2022";"02/10/2022";"F";"AC";"BR";"BRASIL";"1511";"PLÁCIDO DE CASTRO";"8";"1";"Presidente";"280001607829";"13";"LUIZ INÁCIO LULA DA SILVA";"LULA";"#NULO";"12";"APTO";"2";"DEFERIDO";"-3";"#NE";"-3";"#NE";"-3";"#NE";"COLIGAÇÃO";"13";"PT";"Partido dos Trabalhadores";"2";"Federação Brasil da Esperança - FE BRASIL";"PT/PC do B/PV";"PC do B / PT / PV";"280001681359";"COLIGAÇÃO BRASIL DA ESPERANÇA";"Federação Brasil da Esperança - FE BRASIL (PT / PC do B / PV) / SOLIDARIEDADE / Federação PSOL REDE (PSOL / REDE) / PSB / AGIR / AVANTE / PROS";"N";"2442";"Válido";"2442";"6";"2º TURNO"
"02/10/2026";"03:16:50";"2022";"2";"Eleição Ordinária";"1";"544";"ELEIÇÃO GERAL FEDERAL 2022";"02/10/2022";"F";"AC";"BR";"BRASIL";"1112";"EPITACIOLÂNDIA";"6";"1";"Presidente";"280001607829";"13";"LUIZ INÁCIO LULA DA SILVA";"LULA";"#NULO";"12";"APTO";"2";"DEFERIDO";"-3";"#NE";"-3";"#NE";"-3";"#NE";"COLIGAÇÃO";"13";"PT";"Partido dos Trabalhadores";"2";"Federação Brasil da Esperança - FE BRASIL";"PT/PC do B/PV";"PC do B / PT / PV";"280001681359";"COLIGAÇÃO BRASIL DA ESPERANÇA";"Federação Brasil da Esperança - FE BRASIL (PT / PC do B / PV) / SOLIDARIEDADE / Federação PSOL REDE (PSOL / REDE) / PSB / AGIR / AVANTE / PROS";"N";"2592";"Válido";"2592";"6";"2º TURNO"
